score,target.id,target.approvedSymbol,target.biotype,gwas_credible_sets,clingen,geneburden,GWAS.id,L2G,GCST90043957,GCST90693007,GCST90436075,GCST90480132,GCST90691962,FINNGEN_R12_I9_CORATHER,GCST90692424,GCST90475936,GCST90480198,GCST90475990,GCST90475989,GCST90480197,GCST90475935,GCST90061371,GCST90475991,GCST008474,GCST90480200,FINNGEN_R12_I9_ATHSCLE,GCST90436147,GCST90061372,GCST90018890,GCST90475934,GCST90448086,GCST003154,GCST001231,GCST007435,GCST90480196,GCST90651187,GCST90478009,GCST90061375,GCST90103988,GCST90480199,GCST90480192,GCST90103998,GCST90103995,GCST90103990,GCST90103999,GCST90103996,GWAS.count,name,NCBI.id,list.name,list.count,N.PPI,degree
0.693482443532924,ENSG00000169174,PCSK9,protein_coding,0.905150545308987,NA,NA,GCST90043957/GCST90693007/GCST90436075/GCST90480132/GCST90691962/FINNGEN_R12_I9_CORATHER/GCST90692424/GCST90475936/GCST90475936/FINNGEN_R12_I9_CORATHER/GCST90475936,0.953564405441284/0.953564405441284/0.953564405441284/0.953564405441284/0.953564405441284/0.953564405441284/0.953564405441284/0.953564405441284/0.869248986244202/0.853819608688354/0.71021968126297,0.9535644,0.9535644,0.9535644,0.9535644,0.9535644,0.8538196,0.9535644,0.7102197,NA,NA,NA,NA,NA,NA,NA,NA,NA,NA,NA,NA,NA,NA,NA,NA,NA,NA,NA,NA,NA,NA,NA,NA,NA,NA,NA,NA,NA,NA,4,PCSK9,255738,GWAS,1,156,22
0.597981924773122,ENSG00000130164,LDLR,protein_coding,0.799092091954678,NA,NA,GCST90691962/GCST90475936/GCST90693007/GCST90480198/GCST90475990/GCST90475989/GCST90480197/GCST90475935/GCST90692424/GCST90061371/GCST90475991/GCST008474/FINNGEN_R12_I9_CORATHER/GCST90480200/FINNGEN_R12_I9_CORATHER/GCST90480132/GCST90436075/GCST90043957,0.820005536079407/0.820005536079407/0.820005536079407/0.819560647010803/0.819560647010803/0.819560647010803/0.819560647010803/0.819364845752716/0.813889622688293/0.813034772872925/0.813034772872925/0.813034772872925/0.805612981319427/0.794166207313538/0.794166207313538/0.794166207313538/0.776555120944977/0.776555120944977,0.7765551,0.8200055,0.7765551,0.7941662,0.8200055,0.7941662,0.8138896,0.8200055,0.8195606,0.8195606,0.8195606,0.8195606,0.8193648,0.8130348,0.8130348,0.8130348,0.7941662,NA,NA,NA,NA,NA,NA,NA,NA,NA,NA,NA,NA,NA,NA,NA,NA,NA,NA,NA,NA,NA,8,LDLR,3949,GWAS,1,147,7
0.597981483256009,ENSG00000143921,ABCG8,protein_coding,0.829217001083585,NA,NA,GCST90475936/GCST90475936/GCST90480132/GCST90436075/GCST90692424/GCST90693007/GCST90691962/FINNGEN_R12_I9_CORATHER,0.905997574329376/0.87468034029007/0.868697166442871/0.868697166442871/0.853392899036407/0.853392899036407/0.853392899036407/0.848550796508789,NA,0.8533929,0.8686972,0.8686972,0.8533929,0.8485508,0.8533929,0.8746803,NA,NA,NA,NA,NA,NA,NA,NA,NA,NA,NA,NA,NA,NA,NA,NA,NA,NA,NA,NA,NA,NA,NA,NA,NA,NA,NA,NA,NA,NA,5,ABCG8,64241,GWAS,1,129,15
0.591079350553203,ENSG00000130203,APOE,protein_coding,0.924722379325052,NA,NA,GCST90436075/GCST90480132/FINNGEN_R12_I9_CORATHER/GCST90475936/GCST90043957/GCST90436075/GCST90693007/GCST90691962/GCST90691962/GCST90693007/FINNGEN_R12_I9_CORATHER/GCST90475936/GCST90692424/GCST90475935/GCST90043957,0.964130818843842/0.962726771831512/0.959108471870422/0.958043396472931/0.958043396472931/0.957147896289825/0.956818103790283/0.956818103790283/0.955343961715698/0.955343961715698/0.955049455165863/0.946868360042572/0.946868360042572/0.925600588321686/0.765664219856262,0.7656642,0.955344,0.9571479,0.9627268,0.955344,0.9550495,0.9468684,0.9468684,NA,NA,NA,NA,0.9256006,NA,NA,NA,NA,NA,NA,NA,NA,NA,NA,NA,NA,NA,NA,NA,NA,NA,NA,NA,NA,NA,NA,NA,NA,NA,11,APOE,348,GWAS,1,500,31
0.588352033264912,ENSG00000198670,LPA,protein_coding,0.928099754809815,NA,NA,GCST90475990/GCST90475989/GCST90436075/GCST90692424/GCST90691962/GCST90693007/GCST90475991/GCST90692424/GCST90436075/GCST90043957/GCST90475936/FINNGEN_R12_I9_ATHSCLE/FINNGEN_R12_I9_CORATHER/GCST90691962/GCST90693007/GCST90692424/GCST90043957/GCST90692424/GCST90692424/GCST90436075/GCST90691962/GCST90693007/GCST90475991/GCST90475990/GCST90475936/FINNGEN_R12_I9_CORATHER/FINNGEN_R12_I9_ATHSCLE/FINNGEN_R12_I9_CORATHER/GCST90061371/GCST008474/GCST90475989/GCST90480197/GCST90480200/GCST90480132/GCST90475936/GCST90693007/GCST90475935/GCST90436147/GCST90480198/GCST90475990/GCST90475991/GCST90061372/GCST90692424/GCST90043957/GCST90691962/GCST90018890/GCST90436075/GCST90475936/GCST90692424/GCST90475935/FINNGEN_R12_I9_CORATHER,0.957706212997437/0.930527865886688/0.922370672225952/0.920524895191193/0.920524895191193/0.920524895191193/0.914184093475342/0.865635395050049/0.862590074539185/0.862590074539185/0.862590074539185/0.855723440647125/0.85214227437973/0.85214227437973/0.85214227437973/0.85214227437973/0.840068876743317/0.815848648548126/0.815848648548126/0.79541552066803/0.79541552066803/0.79541552066803/0.791209578514099/0.791209578514099/0.776739239692688/0.774050354957581/0.774050354957581/0.772810935974121/0.761770963668823/0.761770963668823/0.730767607688904/0.706341922283173/0.706341922283173/0.701680064201355/0.695070147514343/0.690698146820068/0.690698146820068/0.690698146820068/0.690698146820068/0.690698146820068/0.690698146820068/0.690698146820068/0.690698146820068/0.690698146820068/0.690698146820068/0.690698146820068/0.690698146820068/0.657708764076233/0.63821667432785/0.622021019458771/0.577341079711914,0.6906981,0.6906981,0.6906981,0.7016801,0.6906981,0.5773411,0.6382167,0.6577088,0.6906981,0.6906981,0.7307676,0.7063419,0.622021,0.761771,0.6906981,0.761771,0.7063419,0.7740504,0.6906981,0.6906981,0.6906981,NA,NA,NA,NA,NA,NA,NA,NA,NA,NA,NA,NA,NA,NA,NA,NA,NA,26,LPA,4018,GWAS,1,110,11
0.582633979368984,ENSG00000134243,SORT1,protein_coding,0.932809771597393,NA,NA,GCST90691962/GCST90693007/GCST90436075/GCST90475934/FINNGEN_R12_I9_CORATHER/GCST90475936/GCST90692424/GCST90480132/GCST90061371/GCST008474/GCST90043957,0.985073506832123/0.985073506832123/0.984855473041534/0.983933329582214/0.983899712562561/0.983709931373596/0.983409881591797/0.982596397399902/0.982528269290924/0.981987178325653/0.97784548997879,0.9778455,0.9850735,0.9848555,0.9825964,0.9850735,0.9838997,0.9834099,0.9837099,NA,NA,NA,NA,NA,0.9825283,NA,0.9819872,NA,NA,NA,NA,NA,0.9839333,NA,NA,NA,NA,NA,NA,NA,NA,NA,NA,NA,NA,NA,NA,NA,NA,10,SORT1,6272,GWAS,1,191,18
0.552752240209903,ENSG00000182511,FES,protein_coding,0.893274070992229,NA,NA,GCST90692424/GCST90691962/GCST90693007/GCST90436075/GCST90043957/FINNGEN_R12_I9_CORATHER/GCST90475936/GCST90480132,0.97348165512085/0.97348165512085/0.97348165512085/0.971627831459045/0.869128286838531/0.856849431991577/0.697268426418304/0.692998945713043,0.8691283,0.9734817,0.9716278,0.6929989,0.9734817,0.8568494,0.9734817,0.6972684,NA,NA,NA,NA,NA,NA,NA,NA,NA,NA,NA,NA,NA,NA,NA,NA,NA,NA,NA,NA,NA,NA,NA,NA,NA,NA,NA,NA,NA,NA,6,FES,2242,GWAS,1,69,0
0.551796983415897,ENSG00000143126,CELSR2,protein_coding,0.902871622110967,NA,NA,GCST90475934/GCST90475936/GCST90061371/GCST90692424/GCST008474/GCST90480132/GCST90693007/GCST90691962/FINNGEN_R12_I9_CORATHER/GCST90436075/GCST90043957,0.960008084774017/0.960008084774017/0.946729779243469/0.944666385650635/0.943902969360352/0.941768825054169/0.925749540328979/0.925749540328979/0.872453689575195/0.758111596107483/0.639498353004456,0.6394984,0.9257495,0.7581116,0.9417688,0.9257495,0.8724537,0.9446664,0.9600081,NA,NA,NA,NA,NA,0.9467298,NA,0.943903,NA,NA,NA,NA,NA,0.9600081,NA,NA,NA,NA,NA,NA,NA,NA,NA,NA,NA,NA,NA,NA,NA,NA,9,CELSR2,1952,GWAS,1,63,15
0.544384996601046,ENSG00000087237,CETP,protein_coding,0.738969377447461,NA,NA,GCST90448086/FINNGEN_R12_I9_CORATHER/GCST90475936,0.908212542533875/0.861146152019501/0.82844489812851,NA,NA,NA,NA,NA,0.8611462,NA,0.8284449,NA,NA,NA,NA,NA,NA,NA,NA,NA,NA,NA,NA,NA,NA,0.9082125,NA,NA,NA,NA,NA,NA,NA,NA,NA,NA,NA,NA,NA,NA,NA,3,CETP,1071,GWAS,1,113,20
0.543183657910415,ENSG00000167772,ANGPTL4,protein_coding,0.854169277073068,NA,NA,FINNGEN_R12_I9_CORATHER/GCST90692424/GCST90475936/GCST90691962/GCST90480132/GCST90693007,0.942734062671661/0.940822124481201/0.940822124481201/0.940822124481201/0.940822124481201/0.940822124481201,NA,0.9408221,NA,0.9408221,0.9408221,0.9427341,0.9408221,0.9408221,NA,NA,NA,NA,NA,NA,NA,NA,NA,NA,NA,NA,NA,NA,NA,NA,NA,NA,NA,NA,NA,NA,NA,NA,NA,NA,NA,NA,NA,NA,2,ANGPTL4,51129,GWAS,1,162,11
0.53990586643962,ENSG00000151617,EDNRA,protein_coding,0.845790836509761,NA,NA,GCST003154/GCST90692424/GCST008474/FINNGEN_R12_I9_CORATHER/GCST90480198/GCST90480200/GCST90480197/GCST90475991/GCST90436075/GCST90475989/GCST90475990/GCST90693007/GCST90691962/FINNGEN_R12_I9_ATHSCLE/GCST90043957/GCST90018890/GCST001231/GCST90480132/GCST90475936/FINNGEN_R12_I9_CORATHER/GCST90692424/FINNGEN_R12_I9_ATHSCLE,0.868616819381714/0.863732159137726/0.863732159137726/0.863732159137726/0.863732159137726/0.863732159137726/0.863732159137726/0.858481287956238/0.856024324893951/0.850793182849884/0.849235117435455/0.823279500007629/0.823279500007629/0.811369776725769/0.810262560844421/0.805369734764099/0.803100049495697/0.769205987453461/0.769205987453461/0.573641002178192/0.546344518661499/0.54222583770752,0.8102626,0.8232795,0.8560243,0.769206,0.8232795,0.573641,0.5463445,0.769206,0.8637322,0.8492351,0.8507932,0.8637322,NA,NA,0.8584813,0.8637322,0.8637322,0.5422258,NA,NA,0.8053697,NA,NA,0.8686168,0.8031,NA,NA,NA,NA,NA,NA,NA,NA,NA,NA,NA,NA,NA,15,EDNRA,1909,GWAS,1,127,6
0.538291116109976,ENSG00000187498,COL4A1,protein_coding,0.879983736570364,NA,NA,GCST90061371/GCST90475936/GCST008474/GCST90692424/GCST90043957/GCST90693007/FINNGEN_R12_I9_CORATHER/GCST90475936/GCST90691962/GCST90043957/GCST90692424/GCST90475936/GCST90693007/GCST90691962/FINNGEN_R12_I9_CORATHER/FINNGEN_R12_I9_CORATHER/GCST90475936,0.911422908306122/0.9097580909729/0.894239544868469/0.890464842319489/0.890464842319489/0.890243232250214/0.890243232250214/0.890243232250214/0.890243232250214/0.88926088809967/0.874660551548004/0.810210704803467/0.807209134101868/0.802655100822449/0.800390481948853/0.597247362136841/0.590930759906769,0.8892609,0.8072091,NA,NA,0.8026551,0.5972474,0.8746606,0.5909308,NA,NA,NA,NA,NA,0.9114229,NA,0.8942395,NA,NA,NA,NA,NA,NA,NA,NA,NA,NA,NA,NA,NA,NA,NA,NA,NA,NA,NA,NA,NA,NA,13,COL4A1,1282,GWAS,1,194,8
0.533663905915879,ENSG00000165757,JCAD,protein_coding,0.868143697688265,NA,NA,FINNGEN_R12_I9_CORATHER/GCST90475936/GCST90691962/GCST90693007/GCST90480132/GCST90692424/GCST90436075,0.955677568912506/0.933344066143036/0.916535258293152/0.916535258293152/0.916535258293152/0.899236023426056/0.894543170928955,NA,0.9165353,0.8945432,0.9165353,0.9165353,0.9556776,0.899236,0.9333441,NA,NA,NA,NA,NA,NA,NA,NA,NA,NA,NA,NA,NA,NA,NA,NA,NA,NA,NA,NA,NA,NA,NA,NA,NA,NA,NA,NA,NA,NA,5,JCAD,57608,GWAS,1,24,4
0.528144762214704,ENSG00000182218,HHIPL1,protein_coding,0.851598977493025,NA,NA,FINNGEN_R12_I9_CORATHER/FINNGEN_R12_I9_ATHSCLE/FINNGEN_R12_I9_CORATHER/GCST90475936/GCST90480132/GCST90475936/FINNGEN_R12_I9_CORATHER,0.938450872898102/0.926234364509583/0.910071611404419/0.887848436832428/0.879803597927094/0.849587023258209/0.754835724830627,NA,NA,NA,0.8798036,NA,0.7548357,NA,0.849587,NA,NA,NA,NA,NA,NA,NA,NA,NA,0.9262344,NA,NA,NA,NA,NA,NA,NA,NA,NA,NA,NA,NA,NA,NA,NA,NA,NA,NA,NA,NA,7,HHIPL1,84439,GWAS,1,12,8
0.520461470325811,ENSG00000091732,ZC3HC1,protein_coding,0.853696318725025,NA,NA,FINNGEN_R12_I9_CORATHER/GCST90475936/GCST90693007/GCST90691962/GCST90692424/GCST90480132,0.943114280700684/0.943114280700684/0.933780610561371/0.933780610561371/0.933780610561371/0.932646811008453,NA,0.9337806,NA,0.9326468,0.9337806,0.9431143,0.9337806,0.9431143,NA,NA,NA,NA,NA,NA,NA,NA,NA,NA,NA,NA,NA,NA,NA,NA,NA,NA,NA,NA,NA,NA,NA,NA,NA,NA,NA,NA,NA,NA,3,ZC3HC1,51530,GWAS,1,37,12
0.515333618113823,ENSG00000198732,SMOC1,protein_coding,0.846316826622549,NA,NA,GCST90475991/GCST90480197/GCST90480198/GCST90480200/GCST90061371,0.963789403438568/0.963582396507263/0.958706915378571/0.95614892244339/0.528990387916565,NA,NA,NA,NA,NA,NA,NA,NA,0.9587069,NA,NA,0.9635824,NA,0.5289904,0.9637894,NA,0.9561489,NA,NA,NA,NA,NA,NA,NA,NA,NA,NA,NA,NA,NA,NA,NA,NA,NA,NA,NA,NA,NA,5,SMOC1,64093,GWAS,1,32,0
0.514491947056703,ENSG00000147883,CDKN2B,protein_coding,0.806290460581083,NA,NA,GCST007435/GCST90692424/GCST007435/GCST90480196/GCST90693007/GCST90691962/GCST90480132/FINNGEN_R12_I9_CORATHER/GCST90475991/GCST90475990/GCST90475989/GCST90043957/GCST90480200/GCST90692424/GCST90480197/GCST90475934/GCST90480198/GCST90651187/FINNGEN_R12_I9_ATHSCLE/GCST90436075/GCST90061372/GCST90018890/GCST90478009/GCST008474/GCST90061371/GCST90475936,0.864230453968048/0.82355672121048/0.733833491802216/0.714345276355743/0.713524281978607/0.713524281978607/0.71259218454361/0.71259218454361/0.711328387260437/0.711328387260437/0.711328387260437/0.70415472984314/0.701603949069977/0.700057208538055/0.691411197185516/0.691411197185516/0.68780517578125/0.687235116958618/0.665851593017578/0.662636458873749/0.658360779285431/0.646535158157349/0.622893452644348/0.530157923698425/0.530157923698425/0.508639395236969,0.7041547,0.7135243,0.6626365,0.7125922,0.7135243,0.7125922,0.7000572,0.5086394,0.6878052,0.7113284,0.7113284,0.6914112,NA,0.5301579,0.7113284,0.5301579,0.7016039,0.6658516,NA,0.6583608,0.6465352,0.6914112,NA,NA,NA,0.7338335,0.7143453,0.6872351,0.6228935,NA,NA,NA,NA,NA,NA,NA,NA,NA,20,CDKN2B,1030,GWAS,1,169,11
0.514305517908343,ENSG00000175003,SLC22A1,protein_coding,0.842544361217882,NA,NA,GCST90692424/GCST90692424/GCST90480200/GCST90480198/GCST90480197,0.909127414226532/0.655100703239441/0.536329627037048/0.524383723735809/0.503206431865692,NA,NA,NA,NA,NA,NA,0.6551007,NA,0.5243837,NA,NA,0.5032064,NA,NA,NA,NA,0.5363296,NA,NA,NA,NA,NA,NA,NA,NA,NA,NA,NA,NA,NA,NA,NA,NA,NA,NA,NA,NA,NA,5,SLC22A1,6580,GWAS,1,80,4
0.504691255647955,ENSG00000134871,COL4A2,protein_coding,0.828149148252722,NA,NA,GCST90475936/GCST90475936/FINNGEN_R12_I9_ATHSCLE/GCST90692424/GCST90691962/GCST90475935/GCST90693007/GCST90475936/FINNGEN_R12_I9_CORATHER/GCST90480132,0.892035007476807/0.880109488964081/0.734199643135071/0.728807866573334/0.728807866573334/0.728807866573334/0.728807866573334/0.699182987213135/0.699182987213135/0.699182987213135,NA,0.7288079,NA,0.699183,0.7288079,0.699183,0.7288079,0.699183,NA,NA,NA,NA,0.7288079,NA,NA,NA,NA,0.7341996,NA,NA,NA,NA,NA,NA,NA,NA,NA,NA,NA,NA,NA,NA,NA,NA,NA,NA,NA,NA,5,COL4A2,1284,GWAS,1,175,10
0.499693389370546,ENSG00000164116,GUCY1A1,protein_coding,0.790575869384209,NA,NA,GCST90475936/GCST90692424/GCST90691962/GCST90693007/GCST90480132,0.880698442459106/0.849213242530823/0.830949485301971/0.830949485301971/0.786764800548553,NA,0.8309495,NA,0.7867648,0.8309495,NA,0.8492132,0.8806984,NA,NA,NA,NA,NA,NA,NA,NA,NA,NA,NA,NA,NA,NA,NA,NA,NA,NA,NA,NA,NA,NA,NA,NA,NA,NA,NA,NA,NA,NA,4,GUCY1A1,2982,GWAS,1,53,3
0.497489190381291,ENSG00000135100,HNF1A,protein_coding,0.814453036496602,NA,NA,GCST90043957/GCST90475936/GCST90692424/GCST90691962/GCST90693007/GCST90480132/GCST90436075,0.906112968921661/0.902443766593933/0.833484411239624/0.767466306686401/0.767466306686401/0.763424813747406/0.759919941425323,0.906113,0.7674663,0.7599199,0.7634248,0.7674663,NA,0.8334844,0.9024438,NA,NA,NA,NA,NA,NA,NA,NA,NA,NA,NA,NA,NA,NA,NA,NA,NA,NA,NA,NA,NA,NA,NA,NA,NA,NA,NA,NA,NA,NA,6,HNF1A,6927,GWAS,1,171,7
0.496973590698787,ENSG00000147889,CDKN2A,protein_coding,0.777973668388726,NA,NA,GCST90475936/GCST90691962/GCST90693007/GCST90692424,0.864230453968048/0.864230453968048/0.864230453968048/0.857148587703705,NA,0.8642305,NA,NA,0.8642305,NA,0.8571486,0.8642305,NA,NA,NA,NA,NA,NA,NA,NA,NA,NA,NA,NA,NA,NA,NA,NA,NA,NA,NA,NA,NA,NA,NA,NA,NA,NA,NA,NA,NA,NA,2,CDKN2A,1029,GWAS,1,500,19
0.495079150430588,ENSG00000115414,FN1,protein_coding,0.776323818838226,NA,NA,GCST90475936/FINNGEN_R12_I9_CORATHER/GCST90475936,0.96484649181366/0.961723387241364/0.645447552204132,NA,NA,NA,NA,NA,0.9617234,NA,0.6454476,NA,NA,NA,NA,NA,NA,NA,NA,NA,NA,NA,NA,NA,NA,NA,NA,NA,NA,NA,NA,NA,NA,NA,NA,NA,NA,NA,NA,NA,NA,3,FN1,2335,GWAS,1,500,32
0.493905461041161,ENSG00000124762,CDKN1A,protein_coding,0.789345967985416,NA,NA,GCST90475936/FINNGEN_R12_I9_ATHSCLE/FINNGEN_R12_I9_CORATHER/GCST90480132,0.913402855396271/0.910646319389343/0.910646319389343/0.898669123649597,NA,NA,NA,0.8986691,NA,0.9106463,NA,0.9134029,NA,NA,NA,NA,NA,NA,NA,NA,NA,0.9106463,NA,NA,NA,NA,NA,NA,NA,NA,NA,NA,NA,NA,NA,NA,NA,NA,NA,NA,NA,NA,3,CDKN1A,1026,GWAS,1,500,8
0.493254662883489,ENSG00000111252,SH2B3,protein_coding,0.800772845267219,NA,NA,GCST90475936/GCST90480132/GCST90475991/GCST90061375/FINNGEN_R12_I9_CORATHER,0.89773017168045/0.847999513149261/0.794187724590302/0.679804742336273/0.621227920055389,NA,NA,NA,0.8479995,NA,0.6212279,NA,0.8977302,NA,NA,NA,NA,NA,NA,0.7941877,NA,NA,NA,NA,NA,NA,NA,NA,NA,NA,NA,NA,NA,NA,0.6798047,NA,NA,NA,NA,NA,NA,NA,NA,5,SH2B3,10019,GWAS,1,100,4
0.49173831312226,ENSG00000148737,TCF7L2,protein_coding,0.790338619306132,NA,NA,GCST90480132/GCST90480198/GCST008474/GCST90061371/GCST90480200/GCST90480196/GCST90475936,0.844633221626282/0.843482673168182/0.84302282333374/0.84302282333374/0.84302282333374/0.84078049659729/0.830719470977783,NA,NA,NA,0.8446332,NA,NA,NA,0.8307195,0.8434827,NA,NA,NA,NA,0.8430228,NA,0.8430228,0.8430228,NA,NA,NA,NA,NA,NA,NA,NA,NA,0.8407805,NA,NA,NA,NA,NA,NA,NA,NA,NA,NA,NA,5,TCF7L2,6934,GWAS,1,247,10
0.479757823578632,ENSG00000107798,LIPA,protein_coding,0.777143210169449,NA,NA,GCST90480132/GCST90475936/FINNGEN_R12_I9_CORATHER,0.942086100578308/0.941234767436981/0.908520996570587,NA,NA,NA,0.9420861,NA,0.908521,NA,0.9412348,NA,NA,NA,NA,NA,NA,NA,NA,NA,NA,NA,NA,NA,NA,NA,NA,NA,NA,NA,NA,NA,NA,NA,NA,NA,NA,NA,NA,NA,NA,3,LIPA,3988,GWAS,1,61,8
0.47929663689739,ENSG00000262406,MMP12,protein_coding,0.772311070492914,NA,NA,GCST90480198/GCST90475989/GCST90475990/GCST90475991,0.932611048221588/0.796649992465973/0.779294490814209/0.745814502239227,NA,NA,NA,NA,NA,NA,NA,NA,0.932611,0.7792945,0.79665,NA,NA,NA,0.7458145,NA,NA,NA,NA,NA,NA,NA,NA,NA,NA,NA,NA,NA,NA,NA,NA,NA,NA,NA,NA,NA,NA,NA,4,MMP12,4321,GWAS,1,124,8
0.473175587917918,ENSG00000162407,PLPP3,protein_coding,0.75787131677532,NA,NA,FINNGEN_R12_I9_CORATHER/GCST90692424/GCST90043957/GCST90691962/GCST90693007/FINNGEN_R12_I9_CORATHER/GCST90475936/GCST90480132/GCST90436075,0.820993304252625/0.785590589046478/0.769753277301788/0.769136071205139/0.769136071205139/0.740894496440887/0.739041030406952/0.71564769744873/0.712207019329071,0.7697533,0.7691361,0.712207,0.7156477,0.7691361,0.7408945,0.7855906,0.739041,NA,NA,NA,NA,NA,NA,NA,NA,NA,NA,NA,NA,NA,NA,NA,NA,NA,NA,NA,NA,NA,NA,NA,NA,NA,NA,NA,NA,NA,NA,8,PLPP3,8613,GWAS,1,100,3
0.469234933001544,ENSG00000212710,CTAGE1,protein_coding,0.771855834323624,NA,NA,GCST90475936/GCST90103988/GCST90475936,0.912104606628418/0.883045375347137/0.769330859184265,NA,NA,NA,NA,NA,NA,NA,0.7693309,NA,NA,NA,NA,NA,NA,NA,NA,NA,NA,NA,NA,NA,NA,NA,NA,NA,NA,NA,NA,NA,NA,0.8830454,NA,NA,NA,NA,NA,NA,NA,3,CTAGE1,64693,GWAS,1,9,0
0.468116016994599,ENSG00000118526,TCF21,protein_coding,0.749313626980531,NA,NA,FINNGEN_R12_I9_CORATHER/GCST90480132/GCST90693007/GCST90691962/GCST90692424/GCST90475936/GCST90436075/GCST90043957/FINNGEN_R12_I9_CORATHER/GCST90475936,0.800604104995728/0.795558333396912/0.794333755970001/0.794333755970001/0.791113436222076/0.790697574615479/0.782455325126648/0.778508484363556/0.645184338092804/0.545889556407928,0.7785085,0.7943338,0.7824553,0.7955583,0.7943338,0.6451843,0.7911134,0.5458896,NA,NA,NA,NA,NA,NA,NA,NA,NA,NA,NA,NA,NA,NA,NA,NA,NA,NA,NA,NA,NA,NA,NA,NA,NA,NA,NA,NA,NA,NA,9,TCF21,6943,GWAS,1,53,3
0.465865115625033,ENSG00000112137,PHACTR1,protein_coding,0.751995204337227,NA,NA,GCST90480197/GCST90480198/FINNGEN_R12_I9_ATHSCLE/GCST90475934/GCST90475990/GCST90475991/GCST90691962/GCST90436075/GCST90475936/GCST90693007/GCST90692424/GCST90043957/GCST90480132/FINNGEN_R12_I9_CORATHER,0.785650253295898/0.785650253295898/0.785650253295898/0.785650253295898/0.785650253295898/0.780381202697754/0.773119866847992/0.773119866847992/0.773119866847992/0.773119866847992/0.773119866847992/0.773119866847992/0.773119866847992/0.773119866847992,0.7731199,0.7731199,0.7731199,0.7731199,0.7731199,0.7731199,0.7731199,0.7731199,0.7856503,0.7856503,NA,0.7856503,NA,NA,0.7803812,NA,NA,0.7856503,NA,NA,NA,0.7856503,NA,NA,NA,NA,NA,NA,NA,NA,NA,NA,NA,NA,NA,NA,NA,NA,3,PHACTR1,221692,GWAS,1,41,11
0.465066407723794,ENSG00000165029,ABCA1,protein_coding,0.723075106505808,NA,NA,GCST90475936/GCST90480199,0.888899624347687/0.818464875221252,NA,NA,NA,NA,NA,NA,NA,0.8888996,NA,NA,NA,NA,NA,NA,NA,NA,NA,NA,NA,NA,NA,NA,NA,NA,NA,NA,NA,NA,NA,NA,NA,0.8184649,NA,NA,NA,NA,NA,NA,2,ABCA1,19,GWAS,1,227,15
0.465064571393717,ENSG00000154305,MIA3,protein_coding,0.760625015534142,NA,NA,GCST90693007/GCST90691962/GCST90436075/GCST90692424/GCST90043957/FINNGEN_R12_I9_CORATHER/GCST90480132,0.82712984085083/0.82712984085083/0.823419451713562/0.821983695030212/0.751416444778442/0.749054610729218/0.749054610729218,0.7514164,0.8271298,0.8234195,0.7490546,0.8271298,0.7490546,0.8219837,NA,NA,NA,NA,NA,NA,NA,NA,NA,NA,NA,NA,NA,NA,NA,NA,NA,NA,NA,NA,NA,NA,NA,NA,NA,NA,NA,NA,NA,NA,NA,5,MIA3,375056,GWAS,1,76,16
0.46506196247066,ENSG00000138075,ABCG5,protein_coding,0.609176937453718,NA,NA,FINNGEN_R12_I9_CORATHER,0.821654915809631,NA,NA,NA,NA,NA,0.8216549,NA,NA,NA,NA,NA,NA,NA,NA,NA,NA,NA,NA,NA,NA,NA,NA,NA,NA,NA,NA,NA,NA,NA,NA,NA,NA,NA,NA,NA,NA,NA,NA,1,ABCG5,64240,GWAS,1,136,12
0.463539700314148,ENSG00000160712,IL6R,protein_coding,0.755579198844932,NA,NA,GCST90475936/GCST90480132,0.922879576683044/0.88691109418869,NA,NA,NA,0.8869111,NA,NA,NA,0.9228796,NA,NA,NA,NA,NA,NA,NA,NA,NA,NA,NA,NA,NA,NA,NA,NA,NA,NA,NA,NA,NA,NA,NA,NA,NA,NA,NA,NA,NA,NA,2,IL6R,3570,GWAS,1,257,6
0.456922170932896,ENSG00000197249,SERPINA1,protein_coding,0.736110433799493,NA,NA,GCST90480132/GCST90475936,0.969550848007202/0.965179681777954,NA,NA,NA,0.9695508,NA,NA,NA,0.9651797,NA,NA,NA,NA,NA,NA,NA,NA,NA,NA,NA,NA,NA,NA,NA,NA,NA,NA,NA,NA,NA,NA,NA,NA,NA,NA,NA,NA,NA,NA,2,SERPINA1,5265,GWAS,1,332,12
0.453331759325057,ENSG00000136378,ADAMTS7,protein_coding,0.734438883335286,NA,NA,GCST90692424/GCST90480132/GCST90693007/GCST90691962/FINNGEN_R12_I9_CORATHER/GCST90436075/GCST90475936/GCST90691962/GCST90693007/GCST90436075/GCST90043957,0.78508734703064/0.777676582336426/0.771061956882477/0.771061956882477/0.76263040304184/0.751860082149506/0.615525007247925/0.584748506546021/0.584748506546021/0.571626543998718/0.532818078994751,0.5328181,0.5847485,0.5716265,0.7776766,0.5847485,0.7626304,0.7850873,0.615525,NA,NA,NA,NA,NA,NA,NA,NA,NA,NA,NA,NA,NA,NA,NA,NA,NA,NA,NA,NA,NA,NA,NA,NA,NA,NA,NA,NA,NA,NA,9,ADAMTS7,11173,GWAS,1,35,9
0.453167231183229,ENSG00000140564,FURIN,protein_coding,0.737131136984672,NA,NA,GCST90480132/GCST90475936,0.933807849884033/0.929045498371124,NA,NA,NA,0.9338078,NA,NA,NA,0.9290455,NA,NA,NA,NA,NA,NA,NA,NA,NA,NA,NA,NA,NA,NA,NA,NA,NA,NA,NA,NA,NA,NA,NA,NA,NA,NA,NA,NA,NA,NA,2,FURIN,5045,GWAS,1,302,19
0.452930083568313,ENSG00000165895,ARHGAP42,protein_coding,0.743667750789124,NA,NA,GCST90692424/GCST90475936/GCST90693007/GCST90691962,0.86451643705368/0.849935829639435/0.84255313873291/0.84255313873291,NA,0.8425531,NA,NA,0.8425531,NA,0.8645164,0.8499358,NA,NA,NA,NA,NA,NA,NA,NA,NA,NA,NA,NA,NA,NA,NA,NA,NA,NA,NA,NA,NA,NA,NA,NA,NA,NA,NA,NA,NA,NA,3,ARHGAP42,143872,GWAS,1,27,0
0.45147584563842,ENSG00000101665,SMAD7,protein_coding,0.732012691034352,NA,NA,FINNGEN_R12_I9_CORATHER/GCST90475936/GCST90480132,0.890785038471222/0.890161335468292/0.817019283771515,NA,NA,NA,0.8170193,NA,0.890785,NA,0.8901613,NA,NA,NA,NA,NA,NA,NA,NA,NA,NA,NA,NA,NA,NA,NA,NA,NA,NA,NA,NA,NA,NA,NA,NA,NA,NA,NA,NA,NA,NA,3,SMAD7,4092,GWAS,1,219,9
0.45116231979656,ENSG00000136244,IL6,protein_coding,0.703387524399727,NA,NA,GCST90475990,0.737443447113037,NA,NA,NA,NA,NA,NA,NA,NA,NA,0.7374434,NA,NA,NA,NA,NA,NA,NA,NA,NA,NA,NA,NA,NA,NA,NA,NA,NA,NA,NA,NA,NA,NA,NA,NA,NA,NA,NA,NA,1,IL6,3569,GWAS,1,500,29
0.450853363621944,ENSG00000166033,HTRA1,protein_coding,0.739973285476791,NA,NA,GCST90692424/GCST90691962/GCST90693007,0.855688571929932/0.85011351108551/0.85011351108551,NA,0.8501135,NA,NA,0.8501135,NA,0.8556886,NA,NA,NA,NA,NA,NA,NA,NA,NA,NA,NA,NA,NA,NA,NA,NA,NA,NA,NA,NA,NA,NA,NA,NA,NA,NA,NA,NA,NA,NA,NA,2,HTRA1,5654,GWAS,1,64,3
0.449871940710275,ENSG00000185787,MORF4L1,protein_coding,0.74000518229655,NA,NA,GCST90043957/FINNGEN_R12_I9_CORATHER/GCST90475936/GCST90436075/GCST90691962/GCST90693007,0.826399743556976/0.81561940908432/0.806836664676666/0.75920045375824/0.719810664653778/0.719810664653778,0.8263997,0.7198107,0.7592005,NA,0.7198107,0.8156194,NA,0.8068367,NA,NA,NA,NA,NA,NA,NA,NA,NA,NA,NA,NA,NA,NA,NA,NA,NA,NA,NA,NA,NA,NA,NA,NA,NA,NA,NA,NA,NA,NA,5,MORF4L1,10933,GWAS,1,194,1
0.448701219847768,ENSG00000149257,SERPINH1,protein_coding,0.722096644352548,NA,NA,GCST90475936/GCST90480132,0.95071941614151/0.948298931121826,NA,NA,NA,0.9482989,NA,NA,NA,0.9507194,NA,NA,NA,NA,NA,NA,NA,NA,NA,NA,NA,NA,NA,NA,NA,NA,NA,NA,NA,NA,NA,NA,NA,NA,NA,NA,NA,NA,NA,NA,2,SERPINH1,871,GWAS,1,159,5
0.446540013418198,ENSG00000198734,F5,protein_coding,0.729106782153202,NA,NA,GCST90061371/GCST008474,0.941068887710571/0.941068887710571,NA,NA,NA,NA,NA,NA,NA,NA,NA,NA,NA,NA,NA,0.9410689,NA,0.9410689,NA,NA,NA,NA,NA,NA,NA,NA,NA,NA,NA,NA,NA,NA,NA,NA,NA,NA,NA,NA,NA,NA,1,F5,2153,GWAS,1,130,4
0.444619020569297,ENSG00000130479,MAP1S,protein_coding,0.731364527535161,NA,NA,FINNGEN_R12_I9_CORATHER/GCST90475936/GCST90480132,0.901701629161835/0.847797751426697/0.80449241399765,NA,NA,NA,0.8044924,NA,0.9017016,NA,0.8477978,NA,NA,NA,NA,NA,NA,NA,NA,NA,NA,NA,NA,NA,NA,NA,NA,NA,NA,NA,NA,NA,NA,NA,NA,NA,NA,NA,NA,NA,NA,3,MAP1S,55201,GWAS,1,102,1
0.442568828857876,ENSG00000114790,ARHGEF26,protein_coding,0.715887545357658,NA,NA,GCST90480132/FINNGEN_R12_I9_CORATHER/GCST90475936/GCST90043957,0.851158261299133/0.771910309791565/0.768642127513885/0.768642127513885,0.7686421,NA,NA,0.8511583,NA,0.7719103,NA,0.7686421,NA,NA,NA,NA,NA,NA,NA,NA,NA,NA,NA,NA,NA,NA,NA,NA,NA,NA,NA,NA,NA,NA,NA,NA,NA,NA,NA,NA,NA,NA,3,ARHGEF26,26084,GWAS,1,14,0
0.437559312573384,ENSG00000175445,LPL,protein_coding,0.701300747003907,NA,NA,GCST90061371/GCST008474/GCST90480198/GCST90480200/GCST90480132/GCST90475936/GCST90693007/GCST90691962,0.751710653305054/0.751710653305054/0.751710653305054/0.751710653305054/0.743258059024811/0.671578884124756/0.671066462993622/0.671066462993622,NA,0.6710665,NA,0.7432581,0.6710665,NA,NA,0.6715789,0.7517107,NA,NA,NA,NA,0.7517107,NA,0.7517107,0.7517107,NA,NA,NA,NA,NA,NA,NA,NA,NA,NA,NA,NA,NA,NA,NA,NA,NA,NA,NA,NA,NA,4,LPL,4023,GWAS,1,274,20
0.436982388428721,ENSG00000112273,HDGFL1,protein_coding,0.718802847537079,NA,NA,GCST90475936/GCST90480132/FINNGEN_R12_I9_CORATHER,0.879088580608368/0.85640823841095/0.802669167518616,NA,NA,NA,0.8564082,NA,0.8026692,NA,0.8790886,NA,NA,NA,NA,NA,NA,NA,NA,NA,NA,NA,NA,NA,NA,NA,NA,NA,NA,NA,NA,NA,NA,NA,NA,NA,NA,NA,NA,NA,NA,3,HDGFL1,154150,GWAS,1,15,0
0.436874978122297,ENSG00000114054,PCCB,protein_coding,0.71862616573901,NA,NA,GCST90475936/GCST90480132/GCST90692424/GCST90691962/GCST90693007/GCST90436075,0.841825366020203/0.763883590698242/0.653382897377014/0.601595163345337/0.601595163345337/0.540993869304657,NA,0.6015952,0.5409939,0.7638836,0.6015952,NA,0.6533829,0.8418254,NA,NA,NA,NA,NA,NA,NA,NA,NA,NA,NA,NA,NA,NA,NA,NA,NA,NA,NA,NA,NA,NA,NA,NA,NA,NA,NA,NA,NA,NA,5,PCCB,5096,GWAS,1,198,1
0.435093319998546,ENSG00000084674,APOB,protein_coding,0.671052727303737,NA,NA,GCST90475936/GCST90475936,0.95422488451004/0.501777350902557,NA,NA,NA,NA,NA,NA,NA,0.5017774,NA,NA,NA,NA,NA,NA,NA,NA,NA,NA,NA,NA,NA,NA,NA,NA,NA,NA,NA,NA,NA,NA,NA,NA,NA,NA,NA,NA,NA,NA,2,APOB,338,GWAS,1,500,27
0.434454597862549,ENSG00000166949,SMAD3,protein_coding,0.706845176542356,NA,NA,GCST90480132/GCST90691962/GCST90693007/GCST90692424/GCST90475936,0.800096988677979/0.783505856990814/0.783505856990814/0.783505856990814/0.767696678638458,NA,0.7835059,NA,0.800097,0.7835059,NA,0.7835059,0.7676967,NA,NA,NA,NA,NA,NA,NA,NA,NA,NA,NA,NA,NA,NA,NA,NA,NA,NA,NA,NA,NA,NA,NA,NA,NA,NA,NA,NA,NA,NA,3,SMAD3,4088,GWAS,1,500,16
0.431943025824335,ENSG00000112210,RAB23,protein_coding,0.710513478707297,NA,NA,GCST90475936/GCST90691962/GCST90693007/GCST90692424/GCST90475936/GCST90043957/GCST90436075,0.787710309028625/0.741137504577637/0.741137504577637/0.741137504577637/0.738100349903107/0.737285912036896/0.731112003326416,0.7372859,0.7411375,0.731112,NA,0.7411375,NA,0.7411375,0.7381003,NA,NA,NA,NA,NA,NA,NA,NA,NA,NA,NA,NA,NA,NA,NA,NA,NA,NA,NA,NA,NA,NA,NA,NA,NA,NA,NA,NA,NA,NA,5,RAB23,51715,GWAS,1,47,0
0.431654999150663,ENSG00000171132,PRKCE,protein_coding,0.707692408342421,NA,NA,GCST90480132/GCST90475936,0.944494783878326/0.8784219622612,NA,NA,NA,0.9444948,NA,NA,NA,0.878422,NA,NA,NA,NA,NA,NA,NA,NA,NA,NA,NA,NA,NA,NA,NA,NA,NA,NA,NA,NA,NA,NA,NA,NA,NA,NA,NA,NA,NA,NA,2,PRKCE,5581,GWAS,1,142,4
0.425297561786534,ENSG00000143153,ATP1B1,protein_coding,0.699582194975812,NA,NA,GCST90475936/GCST90480132,0.889646649360657/0.840817034244537,NA,NA,NA,0.840817,NA,NA,NA,0.8896466,NA,NA,NA,NA,NA,NA,NA,NA,NA,NA,NA,NA,NA,NA,NA,NA,NA,NA,NA,NA,NA,NA,NA,NA,NA,NA,NA,NA,NA,NA,2,ATP1B1,481,GWAS,1,95,5
0.42501516397044,ENSG00000154127,UBASH3B,protein_coding,0.69911767201168,NA,NA,GCST90475936/GCST90480132/GCST90480192,0.869542181491852/0.864688813686371/0.578529894351959,NA,NA,NA,0.8646888,NA,NA,NA,0.8695422,NA,NA,NA,NA,NA,NA,NA,NA,NA,NA,NA,NA,NA,NA,NA,NA,NA,NA,NA,NA,NA,NA,NA,NA,0.5785299,NA,NA,NA,NA,NA,3,UBASH3B,84959,GWAS,1,69,0
0.422146651357613,ENSG00000140945,CDH13,protein_coding,0.678145054782086,NA,NA,GCST90692424/GCST90043957/GCST90436075/GCST90693007/GCST90691962/GCST90480132/FINNGEN_R12_I9_CORATHER/GCST90475936,0.732943952083588/0.731465578079224/0.727454304695129/0.720983386039734/0.720983386039734/0.717184841632843/0.697656154632568/0.691074550151825,0.7314656,0.7209834,0.7274543,0.7171848,0.7209834,0.6976562,0.732944,0.6910746,NA,NA,NA,NA,NA,NA,NA,NA,NA,NA,NA,NA,NA,NA,NA,NA,NA,NA,NA,NA,NA,NA,NA,NA,NA,NA,NA,NA,NA,NA,7,CDH13,1012,GWAS,1,95,3
0.421296674708303,ENSG00000122194,PLG,protein_coding,0.680681413428275,NA,NA,GCST90475936/GCST90692424,0.782299757003784/0.737433731555939,NA,NA,NA,NA,NA,NA,0.7374337,0.7822998,NA,NA,NA,NA,NA,NA,NA,NA,NA,NA,NA,NA,NA,NA,NA,NA,NA,NA,NA,NA,NA,NA,NA,NA,NA,NA,NA,NA,NA,NA,2,PLG,5340,GWAS,1,372,16
0.416827248746935,ENSG00000099810,MTAP,protein_coding,0.683248015421913,NA,NA,GCST90475936/FINNGEN_R12_I9_CORATHER,0.835003316402435/0.689934194087982,NA,NA,NA,NA,NA,0.6899342,NA,0.8350033,NA,NA,NA,NA,NA,NA,NA,NA,NA,NA,NA,NA,NA,NA,NA,NA,NA,NA,NA,NA,NA,NA,NA,NA,NA,NA,NA,NA,NA,NA,2,MTAP,4507,GWAS,1,131,3
0.416583871024743,ENSG00000122691,TWIST1,protein_coding,0.666612683298809,NA,NA,FINNGEN_R12_I9_CORATHER/FINNGEN_R12_I9_ATHSCLE/GCST90436075/GCST90480197/GCST90480200/GCST90480198/GCST90480132/GCST90475990/GCST90475936/GCST90043957/GCST90475989/GCST90475991,0.700102090835571/0.700102090835571/0.700102090835571/0.684556901454926/0.684556901454926/0.684556901454926/0.684556901454926/0.545274019241333/0.545274019241333/0.545274019241333/0.545274019241333/0.545274019241333,0.545274,NA,0.7001021,0.6845569,NA,0.7001021,NA,0.545274,0.6845569,0.545274,0.545274,0.6845569,NA,NA,0.545274,NA,0.6845569,0.7001021,NA,NA,NA,NA,NA,NA,NA,NA,NA,NA,NA,NA,NA,NA,NA,NA,NA,NA,NA,NA,3,TWIST1,7291,GWAS,1,254,10
0.414082320343662,ENSG00000177425,PAWR,protein_coding,0.664472951450306,NA,NA,GCST90061371/GCST008474,0.874406039714813/0.874406039714813,NA,NA,NA,NA,NA,NA,NA,NA,NA,NA,NA,NA,NA,0.874406,NA,0.874406,NA,NA,NA,NA,NA,NA,NA,NA,NA,NA,NA,NA,NA,NA,NA,NA,NA,NA,NA,NA,NA,NA,1,PAWR,5074,GWAS,1,49,0
0.413400818708,ENSG00000107960,STN1,protein_coding,0.680012955968226,NA,NA,GCST90475936/GCST90480132,0.845838725566864/0.760152041912079,NA,NA,NA,0.760152,NA,NA,NA,0.8458387,NA,NA,NA,NA,NA,NA,NA,NA,NA,NA,NA,NA,NA,NA,NA,NA,NA,NA,NA,NA,NA,NA,NA,NA,NA,NA,NA,NA,NA,NA,2,STN1,79991,GWAS,1,150,0
0.412937257495783,ENSG00000140718,FTO,protein_coding,0.671829567055441,NA,NA,GCST90480132/GCST90475936/GCST90478009,0.822539150714874/0.794315040111542/0.75591641664505,NA,NA,NA,0.8225392,NA,NA,NA,0.794315,NA,NA,NA,NA,NA,NA,NA,NA,NA,NA,NA,NA,NA,NA,NA,NA,NA,NA,NA,NA,0.7559164,NA,NA,NA,NA,NA,NA,NA,NA,NA,3,FTO,79068,GWAS,1,177,8
0.412031778719049,ENSG00000079308,TNS1,protein_coding,0.677760989141855,NA,NA,GCST90475936/GCST90480132,0.895873785018921/0.875966310501099,NA,NA,NA,0.8759663,NA,NA,NA,0.8958738,NA,NA,NA,NA,NA,NA,NA,NA,NA,NA,NA,NA,NA,NA,NA,NA,NA,NA,NA,NA,NA,NA,NA,NA,NA,NA,NA,NA,NA,NA,2,TNS1,7145,GWAS,1,48,1
0.411346075601103,ENSG00000089225,TBX5,protein_coding,0.676633059580398,NA,NA,GCST90475936,0.90167772769928,NA,NA,NA,NA,NA,NA,NA,0.9016777,NA,NA,NA,NA,NA,NA,NA,NA,NA,NA,NA,NA,NA,NA,NA,NA,NA,NA,NA,NA,NA,NA,NA,NA,NA,NA,NA,NA,NA,NA,1,TBX5,6910,GWAS,1,131,3
0.410117059520963,ENSG00000105329,TGFB1,protein_coding,0.63145360641666,NA,NA,GCST90480132/GCST90475936,0.737505376338959/0.696670055389404,NA,NA,NA,0.7375054,NA,NA,NA,0.6966701,NA,NA,NA,NA,NA,NA,NA,NA,NA,NA,NA,NA,NA,NA,NA,NA,NA,NA,NA,NA,NA,NA,NA,NA,NA,NA,NA,NA,NA,NA,2,TGFB1,7040,GWAS,1,500,25
0.409450230674596,ENSG00000158186,MRAS,protein_coding,0.669157701250797,NA,NA,FINNGEN_R12_I9_CORATHER/GCST90475936/GCST90480132,0.897860646247864/0.573007941246033/0.53640878200531,NA,NA,NA,0.5364088,NA,0.8978606,NA,0.5730079,NA,NA,NA,NA,NA,NA,NA,NA,NA,NA,NA,NA,NA,NA,NA,NA,NA,NA,NA,NA,NA,NA,NA,NA,NA,NA,NA,NA,NA,NA,3,MRAS,22808,GWAS,1,107,9
0.408407521821953,ENSG00000180287,PLD5,protein_coding,0.671799361747199,NA,NA,GCST90478009/GCST90480196,0.896107375621796/0.835806250572205,NA,NA,NA,NA,NA,NA,NA,NA,NA,NA,NA,NA,NA,NA,NA,NA,NA,NA,NA,NA,NA,NA,NA,NA,NA,NA,0.8358063,NA,0.8961074,NA,NA,NA,NA,NA,NA,NA,NA,NA,2,PLD5,200150,GWAS,1,8,0
0.408128743244349,ENSG00000084093,REST,protein_coding,0.666789754656776,NA,NA,FINNGEN_R12_I9_CORATHER/GCST90475936/GCST90480132,0.863929152488708/0.703186810016632/0.513833940029144,NA,NA,NA,0.5138339,NA,0.8639292,NA,0.7031868,NA,NA,NA,NA,NA,NA,NA,NA,NA,NA,NA,NA,NA,NA,NA,NA,NA,NA,NA,NA,NA,NA,NA,NA,NA,NA,NA,NA,NA,NA,3,REST,5978,GWAS,1,172,0
0.406710478960057,ENSG00000108219,TSPAN14,protein_coding,0.668247941604095,NA,NA,GCST90480132/GCST90475936/GCST90475936,0.82531726360321/0.769295632839203/0.734183549880981,NA,NA,NA,0.8253173,NA,NA,NA,0.7341835,NA,NA,NA,NA,NA,NA,NA,NA,NA,NA,NA,NA,NA,NA,NA,NA,NA,NA,NA,NA,NA,NA,NA,NA,NA,NA,NA,NA,NA,NA,3,TSPAN14,81619,GWAS,1,32,1
0.404971939104404,ENSG00000085511,MAP3K4,protein_coding,0.664200768497768,NA,NA,GCST90480132,0.789509832859039,NA,NA,NA,0.7895098,NA,NA,NA,NA,NA,NA,NA,NA,NA,NA,NA,NA,NA,NA,NA,NA,NA,NA,NA,NA,NA,NA,NA,NA,NA,NA,NA,NA,NA,NA,NA,NA,NA,NA,1,MAP3K4,4216,GWAS,1,56,1
0.402151255775261,ENSG00000146411,SLC2A12,protein_coding,0.661508279158078,NA,NA,FINNGEN_R12_I9_CORATHER,0.864960193634033,NA,NA,NA,NA,NA,0.8649602,NA,NA,NA,NA,NA,NA,NA,NA,NA,NA,NA,NA,NA,NA,NA,NA,NA,NA,NA,NA,NA,NA,NA,NA,NA,NA,NA,NA,NA,NA,NA,NA,1,SLC2A12,154091,GWAS,1,55,2
0.397719067956135,ENSG00000142611,PRDM16,protein_coding,0.639749805497454,NA,NA,GCST90475936/GCST90475936,0.882491171360016/0.679394721984863,NA,NA,NA,NA,NA,NA,NA,0.6793947,NA,NA,NA,NA,NA,NA,NA,NA,NA,NA,NA,NA,NA,NA,NA,NA,NA,NA,NA,NA,NA,NA,NA,NA,NA,NA,NA,NA,NA,NA,2,PRDM16,63976,GWAS,1,121,3
0.397099943617503,ENSG00000164626,KCNK5,protein_coding,0.653199254220366,NA,NA,GCST90475936/FINNGEN_R12_I9_CORATHER,0.859651923179626/0.859245002269745,NA,NA,NA,NA,NA,0.859245,NA,0.8596519,NA,NA,NA,NA,NA,NA,NA,NA,NA,NA,NA,NA,NA,NA,NA,NA,NA,NA,NA,NA,NA,NA,NA,NA,NA,NA,NA,NA,NA,NA,2,KCNK5,8645,GWAS,1,39,2
0.397006272299479,ENSG00000080644,CHRNA3,protein_coding,0.64269166586067,NA,NA,GCST90061371/GCST90061372,0.812583863735199/0.682703733444214,NA,NA,NA,NA,NA,NA,NA,NA,NA,NA,NA,NA,NA,0.8125839,NA,NA,NA,NA,NA,0.6827037,NA,NA,NA,NA,NA,NA,NA,NA,NA,NA,NA,NA,NA,NA,NA,NA,NA,NA,2,CHRNA3,1136,GWAS,1,67,4
0.39679266629665,ENSG00000170967,DDI1,protein_coding,0.652693806360082,NA,NA,GCST90475936/GCST90691962/FINNGEN_R12_I9_CORATHER/GCST90043957/GCST90692424/GCST90436075/GCST90693007/GCST90480132,0.710027933120728/0.684409081935883/0.684409081935883/0.684409081935883/0.684409081935883/0.684409081935883/0.684409081935883/0.66843569278717,0.6844091,0.6844091,0.6844091,0.6684357,0.6844091,0.6844091,0.6844091,0.7100279,NA,NA,NA,NA,NA,NA,NA,NA,NA,NA,NA,NA,NA,NA,NA,NA,NA,NA,NA,NA,NA,NA,NA,NA,NA,NA,NA,NA,NA,NA,3,DDI1,414301,GWAS,1,42,0
0.396060497458297,ENSG00000134222,PSRC1,protein_coding,0.627414657081891,NA,NA,GCST90691962/GCST90693007/FINNGEN_R12_I9_CORATHER/GCST90692424/GCST008474/GCST90061371/GCST90043957/GCST90436075/GCST90480132/GCST90475936/GCST90475934,0.669564843177795/0.669564843177795/0.661753833293915/0.6556316614151/0.62165629863739/0.62165629863739/0.589660406112671/0.587162435054779/0.575545728206635/0.559454083442688/0.549994349479675,0.5896604,0.6695648,0.5871624,0.5755457,0.6695648,0.6617538,0.6556317,0.5594541,NA,NA,NA,NA,NA,0.6216563,NA,0.6216563,NA,NA,NA,NA,NA,0.5499943,NA,NA,NA,NA,NA,NA,NA,NA,NA,NA,NA,NA,NA,NA,NA,NA,9,PSRC1,84722,GWAS,1,81,14
0.392530887074076,ENSG00000145476,CYP4V2,protein_coding,0.645075572351452,NA,NA,GCST90475936/GCST90480132,0.853061556816101/0.832155108451843,NA,NA,NA,0.8321551,NA,NA,NA,0.8530616,NA,NA,NA,NA,NA,NA,NA,NA,NA,NA,NA,NA,NA,NA,NA,NA,NA,NA,NA,NA,NA,NA,NA,NA,NA,NA,NA,NA,NA,NA,2,CYP4V2,285440,GWAS,1,51,0
0.390851917743324,ENSG00000169684,CHRNA5,protein_coding,0.638088845117979,NA,NA,GCST90475991/FINNGEN_R12_I9_ATHSCLE/GCST90475990/GCST90480197/GCST90480200/GCST90480198/GCST90475989,0.692140996456146/0.690733373165131/0.665268361568451/0.648309051990509/0.643959879875183/0.638640999794006/0.632282495498657,NA,NA,NA,NA,NA,NA,NA,NA,0.638641,0.6652684,0.6322825,0.6483091,NA,NA,0.692141,NA,0.6439599,0.6907334,NA,NA,NA,NA,NA,NA,NA,NA,NA,NA,NA,NA,NA,NA,NA,NA,NA,NA,NA,NA,7,CHRNA5,1138,GWAS,1,63,4
0.388844853202896,ENSG00000102978,POLR2C,protein_coding,0.639012326525346,NA,NA,GCST90692424/GCST90691962/GCST90693007,0.840634942054749/0.582900404930115/0.582900404930115,NA,0.5829004,NA,NA,0.5829004,NA,0.8406349,NA,NA,NA,NA,NA,NA,NA,NA,NA,NA,NA,NA,NA,NA,NA,NA,NA,NA,NA,NA,NA,NA,NA,NA,NA,NA,NA,NA,NA,NA,NA,2,POLR2C,5432,GWAS,1,500,2
0.385622697716339,ENSG00000173334,TRIB1,protein_coding,0.627906437594837,NA,NA,GCST90475936/GCST90480132/GCST90692424/GCST90043957/GCST90436075/GCST90475936/FINNGEN_R12_I9_CORATHER/GCST90693007/GCST90691962,0.684208810329437/0.654719710350037/0.647498965263367/0.64308226108551/0.630098342895508/0.628988564014435/0.625023066997528/0.622126162052155/0.622126162052155,0.6430823,0.6221262,0.6300983,0.6547197,0.6221262,0.6250231,0.647499,0.6289886,NA,NA,NA,NA,NA,NA,NA,NA,NA,NA,NA,NA,NA,NA,NA,NA,NA,NA,NA,NA,NA,NA,NA,NA,NA,NA,NA,NA,NA,NA,8,TRIB1,10221,GWAS,1,88,12
0.384242888667086,ENSG00000073060,SCARB1,protein_coding,0.586977617478756,NA,NA,GCST90475936/GCST90475935/GCST90480132,0.718937873840332/0.602669715881348/0.585625767707825,NA,NA,NA,0.5856258,NA,NA,NA,0.7189379,NA,NA,NA,NA,0.6026697,NA,NA,NA,NA,NA,NA,NA,NA,NA,NA,NA,NA,NA,NA,NA,NA,NA,NA,NA,NA,NA,NA,NA,NA,NA,3,SCARB1,949,GWAS,1,499,20
0.382008373079441,ENSG00000112902,SEMA5A,protein_coding,0.628374766635015,NA,NA,GCST90475936,0.871204614639282,NA,NA,NA,NA,NA,NA,NA,0.8712046,NA,NA,NA,NA,NA,NA,NA,NA,NA,NA,NA,NA,NA,NA,NA,NA,NA,NA,NA,NA,NA,NA,NA,NA,NA,NA,NA,NA,NA,NA,1,SEMA5A,9037,GWAS,1,58,1
0.380536752164962,ENSG00000109917,ZPR1,protein_coding,0.623720760642546,NA,NA,FINNGEN_R12_I9_CORATHER/GCST90475936,0.829232573509216/0.786962866783142,NA,NA,NA,NA,NA,0.8292326,NA,0.7869629,NA,NA,NA,NA,NA,NA,NA,NA,NA,NA,NA,NA,NA,NA,NA,NA,NA,NA,NA,NA,NA,NA,NA,NA,NA,NA,NA,NA,NA,NA,2,ZPR1,8882,GWAS,1,110,6
0.378398364927174,ENSG00000075884,ARHGAP15,protein_coding,0.62182864654604,NA,NA,GCST90480132/GCST90475936/GCST90475936,0.727333188056946/0.727333188056946/0.553609609603882,NA,NA,NA,0.7273332,NA,NA,NA,0.5536096,NA,NA,NA,NA,NA,NA,NA,NA,NA,NA,NA,NA,NA,NA,NA,NA,NA,NA,NA,NA,NA,NA,NA,NA,NA,NA,NA,NA,NA,NA,2,ARHGAP15,55843,GWAS,1,56,0
0.377540455386089,ENSG00000126217,MCF2L,protein_coding,0.619049606200062,NA,NA,GCST90475936/FINNGEN_R12_I9_CORATHER,0.820466041564941/0.79129421710968,NA,NA,NA,NA,NA,0.7912942,NA,0.820466,NA,NA,NA,NA,NA,NA,NA,NA,NA,NA,NA,NA,NA,NA,NA,NA,NA,NA,NA,NA,NA,NA,NA,NA,NA,NA,NA,NA,NA,NA,2,MCF2L,23263,GWAS,1,25,0
0.376692772646802,ENSG00000101464,PIGU,protein_coding,0.619631007553352,NA,NA,GCST90480196/GCST90475936,0.821389019489288/0.768963098526001,NA,NA,NA,NA,NA,NA,NA,0.7689631,NA,NA,NA,NA,NA,NA,NA,NA,NA,NA,NA,NA,NA,NA,NA,NA,NA,NA,0.821389,NA,NA,NA,NA,NA,NA,NA,NA,NA,NA,NA,2,PIGU,128869,GWAS,1,36,0
0.374683952744207,ENSG00000061918,GUCY1B1,protein_coding,0.583354849062379,NA,NA,FINNGEN_R12_I9_CORATHER,0.839324593544006,NA,NA,NA,NA,NA,0.8393246,NA,NA,NA,NA,NA,NA,NA,NA,NA,NA,NA,NA,NA,NA,NA,NA,NA,NA,NA,NA,NA,NA,NA,NA,NA,NA,NA,NA,NA,NA,NA,NA,1,GUCY1B1,2983,GWAS,1,57,2
0.372710718580852,ENSG00000198740,ZNF652,protein_coding,0.612168934788164,NA,NA,GCST90043957/GCST90691962/GCST90693007/FINNGEN_R12_I9_CORATHER/GCST90692424,0.703833222389221/0.639471411705017/0.639471411705017/0.625949859619141/0.621105253696442,0.7038332,0.6394714,NA,NA,0.6394714,0.6259499,0.6211053,NA,NA,NA,NA,NA,NA,NA,NA,NA,NA,NA,NA,NA,NA,NA,NA,NA,NA,NA,NA,NA,NA,NA,NA,NA,NA,NA,NA,NA,NA,NA,4,ZNF652,22834,GWAS,1,10,1
0.372614532882362,ENSG00000114491,UMPS,protein_coding,0.610870846372304,NA,NA,GCST90475936/GCST90475936,0.878131806850433/0.506817400455475,NA,NA,NA,NA,NA,NA,NA,0.5068174,NA,NA,NA,NA,NA,NA,NA,NA,NA,NA,NA,NA,NA,NA,NA,NA,NA,NA,NA,NA,NA,NA,NA,NA,NA,NA,NA,NA,NA,NA,2,UMPS,7372,GWAS,1,225,4
0.371830869049245,ENSG00000166024,R3HCC1L,protein_coding,0.611633545314793,NA,NA,GCST90475936/GCST90475989,0.793618142604828/0.780228734016418,NA,NA,NA,NA,NA,NA,NA,0.7936181,NA,NA,0.7802287,NA,NA,NA,NA,NA,NA,NA,NA,NA,NA,NA,NA,NA,NA,NA,NA,NA,NA,NA,NA,NA,NA,NA,NA,NA,NA,NA,2,R3HCC1L,27291,GWAS,1,10,0
0.371764168627841,ENSG00000022267,FHL1,protein_coding,0.611523828186353,NA,NA,FINNGEN_R12_I9_CORATHER/FINNGEN_R12_I9_CORATHER,0.847544133663177/0.633464515209198,NA,NA,NA,NA,NA,0.6334645,NA,NA,NA,NA,NA,NA,NA,NA,NA,NA,NA,NA,NA,NA,NA,NA,NA,NA,NA,NA,NA,NA,NA,NA,NA,NA,NA,NA,NA,NA,NA,NA,2,FHL1,2273,GWAS,1,39,0
0.370509466984119,ENSG00000169554,ZEB2,protein_coding,0.605496737064388,NA,NA,GCST90475936,0.875251650810242,NA,NA,NA,NA,NA,NA,NA,0.8752517,NA,NA,NA,NA,NA,NA,NA,NA,NA,NA,NA,NA,NA,NA,NA,NA,NA,NA,NA,NA,NA,NA,NA,NA,NA,NA,NA,NA,NA,NA,1,ZEB2,9839,GWAS,1,142,6
0.362865041366594,ENSG00000070961,ATP2B1,protein_coding,0.5949940993207,NA,NA,GCST90475936/GCST90480132,0.785865247249603/0.77141946554184,NA,NA,NA,0.7714195,NA,NA,NA,0.7858652,NA,NA,NA,NA,NA,NA,NA,NA,NA,NA,NA,NA,NA,NA,NA,NA,NA,NA,NA,NA,NA,NA,NA,NA,NA,NA,NA,NA,NA,NA,2,ATP2B1,490,GWAS,1,81,3
0.361205787371926,ENSG00000149968,MMP3,protein_coding,0.586925663456533,NA,NA,FINNGEN_R12_I9_ATHSCLE,0.802660346031189,NA,NA,NA,NA,NA,NA,NA,NA,NA,NA,NA,NA,NA,NA,NA,NA,NA,0.8026603,NA,NA,NA,NA,NA,NA,NA,NA,NA,NA,NA,NA,NA,NA,NA,NA,NA,NA,NA,NA,1,MMP3,4314,GWAS,1,292,14
0.358202335150545,ENSG00000197081,IGF2R,protein_coding,0.587467840865149,NA,NA,GCST90480132,0.78355747461319,NA,NA,NA,0.7835575,NA,NA,NA,NA,NA,NA,NA,NA,NA,NA,NA,NA,NA,NA,NA,NA,NA,NA,NA,NA,NA,NA,NA,NA,NA,NA,NA,NA,NA,NA,NA,NA,NA,NA,1,IGF2R,3482,GWAS,1,277,8
0.357843460271305,ENSG00000100485,SOS2,protein_coding,0.587105492988385,NA,NA,GCST90475936,0.926885426044464,NA,NA,NA,NA,NA,NA,NA,0.9268854,NA,NA,NA,NA,NA,NA,NA,NA,NA,NA,NA,NA,NA,NA,NA,NA,NA,NA,NA,NA,NA,NA,NA,NA,NA,NA,NA,NA,NA,NA,1,SOS2,6655,GWAS,1,141,1
0.35623196517819,ENSG00000165124,SVEP1,protein_coding,0.576632276436867,NA,NA,GCST90475936,0.948516309261322,NA,NA,NA,NA,NA,NA,NA,0.9485163,NA,NA,NA,NA,NA,NA,NA,NA,NA,NA,NA,NA,NA,NA,NA,NA,NA,NA,NA,NA,NA,NA,NA,NA,NA,NA,NA,NA,NA,NA,1,SVEP1,79987,GWAS,1,14,0
0.35537310446654,ENSG00000151612,ZNF827,protein_coding,0.584561772265355,NA,NA,GCST90475936/FINNGEN_R12_I9_CORATHER,0.785767436027527/0.703169167041779,NA,NA,NA,NA,NA,0.7031692,NA,0.7857674,NA,NA,NA,NA,NA,NA,NA,NA,NA,NA,NA,NA,NA,NA,NA,NA,NA,NA,NA,NA,NA,NA,NA,NA,NA,NA,NA,NA,NA,NA,2,ZNF827,152485,GWAS,1,35,1
0.354326447879231,ENSG00000175164,ABO,protein_coding,0.574502559478344,NA,NA,GCST90480198/GCST90061371/GCST008474/FINNGEN_R12_I9_CORATHER,0.67993575334549/0.5531947016716/0.5531947016716/0.533893287181854,NA,NA,NA,NA,NA,0.5338933,NA,NA,0.6799358,NA,NA,NA,NA,0.5531947,NA,0.5531947,NA,NA,NA,NA,NA,NA,NA,NA,NA,NA,NA,NA,NA,NA,NA,NA,NA,NA,NA,NA,NA,NA,3,ABO,28,GWAS,1,9,0
0.354080173021288,ENSG00000101204,CHRNA4,protein_coding,0.551026352192663,NA,NA,FINNGEN_R12_I9_ATHSCLE,0.906396508216858,NA,NA,NA,NA,NA,NA,NA,NA,NA,NA,NA,NA,NA,NA,NA,NA,NA,0.9063965,NA,NA,NA,NA,NA,NA,NA,NA,NA,NA,NA,NA,NA,NA,NA,NA,NA,NA,NA,NA,1,CHRNA4,1137,GWAS,1,109,5
0.354046036448175,ENSG00000198597,ZNF536,protein_coding,0.582378846143535,NA,NA,GCST90103998,0.835016489028931,NA,NA,NA,NA,NA,NA,NA,NA,NA,NA,NA,NA,NA,NA,NA,NA,NA,NA,NA,NA,NA,NA,NA,NA,NA,NA,NA,NA,NA,NA,NA,NA,NA,0.8350165,NA,NA,NA,NA,1,ZNF536,9745,GWAS,1,15,0
0.351646071726849,ENSG00000137656,BUD13,protein_coding,0.577823155616107,NA,NA,GCST90480132,0.832155108451843,NA,NA,NA,0.8321551,NA,NA,NA,NA,NA,NA,NA,NA,NA,NA,NA,NA,NA,NA,NA,NA,NA,NA,NA,NA,NA,NA,NA,NA,NA,NA,NA,NA,NA,NA,NA,NA,NA,NA,1,BUD13,84811,GWAS,1,172,5
0.351245684854352,ENSG00000138380,CARF,protein_coding,0.57777248041108,NA,NA,GCST90480132,0.762942135334015,NA,NA,NA,0.7629421,NA,NA,NA,NA,NA,NA,NA,NA,NA,NA,NA,NA,NA,NA,NA,NA,NA,NA,NA,NA,NA,NA,NA,NA,NA,NA,NA,NA,NA,NA,NA,NA,NA,NA,1,CARF,79800,GWAS,1,20,0
0.349494504465444,ENSG00000118655,DCLRE1B,protein_coding,0.574891921643885,NA,NA,GCST90475936,0.945653557777405,NA,NA,NA,NA,NA,NA,NA,0.9456536,NA,NA,NA,NA,NA,NA,NA,NA,NA,NA,NA,NA,NA,NA,NA,NA,NA,NA,NA,NA,NA,NA,NA,NA,NA,NA,NA,NA,NA,NA,1,DCLRE1B,64858,GWAS,1,100,1
0.347799036213306,ENSG00000183092,BEGAIN,protein_coding,0.572103005111281,NA,NA,GCST90692424/GCST90693007/GCST90691962,0.693076908588409/0.686739027500153/0.686739027500153,NA,0.686739,NA,NA,0.686739,NA,0.6930769,NA,NA,NA,NA,NA,NA,NA,NA,NA,NA,NA,NA,NA,NA,NA,NA,NA,NA,NA,NA,NA,NA,NA,NA,NA,NA,NA,NA,NA,NA,NA,2,BEGAIN,57596,GWAS,1,59,1
0.347045099038197,ENSG00000146477,SLC22A3,protein_coding,0.568127147117761,NA,NA,GCST90692424/GCST90692424,0.637682378292084/0.623979508876801,NA,NA,NA,NA,NA,NA,0.6239795,NA,NA,NA,NA,NA,NA,NA,NA,NA,NA,NA,NA,NA,NA,NA,NA,NA,NA,NA,NA,NA,NA,NA,NA,NA,NA,NA,NA,NA,NA,NA,2,SLC22A3,6581,GWAS,1,55,2
0.346275520134223,ENSG00000165449,SLC16A9,protein_coding,0.569596936846491,NA,NA,GCST90475936,0.936943709850311,NA,NA,NA,NA,NA,NA,NA,0.9369437,NA,NA,NA,NA,NA,NA,NA,NA,NA,NA,NA,NA,NA,NA,NA,NA,NA,NA,NA,NA,NA,NA,NA,NA,NA,NA,NA,NA,NA,NA,1,SLC16A9,220963,GWAS,1,29,1
0.345621673230397,ENSG00000112773,TENT5A,protein_coding,0.565785719749067,NA,NA,GCST90475936/GCST90693007/GCST90691962,0.695005059242249/0.559168040752411/0.559168040752411,NA,0.559168,NA,NA,0.559168,NA,NA,0.6950051,NA,NA,NA,NA,NA,NA,NA,NA,NA,NA,NA,NA,NA,NA,NA,NA,NA,NA,NA,NA,NA,NA,NA,NA,NA,NA,NA,NA,NA,NA,2,TENT5A,55603,GWAS,1,32,0
0.344095546536321,ENSG00000140545,MFGE8,protein_coding,0.556005449495997,NA,NA,FINNGEN_R12_I9_CORATHER,0.897607028484344,NA,NA,NA,NA,NA,0.897607,NA,NA,NA,NA,NA,NA,NA,NA,NA,NA,NA,NA,NA,NA,NA,NA,NA,NA,NA,NA,NA,NA,NA,NA,NA,NA,NA,NA,NA,NA,NA,NA,1,MFGE8,4240,GWAS,1,129,4
0.34181197112383,ENSG00000143641,GALNT2,protein_coding,0.5614948241585,NA,NA,GCST90475936,0.923616349697113,NA,NA,NA,NA,NA,NA,NA,0.9236163,NA,NA,NA,NA,NA,NA,NA,NA,NA,NA,NA,NA,NA,NA,NA,NA,NA,NA,NA,NA,NA,NA,NA,NA,NA,NA,NA,NA,NA,NA,1,GALNT2,2590,GWAS,1,105,8
0.339572271769415,ENSG00000127241,MASP1,protein_coding,0.548463752774528,NA,NA,GCST90475936,0.868240475654602,NA,NA,NA,NA,NA,NA,NA,0.8682405,NA,NA,NA,NA,NA,NA,NA,NA,NA,NA,NA,NA,NA,NA,NA,NA,NA,NA,NA,NA,NA,NA,NA,NA,NA,NA,NA,NA,NA,NA,1,MASP1,5648,GWAS,1,87,1
0.339557919459213,ENSG00000135074,ADAM19,protein_coding,0.558546993824355,NA,NA,GCST90475936,0.918767392635345,NA,NA,NA,NA,NA,NA,NA,0.9187674,NA,NA,NA,NA,NA,NA,NA,NA,NA,NA,NA,NA,NA,NA,NA,NA,NA,NA,NA,NA,NA,NA,NA,NA,NA,NA,NA,NA,NA,NA,1,ADAM19,8728,GWAS,1,36,3
0.338795003892299,ENSG00000079393,DUSP13B,protein_coding,0.556152185401804,NA,NA,GCST90103988/GCST90103995,0.740532398223877/0.674584150314331,NA,NA,NA,NA,NA,NA,NA,NA,NA,NA,NA,NA,NA,NA,NA,NA,NA,NA,NA,NA,NA,NA,NA,NA,NA,NA,NA,NA,NA,NA,0.7405324,NA,NA,NA,0.6745842,NA,NA,NA,2,DUSP13,51207,GWAS,1,1,NA
0.335731758732655,ENSG00000256269,HMBS,protein_coding,0.552253249961418,NA,NA,GCST90103990,0.908414661884308,NA,NA,NA,NA,NA,NA,NA,NA,NA,NA,NA,NA,NA,NA,NA,NA,NA,NA,NA,NA,NA,NA,NA,NA,NA,NA,NA,NA,NA,NA,NA,NA,NA,NA,NA,0.9084147,NA,NA,1,HMBS,3145,GWAS,1,157,1
0.332676381377749,ENSG00000182240,BACE2,protein_coding,0.547227386216877,NA,NA,GCST90475936,0.900147497653961,NA,NA,NA,NA,NA,NA,NA,0.9001475,NA,NA,NA,NA,NA,NA,NA,NA,NA,NA,NA,NA,NA,NA,NA,NA,NA,NA,NA,NA,NA,NA,NA,NA,NA,NA,NA,NA,NA,NA,1,BACE2,25825,GWAS,1,59,2
0.332501369054458,ENSG00000171103,TRMT61B,protein_coding,0.546939504234293,NA,NA,GCST90475936,0.80730128288269,NA,NA,NA,NA,NA,NA,NA,0.8073013,NA,NA,NA,NA,NA,NA,NA,NA,NA,NA,NA,NA,NA,NA,NA,NA,NA,NA,NA,NA,NA,NA,NA,NA,NA,NA,NA,NA,NA,NA,1,TRMT61B,55006,GWAS,1,164,1
0.332222037168464,ENSG00000159197,KCNE2,protein_coding,0.540788160298609,NA,NA,GCST90692424/GCST90693007/GCST90475936/GCST90691962/GCST90043957/FINNGEN_R12_I9_CORATHER/GCST90436075/GCST90480132/GCST90475936,0.577969193458557/0.570491135120392/0.570491135120392/0.570491135120392/0.570491135120392/0.570491135120392/0.570491135120392/0.552521646022797/0.510270476341248,0.5704911,0.5704911,0.5704911,0.5525216,0.5704911,0.5704911,0.5779692,0.5102705,NA,NA,NA,NA,NA,NA,NA,NA,NA,NA,NA,NA,NA,NA,NA,NA,NA,NA,NA,NA,NA,NA,NA,NA,NA,NA,NA,NA,NA,NA,4,KCNE2,9992,GWAS,1,80,2
0.330520301044052,ENSG00000107562,CXCL12,protein_coding,0.518733884807184,NA,NA,GCST90475936/FINNGEN_R12_I9_CORATHER/GCST90475936/GCST90480132/GCST90693007/GCST90043957/GCST90691962/GCST90436075,0.565436720848083/0.543167769908905/0.543167769908905/0.538319945335388/0.514360904693604/0.514360904693604/0.514360904693604/0.514360904693604,0.5143609,0.5143609,0.5143609,0.5383199,0.5143609,0.5431678,NA,0.5431678,NA,NA,NA,NA,NA,NA,NA,NA,NA,NA,NA,NA,NA,NA,NA,NA,NA,NA,NA,NA,NA,NA,NA,NA,NA,NA,NA,NA,NA,NA,4,CXCL12,6387,GWAS,1,489,12
0.33025974839197,ENSG00000083307,GRHL2,protein_coding,0.541732381463681,NA,NA,GCST90480199,0.891108632087708,NA,NA,NA,NA,NA,NA,NA,NA,NA,NA,NA,NA,NA,NA,NA,NA,NA,NA,NA,NA,NA,NA,NA,NA,NA,NA,NA,NA,NA,NA,NA,0.8911086,NA,NA,NA,NA,NA,NA,1,GRHL2,79977,GWAS,1,34,1
0.330115591855376,ENSG00000164535,DAGLB,protein_coding,0.543015081901265,NA,NA,GCST90475936,0.893218576908112,NA,NA,NA,NA,NA,NA,NA,0.8932186,NA,NA,NA,NA,NA,NA,NA,NA,NA,NA,NA,NA,NA,NA,NA,NA,NA,NA,NA,NA,NA,NA,NA,NA,NA,NA,NA,NA,NA,NA,1,DAGLB,221955,GWAS,1,22,0
0.329678168436945,ENSG00000124177,CHD6,protein_coding,0.542295553592863,NA,NA,GCST90475936,0.892035007476807,NA,NA,NA,NA,NA,NA,NA,0.892035,NA,NA,NA,NA,NA,NA,NA,NA,NA,NA,NA,NA,NA,NA,NA,NA,NA,NA,NA,NA,NA,NA,NA,NA,NA,NA,NA,NA,NA,NA,1,CHD6,84181,GWAS,1,67,2
0.329639057574245,ENSG00000138442,WDR12,protein_coding,0.540339878934294,NA,NA,GCST90475936,0.671160936355591,NA,NA,NA,NA,NA,NA,NA,0.6711609,NA,NA,NA,NA,NA,NA,NA,NA,NA,NA,NA,NA,NA,NA,NA,NA,NA,NA,NA,NA,NA,NA,NA,NA,NA,NA,NA,NA,NA,NA,1,WDR12,55759,GWAS,1,378,10
0.329478070461161,ENSG00000140464,PML,protein_coding,0.539133027925724,NA,NA,GCST90475936,0.886832892894745,NA,NA,NA,NA,NA,NA,NA,0.8868329,NA,NA,NA,NA,NA,NA,NA,NA,NA,NA,NA,NA,NA,NA,NA,NA,NA,NA,NA,NA,NA,NA,NA,NA,NA,NA,NA,NA,NA,NA,1,PML,5371,GWAS,1,286,2
0.328027515690313,ENSG00000167528,ZNF641,protein_coding,0.539580355163837,NA,NA,GCST90475936,0.887568712234497,NA,NA,NA,NA,NA,NA,NA,0.8875687,NA,NA,NA,NA,NA,NA,NA,NA,NA,NA,NA,NA,NA,NA,NA,NA,NA,NA,NA,NA,NA,NA,NA,NA,NA,NA,NA,NA,NA,NA,1,ZNF641,121274,GWAS,1,11,0
0.326232195121519,ENSG00000184144,CNTN2,protein_coding,0.536627189152429,NA,NA,GCST90480132/GCST90475936,0.733398973941803/0.597248017787933,NA,NA,NA,0.733399,NA,NA,NA,0.597248,NA,NA,NA,NA,NA,NA,NA,NA,NA,NA,NA,NA,NA,NA,NA,NA,NA,NA,NA,NA,NA,NA,NA,NA,NA,NA,NA,NA,NA,NA,2,CNTN2,6900,GWAS,1,129,1
0.325597312158999,ENSG00000151465,CDC123,protein_coding,0.535582854887718,NA,NA,GCST90475936,0.880993127822876,NA,NA,NA,NA,NA,NA,NA,0.8809931,NA,NA,NA,NA,NA,NA,NA,NA,NA,NA,NA,NA,NA,NA,NA,NA,NA,NA,NA,NA,NA,NA,NA,NA,NA,NA,NA,NA,NA,NA,1,CDC123,8872,GWAS,1,77,5
0.32555213960537,ENSG00000118557,PMFBP1,protein_coding,0.535508549467089,NA,NA,GCST90480132,0.819705247879028,NA,NA,NA,0.8197052,NA,NA,NA,NA,NA,NA,NA,NA,NA,NA,NA,NA,NA,NA,NA,NA,NA,NA,NA,NA,NA,NA,NA,NA,NA,NA,NA,NA,NA,NA,NA,NA,NA,NA,1,PMFBP1,83449,GWAS,1,31,0
0.324934553366867,ENSG00000102755,FLT1,protein_coding,0.519336705039115,NA,NA,GCST90475936,0.854269444942474,NA,NA,NA,NA,NA,NA,NA,0.8542694,NA,NA,NA,NA,NA,NA,NA,NA,NA,NA,NA,NA,NA,NA,NA,NA,NA,NA,NA,NA,NA,NA,NA,NA,NA,NA,NA,NA,NA,NA,1,FLT1,2321,GWAS,1,290,12
0.323131139788902,ENSG00000065559,MAP2K4,protein_coding,0.530205796684546,NA,NA,GCST90475936,0.872148275375366,NA,NA,NA,NA,NA,NA,NA,0.8721483,NA,NA,NA,NA,NA,NA,NA,NA,NA,NA,NA,NA,NA,NA,NA,NA,NA,NA,NA,NA,NA,NA,NA,NA,NA,NA,NA,NA,NA,NA,1,MAP2K4,6416,GWAS,1,135,3
0.322731243738078,ENSG00000171634,BPTF,protein_coding,0.530868389964768,NA,NA,GCST90475936/GCST90103999,0.717820703983307/0.621669948101044,NA,NA,NA,NA,NA,NA,NA,0.7178207,NA,NA,NA,NA,NA,NA,NA,NA,NA,NA,NA,NA,NA,NA,NA,NA,NA,NA,NA,NA,NA,NA,NA,NA,NA,NA,NA,NA,0.6216699,NA,2,BPTF,2186,GWAS,1,154,2
0.32266224470664,ENSG00000182985,CADM1,protein_coding,0.52962346503514,NA,NA,GCST90480200,0.698530852794647,NA,NA,NA,NA,NA,NA,NA,NA,NA,NA,NA,NA,NA,NA,NA,NA,0.6985309,NA,NA,NA,NA,NA,NA,NA,NA,NA,NA,NA,NA,NA,NA,NA,NA,NA,NA,NA,NA,NA,1,CADM1,23705,GWAS,1,158,4
0.321900019186776,ENSG00000124818,OPN5,protein_coding,0.529501088695333,NA,NA,GCST90103996,0.870989084243774,NA,NA,NA,NA,NA,NA,NA,NA,NA,NA,NA,NA,NA,NA,NA,NA,NA,NA,NA,NA,NA,NA,NA,NA,NA,NA,NA,NA,NA,NA,NA,NA,NA,NA,NA,NA,NA,0.8709891,1,OPN5,221391,GWAS,1,40,0
0.320564442592323,ENSG00000147459,DOCK5,protein_coding,0.527304166611932,NA,NA,GCST90475936,0.867375314235687,NA,NA,NA,NA,NA,NA,NA,0.8673753,NA,NA,NA,NA,NA,NA,NA,NA,NA,NA,NA,NA,NA,NA,NA,NA,NA,NA,NA,NA,NA,NA,NA,NA,NA,NA,NA,NA,NA,NA,1,DOCK5,80005,GWAS,1,54,0
0.320373979598033,ENSG00000136280,CCM2,protein_coding,0.525623025154145,NA,NA,GCST90475936,0.770729839801788,NA,NA,NA,NA,NA,NA,NA,0.7707298,NA,NA,NA,NA,NA,NA,NA,NA,NA,NA,NA,NA,NA,NA,NA,NA,NA,NA,NA,NA,NA,NA,NA,NA,NA,NA,NA,NA,NA,NA,1,CCM2,83605,GWAS,1,60,1
0.319957813326882,ENSG00000095713,CRTAC1,protein_coding,0.524419189015937,NA,NA,GCST90480132,0.849585711956024,NA,NA,NA,0.8495857,NA,NA,NA,NA,NA,NA,NA,NA,NA,NA,NA,NA,NA,NA,NA,NA,NA,NA,NA,NA,NA,NA,NA,NA,NA,NA,NA,NA,NA,NA,NA,NA,NA,NA,1,CRTAC1,55118,GWAS,1,7,0
0.319203835077727,ENSG00000054392,HHAT,protein_coding,0.522710338724825,NA,NA,GCST90475936,0.859818816184998,NA,NA,NA,NA,NA,NA,NA,0.8598188,NA,NA,NA,NA,NA,NA,NA,NA,NA,NA,NA,NA,NA,NA,NA,NA,NA,NA,NA,NA,NA,NA,NA,NA,NA,NA,NA,NA,NA,NA,1,HHAT,55733,GWAS,1,33,0
0.318826820633022,ENSG00000140836,ZFHX3,protein_coding,0.524445910431907,NA,NA,GCST90475936,0.862673699855804,NA,NA,NA,NA,NA,NA,NA,0.8626737,NA,NA,NA,NA,NA,NA,NA,NA,NA,NA,NA,NA,NA,NA,NA,NA,NA,NA,NA,NA,NA,NA,NA,NA,NA,NA,NA,NA,NA,NA,1,ZFHX3,463,GWAS,1,67,2
0.318357847079134,ENSG00000164532,TBX20,protein_coding,0.51754029392881,NA,NA,GCST90475936,0.85131448507309,NA,NA,NA,NA,NA,NA,NA,0.8513145,NA,NA,NA,NA,NA,NA,NA,NA,NA,NA,NA,NA,NA,NA,NA,NA,NA,NA,NA,NA,NA,NA,NA,NA,NA,NA,NA,NA,NA,NA,1,TBX20,57057,GWAS,1,67,2
0.318036563911826,ENSG00000169181,GSG1L,protein_coding,0.523145998132184,NA,NA,GCST90480192,0.860535442829132,NA,NA,NA,NA,NA,NA,NA,NA,NA,NA,NA,NA,NA,NA,NA,NA,NA,NA,NA,NA,NA,NA,NA,NA,NA,NA,NA,NA,NA,NA,NA,NA,0.8605354,NA,NA,NA,NA,NA,1,GSG1L,146395,GWAS,1,25,0
0.318036563911826,ENSG00000151376,ME3,protein_coding,0.523145998132184,NA,NA,GCST90480192,0.860535442829132,NA,NA,NA,NA,NA,NA,NA,NA,NA,NA,NA,NA,NA,NA,NA,NA,NA,NA,NA,NA,NA,NA,NA,NA,NA,NA,NA,NA,NA,NA,NA,NA,0.8605354,NA,NA,NA,NA,NA,1,ME3,10873,GWAS,1,105,1
0.317903839709783,ENSG00000170891,CYTL1,protein_coding,0.520960345289046,NA,NA,GCST90480196,0.85694020986557,NA,NA,NA,NA,NA,NA,NA,NA,NA,NA,NA,NA,NA,NA,NA,NA,NA,NA,NA,NA,NA,NA,NA,NA,NA,NA,0.8569402,NA,NA,NA,NA,NA,NA,NA,NA,NA,NA,NA,1,CYTL1,54360,GWAS,1,6,1
0.317710032848151,ENSG00000158955,WNT9B,protein_coding,0.522608879326954,NA,NA,GCST90475936,0.859651923179626,NA,NA,NA,NA,NA,NA,NA,0.8596519,NA,NA,NA,NA,NA,NA,NA,NA,NA,NA,NA,NA,NA,NA,NA,NA,NA,NA,NA,NA,NA,NA,NA,NA,NA,NA,NA,NA,NA,NA,1,WNT9B,7484,GWAS,1,88,1
0.317532536179739,ENSG00000183431,SF3A3,protein_coding,0.522316910785289,NA,NA,GCST90475936/GCST90480132,0.686917841434479/0.636753857135773,NA,NA,NA,0.6367539,NA,NA,NA,0.6869178,NA,NA,NA,NA,NA,NA,NA,NA,NA,NA,NA,NA,NA,NA,NA,NA,NA,NA,NA,NA,NA,NA,NA,NA,NA,NA,NA,NA,NA,NA,2,SF3A3,10946,GWAS,1,292,2
0.31707741809028,ENSG00000184845,DRD1,protein_coding,0.520960345289046,NA,NA,GCST90480192,0.85694020986557,NA,NA,NA,NA,NA,NA,NA,NA,NA,NA,NA,NA,NA,NA,NA,NA,NA,NA,NA,NA,NA,NA,NA,NA,NA,NA,NA,NA,NA,NA,NA,NA,0.8569402,NA,NA,NA,NA,NA,1,DRD1,1812,GWAS,1,151,4
0.316140332133528,ENSG00000140479,PCSK6,protein_coding,0.514538816938041,NA,NA,FINNGEN_R12_I9_CORATHER/GCST90103999,0.688742756843567/0.630538105964661,NA,NA,NA,NA,NA,0.6887428,NA,NA,NA,NA,NA,NA,NA,NA,NA,NA,NA,NA,NA,NA,NA,NA,NA,NA,NA,NA,NA,NA,NA,NA,NA,NA,NA,NA,NA,NA,0.6305381,NA,2,PCSK6,5046,GWAS,1,46,5
0.315960845833974,ENSG00000175920,DOK7,protein_coding,0.519731599509829,NA,NA,GCST90480132,0.854919016361237,NA,NA,NA,0.854919,NA,NA,NA,NA,NA,NA,NA,NA,NA,NA,NA,NA,NA,NA,NA,NA,NA,NA,NA,NA,NA,NA,NA,NA,NA,NA,NA,NA,NA,NA,NA,NA,NA,NA,1,DOK7,285489,GWAS,1,37,0
0.315579132937032,ENSG00000099246,RAB18,protein_coding,0.519103710779004,NA,NA,GCST90480192,0.853886187076569,NA,NA,NA,NA,NA,NA,NA,NA,NA,NA,NA,NA,NA,NA,NA,NA,NA,NA,NA,NA,NA,NA,NA,NA,NA,NA,NA,NA,NA,NA,NA,NA,0.8538862,NA,NA,NA,NA,NA,1,RAB18,22931,GWAS,1,84,1
0.315579132937032,ENSG00000169247,SH3TC2,protein_coding,0.519103710779004,NA,NA,GCST90480192,0.853886187076569,NA,NA,NA,NA,NA,NA,NA,NA,NA,NA,NA,NA,NA,NA,NA,NA,NA,NA,NA,NA,NA,NA,NA,NA,NA,NA,NA,NA,NA,NA,NA,NA,0.8538862,NA,NA,NA,NA,NA,1,SH3TC2,79628,GWAS,1,44,0
0.314570946524617,ENSG00000154493,C10orf90,protein_coding,0.517445320685303,NA,NA,GCST90480192,0.851158261299133,NA,NA,NA,NA,NA,NA,NA,NA,NA,NA,NA,NA,NA,NA,NA,NA,NA,NA,NA,NA,NA,NA,NA,NA,NA,NA,NA,NA,NA,NA,NA,NA,0.8511583,NA,NA,NA,NA,NA,1,C10orf90,118611,GWAS,1,6,0
0.313825249037102,ENSG00000036448,MYOM2,protein_coding,0.514327364682228,NA,NA,GCST90480192,0.846029460430145,NA,NA,NA,NA,NA,NA,NA,NA,NA,NA,NA,NA,NA,NA,NA,NA,NA,NA,NA,NA,NA,NA,NA,NA,NA,NA,NA,NA,NA,NA,NA,NA,0.8460295,NA,NA,NA,NA,NA,1,MYOM2,9172,GWAS,1,165,4
0.313622700139474,ENSG00000072952,IRAG1,protein_coding,0.515885527385032,NA,NA,GCST90475936,0.848592519760132,NA,NA,NA,NA,NA,NA,NA,0.8485925,NA,NA,NA,NA,NA,NA,NA,NA,NA,NA,NA,NA,NA,NA,NA,NA,NA,NA,NA,NA,NA,NA,NA,NA,NA,NA,NA,NA,NA,NA,1,MRVI1,10335,GWAS,1,1,NA
0.313494497375795,ENSG00000138131,LOXL4,protein_coding,0.515674643573614,NA,NA,GCST90480200,0.792405545711517,NA,NA,NA,NA,NA,NA,NA,NA,NA,NA,NA,NA,NA,NA,NA,NA,0.7924055,NA,NA,NA,NA,NA,NA,NA,NA,NA,NA,NA,NA,NA,NA,NA,NA,NA,NA,NA,NA,NA,1,LOXL4,84171,GWAS,1,24,0
0.313465239163751,ENSG00000112699,GMDS,protein_coding,0.515626516036467,NA,NA,FINNGEN_R12_I9_CORATHER,0.848166465759277,NA,NA,NA,NA,NA,0.8481665,NA,NA,NA,NA,NA,NA,NA,NA,NA,NA,NA,NA,NA,NA,NA,NA,NA,NA,NA,NA,NA,NA,NA,NA,NA,NA,NA,NA,NA,NA,NA,NA,1,GMDS,2762,GWAS,1,90,1
0.313401884691705,ENSG00000153823,PID1,protein_coding,0.515522302740654,NA,NA,GCST90475936,0.847995042800903,NA,NA,NA,NA,NA,NA,NA,0.847995,NA,NA,NA,NA,NA,NA,NA,NA,NA,NA,NA,NA,NA,NA,NA,NA,NA,NA,NA,NA,NA,NA,NA,NA,NA,NA,NA,NA,NA,NA,1,PID1,55022,GWAS,1,28,3
0.312252994242007,ENSG00000108379,WNT3,protein_coding,0.513632465189715,NA,NA,GCST90480132,0.828288435935974,NA,NA,NA,0.8282884,NA,NA,NA,NA,NA,NA,NA,NA,NA,NA,NA,NA,NA,NA,NA,NA,NA,NA,NA,NA,NA,NA,NA,NA,NA,NA,NA,NA,NA,NA,NA,NA,NA,NA,1,WNT3,7473,GWAS,1,144,2
0.311628222822737,ENSG00000257923,CUX1,protein_coding,0.5019521445109,NA,NA,GCST90475936,0.825673162937164,NA,NA,NA,NA,NA,NA,NA,0.8256732,NA,NA,NA,NA,NA,NA,NA,NA,NA,NA,NA,NA,NA,NA,NA,NA,NA,NA,NA,NA,NA,NA,NA,NA,NA,NA,NA,NA,NA,NA,1,CUX1,1523,GWAS,1,166,0
0.311496570405962,ENSG00000106460,TMEM106B,protein_coding,0.503117260753452,NA,NA,GCST90475936,0.827589690685272,NA,NA,NA,NA,NA,NA,NA,0.8275897,NA,NA,NA,NA,NA,NA,NA,NA,NA,NA,NA,NA,NA,NA,NA,NA,NA,NA,NA,NA,NA,NA,NA,NA,NA,NA,NA,NA,NA,NA,1,TMEM106B,54664,GWAS,1,34,2
0.311074400876368,ENSG00000146122,DAAM2,protein_coding,0.511693768597489,NA,NA,GCST90480199,0.84169739484787,NA,NA,NA,NA,NA,NA,NA,NA,NA,NA,NA,NA,NA,NA,NA,NA,NA,NA,NA,NA,NA,NA,NA,NA,NA,NA,NA,NA,NA,NA,NA,0.8416974,NA,NA,NA,NA,NA,NA,1,DAAM2,23500,GWAS,1,37,0
0.309396300399497,ENSG00000112038,OPRM1,protein_coding,0.50893342073641,NA,NA,GCST90475936,0.83715683221817,NA,NA,NA,NA,NA,NA,NA,0.8371568,NA,NA,NA,NA,NA,NA,NA,NA,NA,NA,NA,NA,NA,NA,NA,NA,NA,NA,NA,NA,NA,NA,NA,NA,NA,NA,NA,NA,NA,NA,1,OPRM1,4988,GWAS,1,245,4
0.308897152631041,ENSG00000197506,SLC28A3,protein_coding,0.508112360559139,NA,NA,GCST90480192,0.835806250572205,NA,NA,NA,NA,NA,NA,NA,NA,NA,NA,NA,NA,NA,NA,NA,NA,NA,NA,NA,NA,NA,NA,NA,NA,NA,NA,NA,NA,NA,NA,NA,NA,0.8358063,NA,NA,NA,NA,NA,1,SLC28A3,64078,GWAS,1,45,2
0.308321983901866,ENSG00000138152,BTBD16,protein_coding,0.507166251673991,NA,NA,GCST90475936,0.834249973297119,NA,NA,NA,NA,NA,NA,NA,0.83425,NA,NA,NA,NA,NA,NA,NA,NA,NA,NA,NA,NA,NA,NA,NA,NA,NA,NA,NA,NA,NA,NA,NA,NA,NA,NA,NA,NA,NA,NA,1,BTBD16,118663,GWAS,1,7,0
0.306913052697631,ENSG00000156299,TIAM1,protein_coding,0.503328839833513,NA,NA,GCST90480199,0.827937722206116,NA,NA,NA,NA,NA,NA,NA,NA,NA,NA,NA,NA,NA,NA,NA,NA,NA,NA,NA,NA,NA,NA,NA,NA,NA,NA,NA,NA,NA,NA,NA,0.8279377,NA,NA,NA,NA,NA,NA,1,TIAM1,7074,GWAS,1,172,1
0.306675869062481,ENSG00000140403,DNAJA4,protein_coding,0.504458517757808,NA,NA,GCST90475936,0.829795956611633,NA,NA,NA,NA,NA,NA,NA,0.829796,NA,NA,NA,NA,NA,NA,NA,NA,NA,NA,NA,NA,NA,NA,NA,NA,NA,NA,NA,NA,NA,NA,NA,NA,NA,NA,NA,NA,NA,NA,1,DNAJA4,55466,GWAS,1,91,0
0.306585221060927,ENSG00000196782,MAML3,protein_coding,0.504309408678437,NA,NA,GCST90475936,0.829550683498383,NA,NA,NA,NA,NA,NA,NA,0.8295507,NA,NA,NA,NA,NA,NA,NA,NA,NA,NA,NA,NA,NA,NA,NA,NA,NA,NA,NA,NA,NA,NA,NA,NA,NA,NA,NA,NA,NA,NA,1,MAML3,55534,GWAS,1,116,1
0.305789831658234,ENSG00000118898,PPL,protein_coding,0.503001053507391,NA,NA,GCST90475936,0.827398538589478,NA,NA,NA,NA,NA,NA,NA,0.8273985,NA,NA,NA,NA,NA,NA,NA,NA,NA,NA,NA,NA,NA,NA,NA,NA,NA,NA,NA,NA,NA,NA,NA,NA,NA,NA,NA,NA,NA,NA,1,PPL,5493,GWAS,1,100,0
0.304885356252213,ENSG00000165995,CACNB2,protein_coding,0.501513260144109,NA,NA,GCST90475936,0.824951231479645,NA,NA,NA,NA,NA,NA,NA,0.8249512,NA,NA,NA,NA,NA,NA,NA,NA,NA,NA,NA,NA,NA,NA,NA,NA,NA,NA,NA,NA,NA,NA,NA,NA,NA,NA,NA,NA,NA,NA,1,CACNB2,783,GWAS,1,181,2
0.304828478210898,ENSG00000213995,NAXD,protein_coding,0.501419700085073,NA,NA,GCST90480192,0.824797332286835,NA,NA,NA,NA,NA,NA,NA,NA,NA,NA,NA,NA,NA,NA,NA,NA,NA,NA,NA,NA,NA,NA,NA,NA,NA,NA,NA,NA,NA,NA,NA,NA,0.8247973,NA,NA,NA,NA,NA,1,NAXD,55739,GWAS,1,25,0
0.304599029152277,ENSG00000076685,NT5C2,protein_coding,0.500130377610002,NA,NA,GCST90475936,0.733235120773315,NA,NA,NA,NA,NA,NA,NA,0.7332351,NA,NA,NA,NA,NA,NA,NA,NA,NA,NA,NA,NA,NA,NA,NA,NA,NA,NA,NA,NA,NA,NA,NA,NA,NA,NA,NA,NA,NA,NA,1,NT5C2,22978,GWAS,1,138,8
