NCBI.id,name
351,APP
348,APOE
6653,SORL1
102,ADAM10
1636,ACE
83464,APH1B
1378,CR1
2041,EPHA1
2896,GRN
10347,ABCA7
945,CD33
54209,TREM2
274,BIN1
5336,PLCG2
1191,CLU
8440,NCK2
64231,MS4A6A
23607,CD2AP
8301,PICALM
3635,INPP5D
57091,CASS4
1508,CTSB
81858,SHARPIN
54664,TMEM106B
123041,SLC24A4
2185,PTK2B
255426,RASGEF1C
5819,NECTIN2
146433,IL34
22834,ZNF652
643680,MS4A4E
79895,ATP8B4
29992,PILRA
51225,ABI3
5652,PRSS8
10979,FERMT2
19,ABCA1
81619,TSPAN14
3425,IDUA
1012,CDH13
54629,MINDY2
79817,MOB3B
54986,ULK4
79993,ELOVL7
26047,CNTNAP2
5142,PDE4B
8030,CCDC6
50507,NOX4
9833,MELK
353514,LILRA5
338,APOB
245802,MS4A6E
9712,USP6NL
9256,TSPOAP1
283807,FBXL22
11105,PRDM7
56979,PRDM9
341,APOC1
10452,TOMM40
3570,IL6R
509,ATP5F1C
463,ZFHX3
4314,MMP3
9960,USP3
221935,SDK1
6910,TBX5
10806,SDCCAG8
23576,DDAH1
2036,EPB41L1
3486,IGFBP3
374900,ZNF568
9917,FAM20B
84888,SPPL2A
1795,DOCK3
857,CAV1
5799,PTPRN2
79591,ARMH3
7424,VEGFC
58508,KMT2C
2766,GMPR
3899,AFF3
169792,GLIS3
79746,ECHDC3
25902,MTHFD1L
5670,PSG2
10160,FARP1
2053,EPHX2
343472,BARHL2
6934,TCF7L2
79097,TRIM48
9388,LIPG
7336,UBE2V2
9612,NCOR2
148545,NBPF4
54769,DIRAS2
4856,CCN3
57118,CAMK1D
55638,SYBU
79718,TBL1XR1
55253,TYW1
202559,KHDRBS2
4773,NFATC2
57706,DENND1A
7100,TLR5
283463,MUC19
10021,HCN4
10616,RBCK1
28969,BZW2
79109,MAPKAP1
3760,KCNJ3
23779,ARHGAP8
10678,B3GNT2
166647,ADGRA3
23198,PSME4
257194,NEGR1
399,RHOH
151963,MB21D2
64682,ANAPC1
55160,ARHGEF10L
7003,TEAD1
56853,CELF4
129684,CNTNAP5
1734,DIO2
1390,CREM
8726,EED
84978,FRMD5
10565,ARFGEF1
221443,OARD1
5139,PDE3A
9884,LRRC37A
10861,SLC26A1
9859,CEP170
85456,TNKS1BP1
11099,PTPN21
1813,DRD2
2099,ESR1
2242,FES
777,CACNA1E
145581,LRFN5
93986,FOXP2
4684,NCAM1
6925,TCF4
55553,SOX6
3096,HIVEP1
23228,PLCL2
91752,ZNF804A
9628,RGS6
2913,GRM3
8379,MAD1L1
64839,FBXL17
22997,IGSF9B
83992,CTTNBP2
2890,GRIA1
22986,SORCS3
27445,PCLO
55714,TENM3
10777,ARPP21
203062,TSNARE1
406,ARNTL
64116,SLC39A8
6671,SP4
57452,GALNT16
1946,EFNA5
6444,SGCD
3547,IGSF1
2915,GRM5
5727,PTCH1
5080,PAX6
54861,SNRK
158293,FAM120AOS
1630,DCC
5874,RAB27B
4842,NOS1
4137,MAPT
8428,STK24
153396,TMEM161B
54715,RBFOX1
23657,SLC7A11
51319,RSRC1
26052,DNM3
958,CD40
1136,CHRNA3
51347,TAOK3
64127,NOD2
2186,BPTF
5629,PROX1
81562,LMAN2L
1993,ELAVL2
64067,NPAS3
2918,GRM8
80145,THOC7
27086,FOXP1
4613,MYCN
83943,IMMP2L
9202,ZMYM4
10458,BAIAP2
4915,NTRK2
1441,CSF3R
5045,FURIN
2018,EMX2
84418,CYSTM1
84894,LINGO1
83539,CHST9
54207,KCNK10
64919,BCL11B
10645,CAMKK2
5096,PCCB
10439,OLFM1
4221,MEN1
56952,PRTFDC1
8609,KLF7
1805,DPT
283446,MYO1H
8050,PDHX
64478,CSMD1
3796,KIF2A
3745,KCNB1
26051,PPP1R16B
5015,OTX2
2272,FHIT
3694,ITGB6
28983,TMPRSS11E
4482,MSRA
255738,PCSK9
3949,LDLR
64241,ABCG8
4018,LPA
6272,SORT1
1952,CELSR2
1071,CETP
51129,ANGPTL4
1909,EDNRA
1282,COL4A1
57608,JCAD
84439,HHIPL1
51530,ZC3HC1
64093,SMOC1
1030,CDKN2B
6580,SLC22A1
1284,COL4A2
2982,GUCY1A1
6927,HNF1A
1029,CDKN2A
2335,FN1
1026,CDKN1A
10019,SH2B3
3988,LIPA
4321,MMP12
8613,PLPP3
64693,CTAGE1
6943,TCF21
221692,PHACTR1
375056,MIA3
64240,ABCG5
5265,SERPINA1
11173,ADAMTS7
143872,ARHGAP42
4092,SMAD7
3569,IL6
5654,HTRA1
10933,MORF4L1
871,SERPINH1
2153,F5
55201,MAP1S
26084,ARHGEF26
4023,LPL
154150,HDGFL1
4088,SMAD3
51715,RAB23
5581,PRKCE
481,ATP1B1
84959,UBASH3B
5340,PLG
4507,MTAP
7291,TWIST1
5074,PAWR
79991,STN1
79068,FTO
7145,TNS1
7040,TGFB1
22808,MRAS
200150,PLD5
5978,REST
4216,MAP3K4
154091,SLC2A12
63976,PRDM16
8645,KCNK5
414301,DDI1
84722,PSRC1
285440,CYP4V2
1138,CHRNA5
5432,POLR2C
10221,TRIB1
949,SCARB1
9037,SEMA5A
8882,ZPR1
55843,ARHGAP15
23263,MCF2L
128869,PIGU
2983,GUCY1B1
7372,UMPS
27291,R3HCC1L
2273,FHL1
9839,ZEB2
490,ATP2B1
3482,IGF2R
6655,SOS2
79987,SVEP1
152485,ZNF827
28,ABO
1137,CHRNA4
9745,ZNF536
84811,BUD13
79800,CARF
64858,DCLRE1B
57596,BEGAIN
6581,SLC22A3
220963,SLC16A9
55603,TENT5A
4240,MFGE8
2590,GALNT2
5648,MASP1
8728,ADAM19
51207,DUSP13
3145,HMBS
25825,BACE2
55006,TRMT61B
9992,KCNE2
6387,CXCL12
79977,GRHL2
221955,DAGLB
84181,CHD6
55759,WDR12
5371,PML
121274,ZNF641
6900,CNTN2
8872,CDC123
83449,PMFBP1
2321,FLT1
6416,MAP2K4
23705,CADM1
221391,OPN5
80005,DOCK5
83605,CCM2
55118,CRTAC1
55733,HHAT
57057,TBX20
146395,GSG1L
10873,ME3
54360,CYTL1
7484,WNT9B
10946,SF3A3
1812,DRD1
5046,PCSK6
285489,DOK7
22931,RAB18
79628,SH3TC2
118611,C10orf90
9172,MYOM2
10335,MRVI1
84171,LOXL4
2762,GMDS
55022,PID1
7473,WNT3
1523,CUX1
23500,DAAM2
4988,OPRM1
64078,SLC28A3
118663,BTBD16
7074,TIAM1
55466,DNAJA4
55534,MAML3
5493,PPL
783,CACNB2
55739,NAXD
22978,NT5C2
2312,FLG
3566,IL4R
90865,IL33
85480,TSLP
134,ADORA1
3596,IL13
5144,PDE4D
9173,IL1RL1
7096,TLR1
60468,BACH2
7292,TNFSF4
6821,SUOX
54491,OTULINL
3575,IL7R
50615,IL21R
7103,TSPAN8
943,TNFRSF8
728294,D2HGDH
2625,GATA3
255743,NPNT
3659,IRF1
5588,PRKCQ
861,RUNX1
9840,TESPA1
84433,CARD11
134430,WDR36
864,RUNX3
10154,PLXNC1
2720,GLB1
5788,PTPRC
3696,ITGB8
10018,BCL2L11
4026,LPP
55876,GSDMB
25816,TNFAIP8
4792,NFKBIA
4609,MYC
8710,SERPINB7
2615,LRRC32
221895,JAZF1
51564,HDAC7
7764,ZNF217
3559,IL2RA
80762,NDFIP1
56301,SLC7A10
3558,IL2
64109,CRLF2
6584,SLC22A5
11201,POLI
57188,ADAMTSL3
7128,TNFAIP3
222256,CDHR3
7187,TRAF3
26953,RANBP6
9101,USP8
26034,IPCEF1
8792,TNFRSF11A
3400,ID4
4586,MUC5AC
54806,AHI1
1116,CHI3L1
23235,SIK2
940,CD28
8809,IL18R1
26999,CYFIP2
81545,FBXO38
6778,STAT6
79899,PRR5L
92714,ARRDC1
10912,GADD45G
2769,GNA15
117283,IP6K3
23176,SEPTIN8
89882,TPD52L3
23274,CLEC16A
389015,SLC9A4
919,CD247
80176,SPSB1
10007,GNPDA1
642987,TMEM232
10783,NEK6
3662,IRF4
60678,EEFSEC
81793,TLR10
3087,HHEX
375387,NRROS
6777,STAT5B
6364,CCL20
6549,SLC9A2
3832,KIF11
197370,NSMCE1
5195,PEX14
57511,COG6
677,ZFP36L1
57863,CADM3
337867,UBAC2
5890,RAD51B
9448,MAP4K4
1437,CSF2
3707,ITPKB
79890,RIN3
1438,CSF2RA
9474,ATG5
79719,AAGAB
7046,TGFBR1
10111,RAD50
710,SERPING1
30009,TBX21
253461,ZBTB38
164781,DAW1
8807,IL18RAP
6097,RORC
5796,PTPRK
54103,GSAP
59067,IL21
473,RERE
131450,CD200R1
29919,RMC1
2122,MECOM
11033,ADAP1
219931,TPCN2
84961,FBXL20
9415,FADS2
56946,EMSY
10952,SEC61B
6583,SLC22A4
6231,RPS26
8808,IL1RL2
10333,TLR6
157285,PRAG1
7185,TRAF1
5869,RAB5B
6095,RORA
340273,ABCB5
84071,ARMC2
130340,AP1S3
84991,RBM17
90268,OTULIN
1803,DPP4
9644,SH3PXD2A
1307,COL16A1
6605,SMARCE1
64135,IFIH1
124626,ZPBP2
121665,SPPL3
8028,MLLT10
7049,TGFBR3
22828,SCAF8
124783,SPATA32
56990,CDC42SE2
26251,KCNG2
7114,TMSB4X
284382,ACTL9
57589,RIC1
23429,RYBP
353134,LCE1D
93210,PGAP3
3992,FADS1
84152,PPP1R1B
27067,STAU2
64399,HHIP
50651,SLC45A1
65986,ZBTB10
79753,SNIP1
688,KLF5
3717,JAK2
388697,HRNR
51735,RAPGEF6
685,BTC
51274,KLF3
11127,KIF3A
64090,GAL3ST2
340152,ZC3H12D
51750,RTEL1
8189,SYMPK
7008,TEF
56603,CYP26B1
3560,IL2RB
51057,WDPCP
944,TNFSF8
5334,PLCL1
96459,FNIP1
192666,KRT24
4862,NPAS2
7803,PTP4A1
11232,POLG2
148156,ZNF558
1293,COL6A3
8722,CTSF
10320,IKZF1
9694,EMC2
9966,TNFSF15
5468,PPARG
1118,CHIT1
10666,CD226
602,BCL3
91137,SLC25A46
143903,LAYN
8648,NCOA1
133584,EGFLAM
57578,UNC79
54790,TET2
6565,SLC15A2
221937,FOXK1
286046,XKR6
8600,TNFSF11
57222,ERGIC1
27244,SESN1
148581,UBE2U
26059,ERC2
4089,SMAD4
5734,PTGER4
7399,USH2A
51776,MAP3K20
6954,TCP11
3553,IL1B
79875,THSD4
3398,ID2
56172,ANKH
115426,UHRF2
133482,SLCO6A1
84885,ZDHHC12
81606,LBH
9258,MFHAS1
93649,MYOCD
23305,ACSL6
3064,HTT
5289,PIK3C3
94025,MUC16
7064,THOP1
4836,NMT1
80017,DGLUCY
57688,ZSWIM6
4430,MYO1B
4686,NCBP1
5325,PLAGL1
140545,RNF32
56986,DTWD1
84890,ADO
83938,LRMDA
84844,PHF5A
2255,FGF10
23075,SWAP70
8607,RUVBL1
5450,POU2AF1
171484,FAM9C
5253,PHF2
1848,DUSP6
4208,MEF2C
80031,SEMA6D
1006,CDH8
2903,GRIN2A
862,RUNX1T1
645369,TMEM200C
79893,GGNBP2
6487,ST3GAL3
627,BDNF
7021,TFAP2B
6657,SOX2
729993,SHISA9
5792,PTPRF
57492,ARID1B
22803,XRN2
58489,ABHD17C
10000,AKT3
80731,THSD7B
10010,TANK
26053,AUTS2
253559,CADM2
56934,CA10
4900,NRGN
55857,KIZ
27327,TNRC6A
83741,TFAP2D
6733,SRPK2
5454,POU3F2
55799,CACNA2D3
80179,MYO19
5099,PCDH7
775,CACNA1C
136332,LRGUK
387103,CENPW
9472,AKAP6
84966,IGSF21
27319,BHLHE22
1806,DPYD
1996,ELAVL4
9442,MED27
79058,ASPSCR1
5924,RASGRF2
79582,SPAG16
29945,ANAPC4
79739,TTLL7
57451,TENM2
10631,POSTN
104,ADARB1
10404,CPQ
2309,FOXO3
64219,PJA1
285672,SREK1IP1
140733,MACROD2
9779,TBC1D5
64084,CLSTN2
150465,TTL
6687,SPG7
84107,ZIC4
11022,TDRKH
53335,BCL11A
81930,KIF18A
4892,NRAP
9863,MAGI2
282974,STK32C
57624,NYAP2
3480,IGF1R
10274,STAG1
91584,PLXNA4
84251,SGIP1
5188,GATB
2072,ERCC4
64131,XYLT1
2104,ESRRG
152404,IGSF11
124842,TMEM132E
57332,CBX8
200734,SPRED2
6496,SIX3
776,CACNA1D
26058,GIGYF2
84643,KIF2B
253769,WDR27
57531,HACE1
54805,CNNM2
88,ACTN2
2802,GOLGA3
2047,EPHB1
58155,PTBP2
389136,VGLL3
83698,CALN1
2260,FGFR1
4916,NTRK3
54796,BNC2
7324,UBE2E1
23201,FAM168A
137835,TMEM71
6857,SYT1
128553,TSHZ2
84726,PRRC2B
9369,NRXN3
338645,LUZP2
196528,ARID2
285877,POM121L12
11148,HHLA2
3908,LAMA2
22807,IKZF2
6092,ROBO2
59338,PLEKHA1
57532,NUFIP2
9904,RBM19
23670,CEMIP2
6326,SCN2A
288,ANK3
221981,THSD7A
108,ADCY2
1687,GSDME
57519,STARD9
10562,OLFM4
9892,SNAP91
26504,CNNM4
5079,PAX5
152330,CNTN4
84334,COA8
26010,SPATS2L
26011,TENM4
23345,SYNE1
1794,DOCK2
51650,MRPS33
22941,SHANK2
128488,WFDC12
8880,FUBP1
55755,CDK5RAP2
23767,FLRT3
55068,ENOX1
25791,NGEF
353267,RAMACL
7511,XPNPEP1
3699,ITIH3
7444,VRK2
2646,GCKR
57556,SEMA6A
10463,SLC30A9
6641,SNTB1
2119,ETV5
483,ATP1B3
366,AQP9
202865,C7orf33
961,CD47
56899,ANKS1B
8805,TRIM24
394,ARHGAP5
3773,KCNJ16
9231,DLG5
287015,TRIM42
63929,XPNPEP3
54510,PCDH18
9957,HS3ST1
26278,SACS
285671,RNF180
157638,LRATD2
90459,ERI1
3131,HLF
460,ASTN1
55604,CARMIL1
286144,TRIQK
10973,ASCC3
6660,SOX5
23613,ZMYND8
285556,C4orf54
2157,F8
7450,VWF
2158,F9
5624,PROC
2155,F7
2160,F11
5627,PROS1
2159,F10
462,SERPINC1
2266,FGG
8546,AP3B1
11093,ADAMTS13
3674,ITGA2B
2147,F2
3690,ITGB3
2243,FGA
7454,WAS
2244,FGB
11234,HPS5
3257,HPS1
89781,HPS4
3426,CFI
84343,HPS3
79803,HPS6
2161,F12
26258,BLOC1S6
4179,CD46
718,C3
3818,KLKB1
3998,LMAN1
2811,GP1BA
2120,ETV6
10235,RASGRP2
84062,DTNBP1
2162,F13A1
2677,GGCX
3827,KNG1
90411,MCFD2
5054,SERPINE1
3053,SERPIND1
8526,DGKE
63915,BLOC1S5
3075,CFH
7456,WIPF1
2165,F13B
5345,SERPINF2
29922,NME7
80133,MROH9
10560,SLC19A2
23555,TSPAN15
92344,GORAB
390113,OR4X1
5308,PITX2
5121,PCP4
200403,VWA3B
55626,AMBRA1
9462,RASAL2
5396,PRRX1
57101,ANO2
7143,TNR
4038,LRP4
120400,NXPE1
23360,FNBP4
55660,PRPF40A
55157,DARS2
79838,TMC5
6403,SELP
22920,KIFAP3
55107,ANO1
92346,C1orf105
2651,GCNT2
7068,THRB
23245,ASTN2
171425,CLYBL
9915,ARNT2
170691,ADAMTS17
54908,SPDL1
10079,ATP9A
79613,TANGO6
121278,TPH2
10954,PDIA5
431707,LHX8
1788,DNMT3A
55811,ADCY10
5520,PPP2R2A
57555,NLGN2
3952,LEP
8831,SYNGAP1
23382,AHCYL2
22871,NLGN1
22839,DLGAP4
3065,HDAC1
271,AMPD2
10768,AHCYL1
4831,NME2
654364,NME1-NME2
4832,NME3
23091,ZC3H13
815,CAMK2A
5290,PIK3CA
4149,MAX
3107,HLA-C
5590,PRKCZ
4775,NFATC3
9228,DLGAP2
2911,GRM1
55312,RFK
27043,PELP1
4830,NME1
26523,AGO1
284161,GDPD1
2885,GRB2
1740,DLG2
22916,NCBP2
990,CDC6
80347,COASY
204,AK2
377841,ENTPD8
80025,PANK2
53354,PANK1
7150,TOP1
9455,HOMER2
2550,GABBR1
10135,NAMPT
4833,NME4
79153,GDPD3
4851,NOTCH1
4893,NRAS
1789,DNMT3B
2796,GNRH1
11317,RBPJL
8899,PRPF4B
2592,GALT
598,BCL2L1
10254,STAM2
7249,TSC2
5693,PSMB5
58512,DLGAP3
5695,PSMB7
3550,IK
496,ATP4B
3852,KRT5
1856,DVL2
4306,NR3C2
4838,NODAL
8697,CDC23
4739,NEDD9
5979,RET
9586,CREB5
662,BNIP1
760,CA2
79778,MICALL2
1876,E2F6
5781,PTPN11
84612,PARD6B
9229,DLGAP1
3240,HP
6604,SMARCD3
5173,PDYN
8677,STX10
10992,SF3B2
27231,NMRK2
10193,RNF41
5692,PSMB4
957,ENTPD5
50808,AK3
60490,PPCDC
57680,CHD8
1399,CRKL
54556,ING3
1039,CDR2
5702,PSMC3
5705,PSMC5
58506,SCAF1
2889,RAPGEF1
115024,NT5C3B
3592,IL12A
3630,INS
9184,BUB3
3297,HSF1
51652,CHMP3
5713,PSMD7
124583,CANT1
23266,ADGRL2
5521,PPP2R2B
955,ENTPD6
635,BHMT
10488,CREB3
5691,PSMB3
8556,CDC14A
79646,PANK3
7536,SF1
28971,AAMDC
368,ABCC6
26090,ABHD12
8310,ACOX3
81569,ACTL8
653857,ACTR3C
9509,ADAMTS2
141,ADPRH
84830,ADTRP
4299,AFF1
445815,PALM2AKAP2
229,ALDOB
284,ANGPT1
63982,ANO3
121601,ANO4
51676,ASB2
51130,ASB3
80816,ASXL3
85300,ATCAY
6310,ATXN1
7917,BAG6
56647,BCCIP
2972,BRF1
55643,BTBD2
55727,BTBD7
114781,BTBD9
644041,C18orf63
127795,C1orf87
140873,C20orf173
152940,C4orf45
133491,C5orf47
773,CACNA1A
863,CBFA2T3
130940,CCDC148
91050,CCDC149
203238,CCDC171
114800,CCDC85A
933,CD22
3732,CD82
926,CD8B
1010,CDH12
10659,CELF2
84984,CEP19
9023,CH25H
84303,CHCHD6
10752,CHL1
10970,CKAP4
1310,COL19A1
1286,COL4A4
81035,COLEC12
10063,COX17
55057,CRYBG2
1434,CSE1L
1496,CTNNA2
606495,CYB5RL
23191,CYFIP1
9420,CYP7B1
1600,DAB1
780,DDR1
27147,DENND2A
55760,DHX32
85455,DISP2
90871,DMAC1
8701,DNAH11
548645,DNAJC25
10072,DPP3
1804,DPP6
80820,EEPD1
374786,EFCAB5
79813,EHMT1
83989,FAM172A
25793,FBXO7
2342,FNTB
54914,FOCAD
80144,FRAS1
166752,FREM3
55691,FRMD4A
2530,FUT8
2560,GABRB1
374378,GALNT18
2650,GCNT1
9837,GINS1
26354,GNL3
29899,GPSM2
2897,GRIK1
2868,GRK4
2917,GRM7
9200,HACD1
3017,H2BC5
9951,HS3ST4
10643,IGF2BP3
8821,INPP4B
284058,KANSL1
23254,KAZN
80333,KCNIP4
54758,KLHDC4
8844,KSR1
3903,LAIR1
4017,LOXL2
145497,LRRC74A
284348,LYPD5
84441,MAML2
161357,MDGA2
23389,MED13L
81857,MED25
4277,MICB
326625,MMAB
4343,MOV10
51253,MRPL37
124540,MSI2
10651,MTX2
23040,MYT1L
23218,NBEAL2
344148,NCKAP5
9348,NDST3
5818,NECTIN1
4774,NFIA
161424,NOP9
9722,NOS1AP
9423,NTN1
390093,OR10A6
81050,OR5AC2
81696,OR5V1
117583,PARD3B
25849,PARM1
25973,PARS2
5137,PDE1C
2923,PDIA3
157310,PEBP4
54965,PIGX
5315,PKM
23236,PLCB1
64091,POPDC2
147699,PPM1N
145376,PPP1R36
5698,PSMB9
5789,PTPRD
5793,PTPRG
150962,PUS10
26064,RAI14
23108,RAP1GAP2
153020,RASGEF1B
9821,RB1CC1
79785,RERGL
6000,RGS7
57414,RHBDD2
162494,RHBDL3
57484,RNF150
6262,RYR2
6263,RYR3
389432,SAMD5
23328,SASH1
10067,SCAMP3
11196,SEC23IP
23544,SEZ6L
57713,SFMBT2
389376,SFTA2
9905,SGSM2
344558,SH3RF3
10246,SLC17A2
29957,SLC25A24
9154,SLC28A1
148641,SLC35F3
221074,SLC39A12
125206,SLC5A10
6578,SLCO2A1
6595,SMARCA2
92017,SNX29
6695,SPOCK1
50859,SPOCK3
55304,SPTLC3
57522,SRGAP1
6480,ST6GAL1
23166,STAB1
57620,STIM2
56977,STOX2
10923,SUB1
442038,SULT1C3
94120,SYTL3
6867,TACC1
6890,TAP1
7098,TLR3
51768,TM7SF3
92293,TMEM132C
54916,TMEM260
57156,TMEM63C
83857,TMTC1
27324,TOX3
22974,TPX2
7726,TRIM26
11074,TRIM31
25987,TSKU
125488,TTC39C
158135,TTLL11
203068,TUBB
56886,UGGT1
54346,UNC93A
7390,UROS
85015,USP45
55031,USP47
7402,UTRN
5212,VIT
7529,YWHAB
23144,ZC3H3
29066,ZC3H7A
79698,ZMAT4
8427,ZNF282
284349,ZNF283
151126,ZNF385B
23090,ZNF423
131368,ZPLD1
649137,ZSCAN5C
23140,ZZEF1
1080,CFTR
2908,NR3C1
10144,FAM13A
57211,ADGRG6
26112,CCDC69
1143,CHRNB4
6331,SCN5A
7042,TGFB2
1306,COL15A1
5915,RARB
642968,FAM163B
8853,ASAP2
6239,RREB1
1135,CHRNA2
23255,MTCL1
5090,PBX3
7356,SCGB1A1
111,ADCY5
217,ALDH2
117581,TWIST2
2996,GYPE
60312,AFAP1
10446,LRRN2
8550,MAPKAPK5
100113407,TMEM170B
4781,NFIB
54897,CASZ1
3658,IREB2
57553,MICAL3
1832,DSP
155185,AMZ1
5685,PSMA4
1009,CDH11
283450,HECTD4
100820829,MYZAP
3752,KCND3
9862,MED24
10288,LILRB2
2994,GYPB
2215,FCGR3B
56913,C1GALT1
2006,ELN
221496,LEMD2
80267,EDEM3
51176,LEF1
9914,ATP2C2
220441,RNF152
6643,SNX2
2202,EFEMP1
166815,TIGD2
80724,ACAD10
6336,SCN10A
79961,DENND2D
3762,KCNJ5
6833,ABCC8
27303,RBMS3
7155,TOP2B
87,ACTN1
8190,MIA
10906,TRAFD1
51807,TUBA8
7222,TRPC3
23177,CEP68
2969,GTF2I
3593,IL12B
3676,ITGA4
3586,IL10
149233,IL23R
7297,TYK2
6774,STAT3
144811,LACC1
2859,GPR35
3460,IFNGR2
26191,PTPN22
55054,ATG16L1
159296,NKX2-3
5771,PTPN2
8477,GPR65
54901,CDKAL1
117289,TAGAP
84629,TNRC18
4485,MST1
55765,INAVA
160857,CCDC122
3595,IL12RB2
11262,SP140
345611,IRGM
3663,IRF5
2355,FOSL2
29949,IL19
10125,RASGRP1
1326,MAP3K8
11116,FGFR1OP
6347,CCL2
4689,NCF4
128611,ZNF831
55024,BANK1
2581,GALC
84870,RSPO3
113,ADCY7
8453,CUL2
11315,PARK7
2353,FOS
639,PRDM1
63892,THADA
163486,DENND1B
124460,SNX20
5155,PDGFB
1540,CYLD
8635,RNASET2
9180,OSMR
79722,ANKRD55
132612,ADAD1
5536,PPP5C
400757,C1orf141
9844,ELMO1
80315,CPEB4
26119,LDLRAP1
246778,IL27
9516,LITAF
1997,ELF1
1439,CSF2RB
55911,APOBR
109,ADCY3
26040,SETBP1
64170,CARD9
6354,CCL7
90355,C5orf30
4318,MMP9
1611,DAP
2212,FCGR2A
1573,CYP2J2
23436,CELA3B
6659,SOX4
64167,ERAP2
23418,CRB1
8767,RIPK2
91869,RFT1
55289,ACOXL
7132,TNFRSF1A
923,CD6
5579,PRKCB
3431,SP110
22904,SBNO2
8651,SOCS1
53347,UBASH3A
3083,HGFAC
6366,CCL21
1847,DUSP5
84072,HORMAD1
9736,USP34
5163,PDK1
100505478,TEX48
2524,FUT2
143162,FRMPD2
4345,CD200
5922,RASA2
441061,MARCHF11
9919,SEC16A
5443,POMC
9145,SYNGR1
11193,WBP4
387357,THEMIS
4790,NFKB1
818,CAMK2G
23315,SLC9A8
6464,SHC1
10318,TNIP1
355,FAS
4261,CIITA
51752,ERAP1
54859,ELP6
2494,NR5A2
54206,ERRFI1
4772,NFATC1
4249,MGAT5
2004,ELK3
85463,ZC3H12C
55007,FAM118A
5711,PSMD5
2308,FOXO1
26015,RPAP1
150280,HORMAD2
7099,TLR4
375743,PTAR1
389421,LIN28B
145173,B3GLCT
54875,CNTLN
2250,FGF5
4898,NRDC
11096,ADAMTS5
51334,PRR16
64326,COP1
9870,AREL1
2100,ESR2
10253,SPRY2
51594,NBAS
1002,CDH4
4883,NPR3
84186,ZCCHC7
7013,TERF1
105,ADARB2
51108,METTL9
23196,FAM120A
388135,INSYN1
3777,KCNK3
2899,GRIK3
493860,CCDC73
54970,TTC12
90187,EMILIN3
1004,CDH6
1007,CDH9
53942,CNTN5
4293,MAP3K9
5101,PCDH9
747,DAGLA
256369,CCDC197
266727,MDGA1
56252,YLPM1
9378,NRXN1
341019,DCDC1
84871,AGBL4
389206,BEND4
9522,SCAMP1
80323,CCDC68
125,ADH1B
134187,POU5F2
9760,TOX
2066,ERBB4
10261,IGSF6
4850,CNOT4
55129,ANO10
55343,SLC35C1
5937,RBMS1
727897,MUC5B
266722,HS6ST3
55827,DCAF6
40,ASIC2
65217,PCDH15
146183,OTOA
6827,SUPT4H1
91,ACVR1B
57528,KCTD16
80212,CCDC92
7482,WNT2B
51268,PIPOX
22989,MYH15
60412,EXOC4
84779,NAA11
391013,PLA2G2C
7299,TYR
161514,TBC1D21
9933,PUM3
285382,C3orf70
1643,DDB2
51305,KCNK9
3207,HOXA11
9848,MFAP3L
3381,IBSP
10082,GPC6
55062,WIPI1
57480,PLEKHG1
65061,CDK15
89797,NAV2
1411,CRYBA1
9553,MRPL33
4591,TRIM37
2850,GPR27
154215,NKAIN2
56987,BBX
147991,DPY19L3
79776,ZFHX4
114795,TMEM132B
3767,KCNJ11
2645,GCK
3643,INSR
3172,HNF4A
6928,HNF1B
7466,WFS1
2740,GLP1R
6514,SLC2A2
222546,RFX6
64897,C12orf43
4724,NDUFS4
169026,SLC30A8
799,CALCR
50674,NEUROG3
3175,ONECUT1
3784,KCNQ1
153,ADRB1
4160,MC4R
5066,PAM
147,ADRA1B
2888,GRB14
3990,LIPC
3953,LEPR
7325,UBE2E2
4544,MTNR1B
283455,KSR2
9365,KL
1504,CTRB1
894,CCND2
8660,IRS2
80339,PNPLA3
7037,TFRC
2922,GRP
2264,FGFR4
10644,IGF2BP2
3667,IRS1
1512,CTSH
1493,CTLA4
8091,HMGA2
440387,CTRB2
2813,GP2
1607,DGKB
55423,SIRPG
9866,TRIM66
9671,WSCD2
7088,TLE1
64641,EBF2
55930,MYO5C
26137,ZBTB20
57666,FBRSL1
6314,ATXN7
4054,LTBP3
2139,EYA2
3156,HMGCR
54855,TENT5C
83795,KCNK16
23338,JADE2
58516,SINHCAF
116150,NUS1
57103,TIGAR
2113,ETS1
56999,ADAMTS9
5122,PCSK1
136259,KLF14
9861,PSMD6
8638,OASL
5236,PGM1
84561,SLC12A8
10363,HMG20A
7227,TRPS1
6344,SCTR
23129,PLXND1
94241,TP53INP1
26086,GPSM1
2081,ERN1
2261,FGFR3
2115,ETV1
389840,MAP3K15
55717,WDR11
53918,PELO
55793,MINDY1
130399,ACVR1C
8761,PABPC4
6506,SLC1A2
23456,ABCB10
595,CCND1
89822,KCNK17
6745,SSR1
79834,PEAK1
5092,PCBD1
10239,AP3S2
116985,ARAP1
3098,HK1
1027,CDKN1B
134359,POC5
26575,RGS17
3672,ITGA1
55294,FBXW7
57178,ZMIZ1
57673,BEND3
1395,CRHR2
3710,ITPR3
284217,LAMA1
816,CAMK2B
100287284,MANSC4
4853,NOTCH2
23051,ZHX3
11142,PKIG
486,FXYD2
84159,ARID5B
29128,UHRF1
57818,G6PC2
157848,NKX6-3
8633,UNC5C
643136,ZC3H11B
23211,ZC3H4
132299,OCIAD2
3097,HIVEP2
286,ANK1
4154,MBNL1
2849,GPR26
1357,CPA1
3159,HMGA1
9439,MED23
6049,RNF6
80790,CMIP
5108,PCM1
489,ATP2A3
1757,SARDH
254251,LCORL
131034,CPNE4
222234,FAM185A
2887,GRB10
23499,MACF1
744,MPPED2
23017,FAIM2
57224,NHSL1
9690,UBE3C
158038,LINGO2
91694,LONRF1
596,BCL2
79668,PARP8
9055,PRC1
1028,CDKN1C
56648,EIF5A2
89866,SEC16B
3146,HMGB1
3170,FOXA2
1005,CDH7
7273,TTN
5071,PRKN
57542,KLHL42
5523,PPP2R3A
54801,HAUS6
56034,PDGFC
5728,PTEN
2180,ACSL1
514,ATP5F1E
22913,RALY
22837,COBLL1
80309,SPHKAP
222389,BEND7
374383,NCR3LG1
313,AOAH
5738,PTGFRN
57497,LRFN2
8527,DGKD
151258,SLC38A11
128866,CHMP4B
6938,TCF12
29999,FSCN3
27250,PDCD4
56704,JPH1
23493,HEY2
3597,IL13RA1
7486,WRN
11124,FAF1
197358,NLRC3
51085,MLXIPL
10725,NFAT5
162515,SLC16A11
116461,TSEN15
54847,SIDT1
10809,STARD10
9819,TSC22D2
153241,CEP120
2894,GRID1
54465,ETAA1
337,APOA4
1408,CRY2
54708,MARCHF5
5028,P2RY1
220064,LTO1
6462,SHBG
79672,FN3KRP
25817,TAFA5
64778,FNDC3B
9734,HDAC9
78997,GDAP1L1
79832,QSER1
3700,ITIH4
2114,ETS2
4825,NKX6-1
54832,VPS13C
133746,JMY
4864,NPC1
144348,ZNF664
54622,ARL15
152273,FGD5
9267,CYTH1
8618,CADPS
51144,HSD17B12
92597,MOB1B
84456,L3MBTL3
10655,DMRT2
55227,LRRC1
1112,FOXN3
415116,PIM3
846,CASR
84327,ZBED3
10336,PCGF3
5587,PRKD1
728780,ANKDD1B
383,ARG1
26276,VPS33B
23414,ZFPM2
84163,GTF2IRD2
114904,C1QTNF6
2565,GABRG1
10207,PATJ
6729,SRP54
56916,SMARCAD1
5530,PPP3CA
2591,GALNT3
57158,JPH2
4223,MEOX2
57665,RDH14
5310,PKD1
55746,NUP133
22879,MON1B
57616,TSHZ3
2563,GABRD
381,ARF5
91433,RCCD1
10758,TRAF3IP2
2736,GLI2
578,BAK1
6558,SLC12A2
3416,IDE
64123,ADGRL4
113835,ZNF257
2891,GRIA2
90627,STARD13
54543,TOMM7
9340,GLP2R
10075,HUWE1
6497,SKI
3625,INHBB
5557,PRIM1
7104,TM4SF4
2065,ERBB3
84986,ARHGAP19
4605,MYBL2
84196,USP48
148479,PHF13
157855,KCNU1
84464,SLX4
55164,SHQ1
100130958,SYCE1L
9398,CD101
54886,PLPPR1
90134,KCNH7
80312,TET1
482,ATP1B2
22849,CPEB3
201266,SLC39A11
6295,SAG
26153,KIF26A
7422,COL18A1
10652,YKT6
5169,ENPP3
79966,SCD5
399979,SNX19
55284,UBE2W
5649,RELN
5179,PENK
4214,MAP3K1
4058,LTK
5801,PTPRR
23026,MYO16
8082,SSPN
159989,DEUP1
11264,PXMP4
11218,DDX20
137964,GPAT4
353500,BMP8A
5140,PDE3B
9882,TBC1D4
55218,EXD2
1305,COL13A1
221037,JMJD1C
204474,PDILT
26872,STEAP1
673,BRAF
23262,PPIP5K2
2475,MTOR
92,ACVR2A
1602,DACH1
7903,ST8SIA4
84678,KDM2B
7092,TLL1
23764,MAFF
9557,CHD1L
2138,EYA1
5368,PNOC
64324,NSD1
10884,MRPS30
7054,TH
29967,LRP12
84952,CGNL1
57120,GOPC
80204,FBXO11
23335,WDR7
9353,SLIT2
4082,MARCKS
57604,TRMT9B
55209,SETD5
55328,RNLS
200895,DHFR2
11122,PTPRT
7490,WT1
10801,SEPTIN9
5934,RBL2
7776,ZNF236
51654,CDK5RAP1
8019,BRD3
2914,GRM4
5335,PLCG1
128486,FITM2
8925,HERC1
54536,EXOC6
4899,NRF1
5116,PCNT
23316,CUX2
9814,SFI1
6801,STRN
64318,NOC3L
57181,SLC39A10
902,CCNH
27253,PCDH17
2262,GPC5
10180,RBM6
162540,SPPL2C
55125,CEP192
6886,TAL1
64710,NUCKS1
140901,STK35
1487,CTBP1
389549,FEZF1
10642,IGF2BP1
55671,PPP4R3A
26608,TBL2
253143,PRR14L
55734,ZFP64
10296,MAEA
25813,SAMM50
9903,KLHL21
23037,PDZD2
161198,CLEC14A
389072,PLEKHM3
163702,IFNLR1
80746,TSEN2
238,ALK
8825,LIN7A
115,ADCY9
130271,PLEKHH2
4295,MLN
9444,QKI
3915,LAMC1
10242,KCNMB2
9051,PSTPIP1
29951,PDZRN4
11267,SNF8
2668,GDNF
950,SCARB2
81553,FAM49A
55954,ZMAT5
85301,COL27A1
26122,EPC2
168850,ZNF800
11245,GPR176
57453,DSCAML1
10905,MAN1A2
137868,SGCZ
90427,BMF
23185,LARP4B
8935,SKAP2
100131390,SP9
969,CD69
6256,RXRA
993,CDC25A
54437,SEMA5B
8470,SORBS2
472,ATM
55170,PRMT6
9111,NMI
7057,THBS1
3778,KCNMA1
57619,SHROOM3
390205,LRRC10B
54431,DNAJC10
3797,KIF3C
5607,MAP2K5
5980,REV3L
1435,CSF1
3768,KCNJ12
57097,PARP11
1588,CYP19A1
26751,SH3YL1
25891,PAMR1
3720,JARID2
4843,NOS2
9312,KCNB2
89978,DPH6
80201,HKDC1
84929,FIBCD1
114134,SLC2A13
10477,UBE2E3
2346,FOLH1
5795,PTPRJ
23139,MAST2
254013,ETFBKMT
28231,SLCO4A1
221491,SMIM29
8879,SGPL1
2895,GRID2
847,CAT
552889,ATXN7L3B
81846,SBF2
23224,SYNE2
2123,EVI2A
35,ACADS
1031,CDKN2C
8816,DCAF5
11221,DUSP10
2263,FGFR2
7369,UMOD
260425,MAGI3
55023,PHIP
1756,DMD
53345,TM6SF2
1312,COMT
266655,BRD3OS
4633,MYL2
51074,APIP
5087,PBX1
9805,SCRN1
135138,PACRG
8999,CDKL2
746,TMEM258
129285,PPP1R21
9718,ECE2
9620,CELSR1
83595,SOX7
375611,SLC26A5
1871,E2F3
3490,IGFBP7
8934,RAB29
1315,COPB1
120114,FAT3
91133,L3MBTL4
7942,TFEB
5305,PIP4K2A
399694,SHC4
79190,IRX6
26959,HBP1
2332,FMR1
57824,HMHB1
23030,KDM4B
55275,VPS53
23586,DDX58
403314,APOBEC4
7079,TIMP4
345,APOC3
84133,ZNRF3
6402,SELL
139378,ADGRG4
55568,GALNT10
115209,OMA1
140689,CBLN4
10950,BTG3
8087,FXR1
94134,ARHGAP12
10827,FAM114A2
10795,ZNF268
27347,STK39
10043,TOM1
9223,MAGI1
1773,DNASE1
375612,LHFPL3
5596,MAPK4
23105,FSTL4
200728,TMEM17
23294,ANKS1A
29091,STXBP6
55833,UBAP2
51271,UBAP1
392636,AGMO
29102,DROSHA
3670,ISL1
29125,C11orf21
64759,TNS3
23528,ZNF281
9902,MRC2
136306,SVOPL
7410,VAV2
83850,ESYT3
11227,GALNT5
869,CBLN1
3308,HSPA4
154141,MBOAT1
10745,PHTF1
8771,TNFRSF6B
23059,CLUAP1
8789,FBP2
256815,C10orf67
53353,LRP1B
1187,CLCNKA
339479,BRINP3
100144748,KLLN
9559,VPS26A
7025,NR2F1
83988,NCALD
10743,RAI1
6014,RIT2
84910,TMEM87B
51582,AZIN1
100,ADA
143570,XRRA1
3026,HABP2
8708,B3GALT1
3838,KPNA2
57523,NYNRIN
57198,ATP8B2
5136,PDE1A
1105,CHD1
23199,GSE1
143187,VTI1A
152877,FAM53A
57521,RPTOR
8459,TPST2
91653,BOC
115827,RAB3C
8476,CDC42BPA
9900,SV2A
5076,PAX2
81501,DCSTAMP
79846,CFAP69
79772,MCTP1
2294,FOXF1
48,ACO1
10613,ERLIN1
205,AK4
23101,MCF2L2
6323,SCN1A
6328,SCN3A
2554,GABRA1
2562,GABRB3
2566,GABRG2
6513,SLC2A1
57582,KCNT1
6812,STXBP1
9681,DEPDC5
1476,CSTB
51741,WWOX
112476,PRRT2
378884,NHLRC1
501,ALDH7A1
7957,EPM2A
3785,KCNQ2
2775,GNAO1
9211,LGI1
170302,ARX
154881,KCTD7
1759,DNM1
11284,PNKP
6709,SPTAN1
6324,SCN1B
79876,UBA5
23334,SZT2
55163,PNPO
8131,NPRL3
3704,ITPA
79751,SLC25A22
3737,KCNA2
3747,KCNC2
348980,HCN1
23241,PACS2
221927,BRAT1
10641,NPRL2
79868,ALG13
9570,GOSR2
85440,DOCK7
1141,CHRNB2
9091,PIGQ
8867,SYNJ1
27133,KCNH5
23732,FRRS1L
5274,SERPINI1
10501,SEMA6B
2257,FGF12
6616,SNAP25
112755,STX1B
3746,KCNC1
6775,STAT4
1956,EGFR
1230,CCR1
80279,CDK5RAP3
29842,TFCP2L1
63895,PIEZO2
133022,TRAM1L1
57448,BIRC6
55915,LANCL2
9197,SLC33A1
445,ASS1
9531,BAG3
23066,CAND2
2201,FBN2
5578,PRKCA
2869,GRK5
93643,TJAP1
90523,MLIP
134728,IRAK1BP1
56911,MAP3K7CL
1482,NKX2-5
64753,CCDC136
2318,FLNC
84909,AOPEP
7813,EVI5
5241,PGR
100101267,POM121C
817,CAMK2D
27129,HSPB7
23731,TMEM245
4629,MYH11
7531,YWHAE
23234,DNAJC9
388591,RNF207
121260,SLC15A4
51684,SUFU
9148,NEURL1
9497,SLC4A7
58528,RRAGD
3633,INPP5B
29881,NPC1L1
91937,TIMD4
23460,ABCA6
3250,HPR
432,ASGR1
27329,ANGPTL3
350,APOH
23358,USP24
116519,APOA5
2621,GAS6
90634,N4BP2L1
6484,ST3GAL4
10767,HBS1L
51141,INSIG2
29116,MYLIP
7367,UGT2B17
23461,ABCA5
9935,MAFB
26974,ZNF285
6194,RPS6
55167,MSL2
284013,VMO1
8647,ABCB11
3836,KPNA1
199964,TMEM61
9931,HELZ
100129278,TDRD15
9520,NPEPPS
4126,MANBA
1581,CYP7A1
137886,UBXN2B
1879,EBF1
29941,PKN3
9785,DHX38
6597,SMARCA4
26577,PCOLCE2
675,BRCA2
9697,TRAM2
84189,SLITRK6
1787,TRDMT1
9867,PJA2
56895,AGPAT4
10,NAT2
84243,ZDHHC18
9394,HS6ST1
55333,SYNJ2BP
1289,COL5A1
23251,MINAR1
10128,LRPPRC
433,ASGR2
51637,RTRAF
79618,HMBOX1
659,BMPR2
27283,TINAG
23240,TMEM131L
221223,CES5A
80745,THUMPD2
63974,NEUROD6
10053,AP1M2
400831,C20orf202
345275,HSD17B13
114818,KLHL29
80007,C10orf88
84154,RPF2
55591,VEZT
440275,EIF2AK4
4093,SMAD9
93166,PRDM6
183,AGT
2977,GUCY1A2
1910,EDNRB
9496,TBX4
2028,ENPEP
2658,GDF2
79572,ATP13A3
1621,DBH
64321,SOX17
6909,TBX2
4803,NGF
6541,SLC7A1
56246,MRAP
3632,INPP5A
80012,PHC3
219621,CABCOCO1
5119,CHMP1A
182,JAG1
23515,MORC3
57580,PREX1
2296,FOXC1
3360,HTR4
4046,LSP1
55349,CHDH
57139,RGL3
28996,HIPK2
5294,PIK3CG
8603,FAM193A
23370,ARHGEF18
10533,ATG7
57016,AKR1B10
2626,GATA4
5586,PKN2
51422,PRKAG2
4879,NPPB
55137,FIGN
57282,SLC4A10
8850,KAT2B
401190,RGS7BP
64089,SNX16
140628,GATA5
2267,FGL1
11076,TPPP
3791,KDR
9493,KIF23
267002,PGBD2
6259,RYK
80114,BICC1
2959,GTF2B
84640,USP38
402635,GRIFIN
90637,ZFAND2A
144717,PHETA1
23609,MKRN2
4069,LYZ
1808,DPYSL2
22979,EFR3B
152110,NEK10
122042,RXFP2
5245,PHB
51196,PLCE1
8204,NRIP1
89766,UMODL1
91012,CERS5
1544,CYP1A2
144100,PLEKHA7
55105,GPATCH2
5314,PKHD1
22925,PLA2R1
151242,PPP1R1C
10184,LHFPL2
100506658,OCLN
6546,SLC8A1
26037,SIPA1L1
133,ADM
284805,C20orf203
257415,FAM133B
256144,OR4C3
57494,RIMKLB
2555,GABRA2
7525,YES1
60485,SAV1
646962,HRCT1
6469,SHH
10203,CALCRL
25932,CLIC4
94137,RP1L1
2055,CLN8
59269,HIVEP3
129804,FBLN7
92345,NAF1
26579,MYEOV
4846,NOS3
4664,NAB1
80824,DUSP16
8881,CDC16
4881,NPR1
491,ATP2B2
10753,CAPN9
196446,MYRFL
3055,HCK
4091,SMAD6
8076,MFAP5
80129,CCDC170
7421,CYP27B1
7105,TSPAN6
79577,CDC73
9585,KIF20B
652,BMP4
7448,VTN
221035,REEP3
161829,EXD1
51168,MYO15A
6936,GCFC2
5420,PODXL
8567,MADD
25925,ZNF521
55521,TRIM36
23371,TNS2
375307,CATIP
1398,CRK
51312,SLC25A37
79192,IRX1
442590,SPDYE5
51320,MEX3C
83478,ARHGAP24
6311,ATXN2
8997,KALRN
9271,PIWIL1
6654,SOS1
119391,GSTO2
7015,TERT
4729,NDUFV2
57157,PHTF2
90993,CREB3L1
54828,BCAS3
57514,ARHGAP31
388403,YPEL2
8396,PIP4K2B
7201,TRHR
4142,MAS1
169166,SNX31
6517,SLC2A4
400954,EML6
11156,PTP4A3
11052,CPSF6
3776,KCNK2
4205,MEF2A
8742,TNFSF12
5800,PTPRO
51621,KLF13
58511,DNASE2B
9575,CLOCK
4693,NDP
51232,CRIM1
23327,NEDD4L
3489,IGFBP6
2778,GNAS
10500,SEMA6C
8502,PKP4
54852,PAQR5
7323,UBE2D3
170575,GIMAP1
375449,MAST4
55120,FANCL
222194,RSBN1L
9411,ARHGAP29
5747,PTK2
10461,MERTK
9480,ONECUT2
3781,KCNN2
56154,TEX15
100505841,ZFP1
4940,OAS3
9674,KIAA0040
79884,MAP9
150159,SLC9B1
57623,ZFAT
55366,LGR4
150094,SIK1
29887,SNX10
53343,NUDT9
283093,OR4C12
157680,VPS13B
54894,RNF43
285,ANGPT2
7581,ZNF33A
56267,KYAT3
89780,WNT3A
55296,TBC1D19
79664,ICE2
6919,TCEA2
653,BMP5
51458,RHCG
54984,PINX1
54617,INO80
57584,ARHGAP21
4690,NCK1
9577,BABAM2
90326,THAP3
257019,FRMD3
143884,CWF19L2
8525,DGKZ
23014,FBXO21
6542,SLC7A2
205717,USF3
653361,NCF1
388121,TNFAIP8L3
57568,SIPA1L2
51012,PRELID3B
4351,MPI
5049,PAFAH1B2
84168,ANTXR1
23197,FAF2
54498,SMOX
205428,DIPK2A
1022,CDK7
9815,GIT2
64064,OXCT2
23259,DDHD2
11095,ADAMTS8
151195,CCNYL1
23654,PLXNB2
54820,NDE1
27247,NFU1
4140,MARK3
346562,GNAT3
57455,REXO1
64901,RANBP17
3298,HSF2
83894,TTC29
996,CDC27
4528,MTIF2
158471,PRUNE2
54768,HYDIN
255928,SYT14
4650,MYO9B
196074,METTL15
1768,DNAH6
57205,ATP10D
2843,GPR20
10874,NMU
64771,ILRUN
5782,PTPN12
420,ART4
643236,TMEM72
64151,NCAPG
646627,LYPD8
29062,WDR91
10428,CFDP1
54212,SNTG1
8658,TNKS
5617,PRL
3090,HIC1
113263,GLCCI1
56995,TULP4
324,APC
148066,ZNRF4
2078,ERG
4848,CNOT2
10846,PDE10A
51497,NELFCD
220323,OAF
3479,IGF1
54558,SPATA6
65055,REEP1
6128,RPL6
51341,ZBTB7A
9855,FARP2
79694,MANEA
65220,NADK
10602,CDC42EP3
8741,TNFSF13
57597,BAHCC1
5292,PIM1
11112,HIBADH
151056,PLB1
10529,NEBL
1650,DDOST
131474,CHCHD4
3481,IGF2
79670,TUT7
5104,SERPINA5
898,CCNE1
57609,DIP2B
9776,ATG13
56923,NMUR2
54876,DCAF16
389,RHOC
23376,UFL1
283092,OR4C13
147670,SMIM17
23258,DENND5A
4488,MSX2
23683,PRKD3
29119,CTNNA3
80205,CHD9
133121,ENPP6
678,ZFP36L2
5175,PECAM1
10395,DLC1
26050,SLITRK5
135112,NCOA7
6656,SOX1
6926,TBX3
55016,MARCHF1
22823,MTF2
114801,TMEM200A
5791,PTPRE
23284,ADGRL3
121006,FAM186A
338811,TAFA2
23076,RRP1B
79944,L2HGDH
3693,ITGB5
29995,LMCD1
10580,SORBS1
57214,CEMIP
1456,CSNK1G3
131566,DCBLD2
84070,FAM186B
151887,CCDC80
79660,PPP1R3B
114625,ERMAP
56155,TEX14
163227,ZNF100
4233,MET
1185,CLCN6
55776,SAYSD1
53826,FXYD6
60401,EDA2R
23498,HAAO
4601,MXI1
8320,EOMES
284361,EMC10
55252,ASXL2
27443,CECR2
6434,TRA2B
2695,GIP
222584,FAM83B
11278,KLF12
1024,CDK8
329,BIRC2
132,ADK
11155,LDB3
9685,CLINT1
794,CALB2
8170,SLC14A2
26263,FBXO22
10539,GLRX3
23250,ATP11A
25913,POT1
4122,MAN2A2
84033,OBSCN
284207,METRNL
23247,KIAA0556
84249,PSD2
219771,CCNY
55612,FERMT1
57634,EP400
65975,STK33
6494,SIPA1
51056,LAP3
729920,CRPPA
160762,CCDC63
129787,TMEM18
5947,RBP1
64848,YTHDC2
9704,DHX34
285386,TPRG1
10988,METAP2
11060,WWP2
54838,WBP1L
388743,CAPN8
3142,HLX
57541,ZNF398
421,ARVCF
9619,ABCG1
9290,GPR55
55816,DOK5
3028,HSD17B10
154007,SNRNP48
3174,HNF4G
84236,RHBDD1
54497,HEATR5B
54677,CROT
23417,MLYCD
8707,B3GALT2
282973,JAKMIP3
5068,REG3A
30010,NXPH1
8516,ITGA8
22843,PPM1E
1776,DNASE1L3
640,BLK
4688,NCF2
57705,WDFY4
25780,RASGRP3
960,CD44
6367,CCL22
56940,DUSP22
6932,TCF7
9641,IKBKE
83648,FAM167A
340745,LRIT2
3551,IKBKB
1130,LYST
1609,DGKQ
2820,GPD2
474354,LRRC18
200424,TET3
3654,IRAK1
712,C1QA
4920,ROR2
54842,MFSD6
100131211,NEMP2
5580,PRKCD
27032,ATP2C1
92105,INTS4
6631,SNRPC
941,CD80
222663,SCUBE3
342538,NACA2
9969,MED13
4753,NELL2
23534,TNPO3
1232,CCR3
29,ABR
7701,ZNF142
113146,AHNAK2
10365,KLF2
10718,NRG3
51300,TIMMDC1
157807,CLVS1
79605,PGBD5
3815,KIT
2117,ETV3
122618,PLD4
80231,CXorf21
9588,PRDX6
22891,ZNF365
9887,SMG7
341880,SLC35F4
11222,MRPL3
2744,GLS
116449,CLNK
5069,PAPPA
26054,SENP6
284257,BOD1L2
57113,TRPC7
3092,HIP1
253635,GPATCH11
60684,TRAPPC11
1404,HAPLN1
23165,NUP205
5634,PRPS2
22884,WDR37
54899,PXK
7078,TIMP3
283742,FAM98B
55893,ZNF395
2842,GPR19
158234,TRMT10B
55315,SLC29A3
54585,LZTFL1
115352,FCRL3
3736,KCNA1
146894,CD300LG
23161,SNX13
55174,INTS10
9489,PGS1
5360,PLTP
8843,HCAR3
7301,TYRO3
57678,GPAM
78989,COLEC11
64757,MARC1
255239,ANKK1
338442,HCAR2
9709,HERPUD1
1955,MEGF9
4211,MEIS1
7472,WNT2
29956,CERS2
402117,VWC2L
55790,CSGALNACT1
4542,MYO1F
942,CD86
8740,TNFSF14
965,CD58
1591,CYP24A1
921,CD5
5996,RGS1
26227,PHGDH
152100,CMC1
868,CBLB
4094,MAF
10055,SAE1
51101,ZC2HC1A
342035,GLDN
8915,BCL10
10538,BATF
23480,SEC61G
29121,CLEC2D
116028,RMI2
5194,PEX13
79258,MMEL1
10892,MALT1
57823,SLAMF7
2672,GFI1
10636,RGS14
9657,IQCB1
10437,IFI30
51557,LGSN
3716,JAK1
27120,DKKL1
7039,TGFA
9326,ZNHIT3
7852,CXCR4
7294,TXK
3842,TNPO1
51513,ETV7
9830,TRIM14
148867,SLC30A7
11044,TENT4A
6856,SYPL1
7090,TLE3
149111,CNIH3
642489,FKBP1C
114569,MAL2
55584,CHRNA9
2995,GYPC
6041,RNASEL
342132,ZNF774
2696,GIPR
54496,PRMT7
4010,LMX1B
22854,NTNG1
3973,LHCGR
374470,C12orf42
585,BBS4
3938,LCT
84529,C15orf41
5965,RECQL
144165,PRICKLE1
28232,SLCO3A1
2690,GHR
116085,SLC22A12
390598,SKOR1
56479,KCNQ5
2632,GBE1
9705,ST18
51026,GOLT1B
27164,SALL3
100287898,TTC34
23373,CRTC1
9252,RPS6KA5
4783,NFIL3
9079,LDB2
9686,VGLL4
57698,SHTN1
5500,PPP1CB
25962,VIRMA
375567,VWC2
23269,MGA
57142,RTN4
5992,RFX4
9162,DGKI
203228,C9orf72
5595,MAPK3
55422,ZNF331
5184,PEPD
2322,FLT3
23042,PDXDC1
23112,TNRC6B
11083,DIDO1
120534,ARL14EP
26984,SEC22A
51301,GCNT4
2131,EXT1
57167,SALL4
89932,PAPLN
386617,KCTD8
8945,BTRC
995,CDC25C
29953,TRHDE
9563,H6PD
7837,PXDN
2290,FOXG1
57575,PCDH10
9026,HIP1R
9429,ABCG2
201501,ZBTB7C
219938,SPATA19
57683,ZDBF2
116,ADCYAP1
387712,ENO4
5923,RASGRF1
375593,TRIM73
8110,DPF3
387640,SKIDA1
5126,PCSK2
6119,RPA3
8715,NOL4
23047,PDS5B
84109,QRFPR
1394,CRHR1
10283,CWC27
9456,HOMER1
6529,SLC6A1
27091,CACNG5
84570,COL25A1
6002,RGS12
64405,CDH22
4884,NPTX1
54221,SNTG2
102723849,SPDYE17
131118,DNAJC19
93663,ARHGAP18
658,BMPR1B
132789,GNPDA2
3912,LAMB1
885,CCK
57419,SLC24A3
25853,DCAF12
105378803,LRRC53
25917,THUMPD3
84498,FAM120B
55531,ELMOD1
120892,LRRK2
6622,SNCA
23400,ATP13A2
65018,PINK1
55737,VPS35
2629,GBA
84286,TMEM175
683,BST1
10457,GPNMB
6456,SH3GL2
2580,GAK
2534,FYN
100129583,FAM47E
56922,MCCC1
952,CD38
130013,ACMSD
85414,SLC45A3
81615,TMEM163
91942,NDUFAF2
55975,KLHL7
150684,COMMD1
84660,CCDC62
2643,GCH1
22915,MMRN1
22876,INPP5F
5318,PKP2
107,ADCY1
1272,CNTN1
57689,LRRC4C
51134,CEP83
607,BCL9
57630,SH3RF1
7163,TPD52
50862,RNF141
64754,SMYD3
401145,CCSER1
57507,ZNF608
23268,DNMBP
79092,CARD14
26525,IL36RN
51439,FAM8A1
5966,REL
9825,SPATA2
914,CD2
55770,EXOC2
55905,RNF114
153830,RNF145
25833,POU2F3
2191,FAP
283234,CCDC88B
6448,SGSH
6846,XCL2
167465,ZNF366
2641,GCG
9927,MFN2
79807,GSTCD
55212,BBS7
6615,SNAI1
166379,BBS12
1880,GPR183
9447,AIM2
8848,TSC22D1
55620,STAP2
8575,PRKRA
253430,IPMK
252983,STXBP4
6375,XCL1
11177,BAZ1A
389170,LEKR1
340485,ACER2
55750,AGK
7857,SCG2
51586,MED15
255626,H2BC1
23569,PADI4
4794,NFKBIE
1235,CCR6
9308,CD83
219790,RTKN2
3455,IFNAR2
29993,PACSIN1
7006,TEC
326,AIRE
57505,AARS2
220929,ZNF438
51061,TXNDC11
8840,CCN4
441151,TMEM151B
5467,PPARD
202500,TCTE1
2786,GNG4
5453,POU3F1
55297,CCDC91
1432,MAPK14
10563,CXCL13
84300,UQCC2
6204,RPS10
54843,SYTL2
204851,HIPK1
8764,TNFRSF14
23768,FLRT2
10186,LHFPL6
64881,PCDH20
4978,OPCML
84636,GPR174
11165,NUDT3
57035,RSRP1
6624,FSCN1
6674,SPAG1
100288801,FRG2C
23261,CAMTA1
216,ALDH1A1
8543,LMO4
256764,WDR72
81563,C1orf21
619279,ZNF704
7005,TEAD3
841,CASP8
9702,CEP57
79750,ZNF385D
3516,RBPJ
134510,UBLCP1
306,ANXA3
140767,NRSN1
29851,ICOS
284252,KCTD1
57187,THOC2
245806,VGLL2
170712,COX7B2
84101,USP44
9355,LHX2
100381270,ZBED6
9877,ZC3H11A
9750,RIPOR2
164832,LONRF2
1491,CTH
139886,SPIN4
2043,EPHA4
6176,RPLP1
6585,SLIT1
81848,SPRY4
23252,OTUD3
2768,GNA12
200844,C3orf67
148423,C1orf52
84937,ZNRF1
285429,DCAF4L1
57727,NCOA5
7518,XRCC4
23308,ICOSLG
2823,GPM6A
90952,ESAM
8911,CACNA1I
1316,KLF6
10690,FUT9
665,BNIP3L
23314,SATB2
2016,EMX1
57795,BRINP2
57412,AS3MT
23584,VSIG2
4325,MMP16
4124,MAN2A1
488,ATP2A2
8452,CUL3
22866,CNKSR2
23019,CNOT1
51201,ZDHHC2
57476,GRAMD1B
57591,MRTFA
29982,NRBF2
1182,CLCN3
7071,KLF10
10129,FRY
10769,PLK2
9649,RALGPS1
79568,MAIP1
22990,PCNX1
129450,TYW5
23451,SF3B1
1745,DLX1
133418,EMB
7296,TXNRD1
55729,ATF7IP
145567,TTC7B
80148,SLC66A2
64062,RBM26
57144,PAK5
57502,NLGN4X
25797,QPCT
10198,MPHOSPH9
64786,TBC1D15
9881,TRANK1
79913,ACTR5
90485,ZNF835
4828,NMB
2033,EP300
3313,HSPA9
9759,HDAC4
3661,IRF3
148534,TLCD4
254531,LPCAT4
10920,COPS8
119032,BORCS7
5764,PTN
57458,TMCC3
6038,RNASE4
51678,MPP6
57495,NWD2
9529,BAG5
23368,PPP1R13B
57586,SYT13
23362,PSD3
5828,PEX2
346007,EYS
389084,SNORC
22877,MLXIP
79811,SLTM
51569,UFM1
55757,UGGT2
3321,IGSF3
130574,LYPD6
5784,PTPN14
399947,C11orf87
25769,SLC24A2
2044,EPHA5
8693,GALNT4
9093,DNAJA3
23293,SMG6
10040,TOM1L1
388336,SHISA6
51185,CRBN
23127,COLGALT2
79946,C10orf95
55213,RCBTB1
55552,ZNF823
1793,DOCK1
403341,ZBTB34
23174,ZCCHC14
116966,WDR17
414328,IDNK
84749,USP30
1786,DNMT1
2561,GABRB2
29969,MDFIC
81554,RCC1L
6532,SLC6A4
6299,SALL1
49855,SCAPER
121793,TEX29
23317,DNAJC13
253827,MSRB3
10614,HEXIM1
54658,UGT1A1
64097,EPB41L4A
50940,PDE11A
26130,GAPVD1
25771,TBC1D22A
5138,PDE2A
442117,GALNTL6
80059,LRRTM4
84318,CCDC77
54927,CHCHD3
6913,TBX15
23007,PLCH1
654,BMP6
221002,RASGEF1A
4045,LSAMP
65263,PYCR3
26115,TANC2
3738,KCNA3
79858,NEK11
169200,TMEM64
57477,SHROOM4
6540,SLC6A13
23467,NPTXR
7849,PAX8
253959,RALGAPA1
140688,NOL4L
6492,SIM1
2045,EPHA7
2898,GRIK2
169714,QSOX2
114788,CSMD3
81624,DIAPH3
50489,CD207
51704,GPRC5B
9672,SDC3
7443,VRK1
84083,ZRANB3
57645,POGK
51366,UBR5
10121,ACTR1A
6004,RGS16
2317,FLNB
8100,IFT88
113278,SLC52A3
8817,FGF18
1075,CTSC
27044,SND1
90701,SEC11C
3371,TNC
84944,MAEL
23518,R3HDM1
29984,RHOD
114815,SORCS1
3751,KCND2
494143,CHAC2
57162,PELI1
55269,PSPC1
9315,NREP
22862,FNDC3A
51555,PEX5L
8854,ALDH1A2
55705,IPO9
4976,OPA1
137970,UNC5D
9783,RIMS3
116931,MED12L
1962,EHHADH
84675,TRIM55
344807,CD200R1L
222008,VSTM2A
55636,CHD7
9175,MAP3K13
79633,FAT4
729665,CCDC175
26146,TRAF3IP1
28999,KLF15
23762,OSBP2
4869,NPM1
56667,MUC13
8932,MBD2
54546,RNF186
1811,SLC26A3
255104,TMCO4
1738,DLD
3579,CXCR2
2835,GPR12
400935,IL17REL
29126,CD274
84458,LCOR
9034,CCRL2
11172,INSL6
11329,STK38
3683,ITGAL
51460,SFMBT1
64784,CRTC3
285848,PNPLA1
56256,SERTAD4
6003,RGS13
3554,IL1R1
10042,HMGXB4
6332,SCN7A
54520,CCDC93
5739,PTGIR
90139,TSPAN18
9352,TXNL1
55885,LMO3
79191,IRX3
23253,ANKRD12
221481,ARMC12
222658,KCTD20
56950,SMYD2
23046,KIF21B
85007,PHYKPL
3281,HSBP1
399823,FOXI2
123591,TMEM266
836,CASP3
51172,NAGPA
10893,MMP24
10223,GPA33
10544,PROCR
166614,DCLK2
80759,KHDC1
9875,URB1
65056,GPBP1
90390,MED30
2596,GAP43
192668,CYS1
4313,MMP2
81839,VANGL1
758,MPPED1
23355,VPS8
81704,DOCK8
1073,CFL2
2171,FABP5
3758,KCNJ1
