score,target.id,target.approvedSymbol,target.biotype,gwas_credible_sets,clingen,geneburden,GWAS.id,L2G,GCST004133,GCST90446794,GCST90446795,FINNGEN_R12_K11_UC_STRICT2,GCST003097_2,GCST005537,GCST000964,GCST010001,GCST90473823,GCST90454275,GCST90044155,GCST90475322,GCST90436337,GCST000527,GCST90479622,GCST90018933,GCST90476067,GCST90129459,FINNGEN_R12_ULCERNAS,GCST90038684,GCST000624,GCST90468152,GCST90480319,GCST000623,GCST000243,FINNGEN_R12_ULCEROTH,GCST000529,GCST001728,GCST001118,GCST001938,GCST000311,GCST008658,GCST90480318,GCST90479621,GCST90018713,GCST90454587,GCST003960,GCST90179177,GWAS.count,name,NCBI.id,list.name,list.count,N.PPI,degree
0.628716286830039,ENSG00000113302,IL12B,protein_coding,0.819340486556357,NA,NA,GCST004133/GCST90446794/GCST004133/GCST90446794/GCST90446795/GCST90446794/FINNGEN_R12_K11_UC_STRICT2/GCST003097_2/GCST005537/GCST000964,0.911030530929565/0.907267093658447/0.613256752490997/0.606474578380585/0.585709929466248/0.551004827022552/0.527859270572662/0.527859270572662/0.524782598018646/0.511819303035736,0.6132568,0.5510048,0.5857099,0.5278593,0.5278593,0.5247826,0.5118193,NA,NA,NA,NA,NA,NA,NA,NA,NA,NA,NA,NA,NA,NA,NA,NA,NA,NA,NA,NA,NA,NA,NA,NA,NA,NA,NA,NA,NA,NA,NA,9,IL12B,3593,GWAS,1,90,13
0.626770282744281,ENSG00000167207,NOD2,protein_coding,0.560785266274186,NA,NA,GCST005537,0.898049533367157,NA,NA,NA,NA,NA,0.8980495,NA,NA,NA,NA,NA,NA,NA,NA,NA,NA,NA,NA,NA,NA,NA,NA,NA,NA,NA,NA,NA,NA,NA,NA,NA,NA,NA,NA,NA,NA,NA,NA,1,NOD2,64127,GWAS,1,288,28
0.592883909759951,ENSG00000162594,IL23R,protein_coding,0.930443929556147,NA,NA,GCST004133/GCST90446795/GCST010001/GCST000964/FINNGEN_R12_K11_UC_STRICT2/GCST90473823/GCST90454275/GCST90044155/GCST90475322/GCST90436337/GCST000527/GCST90479622/GCST90018933/GCST90476067/GCST90129459/GCST005537/FINNGEN_R12_ULCERNAS/GCST90446795/GCST003097_2/GCST90038684/GCST004133/GCST90436337/GCST000624/GCST90446794/GCST90468152/FINNGEN_R12_K11_UC_STRICT2/GCST90476067/GCST90480319,0.954680562019348/0.946546137332916/0.946546137332916/0.945187389850616/0.937208533287048/0.936582744121552/0.93515545129776/0.934820413589478/0.933442950248718/0.933442950248718/0.931702554225922/0.929905652999878/0.92859935760498/0.907863438129425/0.905994713306427/0.895778477191925/0.846069574356079/0.806412518024445/0.803474247455597/0.791554510593414/0.785533010959625/0.775426864624023/0.765697121620178/0.755053877830505/0.739867568016052/0.702024936676025/0.682694792747498/0.5837562084198,0.785533,0.7550539,0.8064125,0.7020249,0.8034742,0.8957785,0.9451874,0.9465461,0.9365827,0.9351555,0.9348204,0.933443,0.7754269,0.9317026,0.9299057,0.9285994,0.6826948,0.9059947,0.8460696,0.7915545,0.7656971,0.7398676,0.5837562,NA,NA,NA,NA,NA,NA,NA,NA,NA,NA,NA,NA,NA,NA,NA,26,IL23R,149233,GWAS,1,196,33
0.592108590068468,ENSG00000096968,JAK2,protein_coding,0.766033153723032,NA,NA,GCST000964/GCST005537/GCST90480319/GCST004133/GCST90475322/GCST90476067/FINNGEN_R12_K11_UC_STRICT2,0.840437293052673/0.836424231529236/0.835807263851166/0.824606895446777/0.781518280506134/0.757642686367035/0.636836349964142,0.8246069,NA,NA,0.6368363,NA,0.8364242,0.8404373,NA,NA,NA,NA,0.7815183,NA,NA,NA,NA,0.7576427,NA,NA,NA,NA,NA,0.8358073,NA,NA,NA,NA,NA,NA,NA,NA,NA,NA,NA,NA,NA,NA,NA,7,JAK2,3717,GWAS,1,500,31
0.591176866588719,ENSG00000136634,IL10,protein_coding,0.915842870525204,NA,NA,GCST000623/GCST90446794/GCST000964/GCST000243/GCST90038684/GCST90018933/FINNGEN_R12_ULCEROTH/GCST005537/FINNGEN_R12_K11_UC_STRICT2/GCST004133/FINNGEN_R12_ULCERNAS,0.962281584739685/0.962281584739685/0.961223244667053/0.961223244667053/0.960808217525482/0.960808217525482/0.959710299968719/0.959677278995514/0.959677278995514/0.959677278995514/0.958549082279205,0.9596773,0.9622816,NA,0.9596773,NA,0.9596773,0.9612232,NA,NA,NA,NA,NA,NA,NA,NA,0.9608082,NA,NA,0.9585491,0.9608082,NA,NA,NA,0.9622816,0.9612232,0.9597103,NA,NA,NA,NA,NA,NA,NA,NA,NA,NA,NA,NA,6,IL10,3586,GWAS,1,500,46
0.568235951590776,ENSG00000143226,FCGR2A,protein_coding,0.895060458994849,NA,NA,FINNGEN_R12_K11_UC_STRICT2/GCST90473823/GCST90018933/GCST90436337/GCST90038684/GCST90446795/GCST90454275/GCST90468152/GCST000529/GCST000964/GCST90129459/GCST004133/GCST90446794,0.933605432510376/0.933605432510376/0.933605432510376/0.931092083454132/0.931092083454132/0.931092083454132/0.930665135383606/0.927546083927155/0.92586874961853/0.924716174602509/0.922894775867462/0.85537451505661/0.852846801280975,0.8553745,0.8528468,0.9310921,0.9336054,NA,NA,0.9247162,NA,0.9336054,0.9306651,NA,NA,0.9310921,NA,NA,0.9336054,NA,0.9228948,NA,0.9310921,NA,0.9275461,NA,NA,NA,NA,0.9258687,NA,NA,NA,NA,NA,NA,NA,NA,NA,NA,NA,9,FCGR2A,2212,GWAS,1,320,17
0.541438211509559,ENSG00000178623,GPR35,protein_coding,0.865550219762975,NA,NA,GCST90446794/GCST005537/GCST90018933/FINNGEN_R12_ULCERNAS/FINNGEN_R12_K11_UC_STRICT2/FINNGEN_R12_ULCEROTH/GCST90446795/GCST90473823,0.928924083709717/0.928868234157562/0.926180779933929/0.926180779933929/0.908403337001801/0.905561685562134/0.768879234790802/0.650607407093048,NA,0.9289241,0.7688792,0.9084033,NA,0.9288682,NA,NA,0.6506074,NA,NA,NA,NA,NA,NA,0.9261808,NA,NA,0.9261808,NA,NA,NA,NA,NA,NA,0.9055617,NA,NA,NA,NA,NA,NA,NA,NA,NA,NA,NA,NA,7,GPR35,2859,GWAS,1,30,1
0.519789271186767,ENSG00000119919,NKX2-3,protein_coding,0.832665498883376,NA,NA,GCST90446795/GCST005537/FINNGEN_R12_ULCERNAS/GCST90436337/GCST90476067/GCST90473823/GCST90018933/GCST90446794/FINNGEN_R12_K11_UC_STRICT2/GCST000964/GCST90480319/GCST004133/GCST003097_2,0.869961321353912/0.862370729446411/0.862370729446411/0.858654677867889/0.858654677867889/0.858654677867889/0.858654677867889/0.849704742431641/0.849400520324707/0.839430451393127/0.832797884941101/0.825508773326874/0.82168060541153,0.8255088,0.8497047,0.8699613,0.8494005,0.8216806,0.8623707,0.8394305,NA,0.8586547,NA,NA,NA,0.8586547,NA,NA,0.8586547,0.8586547,NA,0.8623707,NA,NA,NA,0.8327979,NA,NA,NA,NA,NA,NA,NA,NA,NA,NA,NA,NA,NA,NA,NA,9,NKX2-3,159296,GWAS,1,17,9
0.516968490317521,ENSG00000173531,MST1,protein_coding,0.822923107440967,NA,NA,GCST004133/GCST005537/FINNGEN_R12_K11_UC_STRICT2/GCST000964/GCST000624/GCST90476067/FINNGEN_R12_ULCERNAS,0.93225109577179/0.871540427207947/0.854582726955414/0.72166109085083/0.643332719802856/0.629984557628632/0.579127848148346,0.9322511,NA,NA,0.8545827,NA,0.8715404,0.7216611,NA,NA,NA,NA,NA,NA,NA,NA,NA,0.6299846,NA,0.5791278,NA,0.6433327,NA,NA,NA,NA,NA,NA,NA,NA,NA,NA,NA,NA,NA,NA,NA,NA,NA,7,MST1,4485,GWAS,1,25,1
0.511005776737152,ENSG00000128604,IRF5,protein_coding,0.827964298465131,NA,NA,GCST001728/GCST005537/GCST90446794/GCST90446794/FINNGEN_R12_K11_UC_STRICT2,0.905691504478455/0.900340437889099/0.898915946483612/0.896314561367035/0.681695163249969,NA,0.8963146,NA,0.6816952,NA,0.9003404,NA,NA,NA,NA,NA,NA,NA,NA,NA,NA,NA,NA,NA,NA,NA,NA,NA,NA,NA,NA,NA,0.9056915,NA,NA,NA,NA,NA,NA,NA,NA,NA,NA,5,IRF5,3663,GWAS,1,186,22
0.510161285391137,ENSG00000181634,TNFSF15,protein_coding,0.821375565473209,NA,NA,GCST000964/GCST005537/GCST004133/GCST90446794/GCST90446795/GCST90446795/GCST001118/GCST90446794,0.886566877365112/0.870560884475708/0.859829306602478/0.841570317745209/0.830161690711975/0.815926074981689/0.739026725292206/0.722154140472412,0.8598293,0.7221541,0.8159261,NA,NA,0.8705609,0.8865669,NA,NA,NA,NA,NA,NA,NA,NA,NA,NA,NA,NA,NA,NA,NA,NA,NA,NA,NA,NA,NA,0.7390267,NA,NA,NA,NA,NA,NA,NA,NA,NA,8,TNFSF15,9966,GWAS,1,82,17
0.507891053869578,ENSG00000169914,OTUD3,protein_coding,0.826561699876603,NA,NA,GCST90476067/GCST90129459/GCST90446795/GCST90473823/GCST000623/GCST90468152/GCST90436337/FINNGEN_R12_ULCERNAS/GCST004133/GCST001938/FINNGEN_R12_K11_UC_STRICT2/GCST90044155/GCST90038684/GCST90446795/GCST90446794/GCST90446794/GCST90446795/GCST000527/GCST000311/GCST90480319/GCST90454275,0.853246033191681/0.852107763290405/0.849083364009857/0.849042773246765/0.847593307495117/0.841443359851837/0.839473009109497/0.832172036170959/0.828107595443726/0.824564278125763/0.822434723377228/0.820319592952728/0.820319592952728/0.806449353694916/0.806449353694916/0.801783084869385/0.701597630977631/0.525861620903015/0.525158226490021/0.525158226490021/0.52165949344635,0.8281076,0.8017831,0.7015976,0.8224347,NA,NA,NA,NA,0.8490428,0.5216595,0.8203196,NA,0.839473,0.5258616,NA,NA,0.853246,0.8521078,0.832172,0.8203196,NA,0.8414434,0.5251582,0.8475933,NA,NA,NA,NA,NA,0.8245643,0.5251582,NA,NA,NA,NA,NA,NA,NA,18,OTUD3,23252,GWAS,1,173,1
0.506100707717335,ENSG00000163362,INAVA,protein_coding,0.817594276971335,NA,NA,GCST005537/GCST004133/GCST90446794/GCST90129459/GCST90473823/GCST000964,0.929239392280579/0.851264417171478/0.810890436172485/0.801853239536285/0.759567141532898/0.631435692310333,0.8512644,0.8108904,NA,NA,NA,0.9292394,0.6314357,NA,0.7595671,NA,NA,NA,NA,NA,NA,NA,NA,0.8018532,NA,NA,NA,NA,NA,NA,NA,NA,NA,NA,NA,NA,NA,NA,NA,NA,NA,NA,NA,NA,6,INAVA,55765,GWAS,1,17,2
0.503758348374805,ENSG00000178828,RNF186,protein_coding,0.801890289172168,NA,NA,GCST90129459/GCST90446794/GCST90446795/GCST90038684/GCST004133/GCST000964/GCST001728/GCST005537/GCST000624/GCST90018933/FINNGEN_R12_ULCEROTH/GCST90446794,0.835663378238678/0.835585415363312/0.831554293632507/0.831554293632507/0.822434723377228/0.672144830226898/0.672144830226898/0.672144830226898/0.672144830226898/0.672144830226898/0.643700957298279/0.631110072135925,0.8224347,0.6311101,0.8315543,NA,NA,0.6721448,0.6721448,NA,NA,NA,NA,NA,NA,NA,NA,0.6721448,NA,0.8356634,NA,0.8315543,0.6721448,NA,NA,NA,NA,0.643701,NA,0.6721448,NA,NA,NA,NA,NA,NA,NA,NA,NA,NA,7,RNF186,54546,GWAS,1,18,4
0.499187311058116,ENSG00000121281,ADCY7,protein_coding,0.81746598505709,NA,NA,FINNGEN_R12_ULCERNAS/GCST008658/GCST004133/GCST90446794/FINNGEN_R12_K11_UC_STRICT2,0.929135382175446/0.925505697727203/0.913791298866272/0.904996812343597/0.651574969291687,0.9137913,0.9049968,NA,0.651575,NA,NA,NA,NA,NA,NA,NA,NA,NA,NA,NA,NA,NA,NA,0.9291354,NA,NA,NA,NA,NA,NA,NA,NA,NA,NA,NA,NA,0.9255057,NA,NA,NA,NA,NA,NA,5,ADCY7,113,GWAS,1,129,1
0.49032531853923,ENSG00000166501,PRKCB,protein_coding,0.767687726748397,NA,NA,GCST005537/GCST004133/GCST90446794,0.953836560249329/0.855961799621582/0.854649066925049,0.8559618,0.8546491,NA,NA,NA,0.9538366,NA,NA,NA,NA,NA,NA,NA,NA,NA,NA,NA,NA,NA,NA,NA,NA,NA,NA,NA,NA,NA,NA,NA,NA,NA,NA,NA,NA,NA,NA,NA,NA,3,PRKCB,5579,GWAS,1,263,3
0.488886272821385,ENSG00000116288,PARK7,protein_coding,0.792540791570943,NA,NA,GCST005537/GCST000964/GCST90446794,0.946972489356995/0.926176249980927/0.836956977844238,NA,0.836957,NA,NA,NA,0.9469725,0.9261762,NA,NA,NA,NA,NA,NA,NA,NA,NA,NA,NA,NA,NA,NA,NA,NA,NA,NA,NA,NA,NA,NA,NA,NA,NA,NA,NA,NA,NA,NA,NA,3,PARK7,11315,GWAS,1,400,1
0.488526301429918,ENSG00000057657,PRDM1,protein_coding,0.720842046054436,NA,NA,FINNGEN_R12_K11_UC_STRICT2/GCST90446794/GCST005537,0.822328805923462/0.74131840467453/0.739184260368347,NA,0.7413184,NA,0.8223288,NA,0.7391843,NA,NA,NA,NA,NA,NA,NA,NA,NA,NA,NA,NA,NA,NA,NA,NA,NA,NA,NA,NA,NA,NA,NA,NA,NA,NA,NA,NA,NA,NA,NA,NA,3,PRDM1,639,GWAS,1,215,17
0.48672189119311,ENSG00000091138,SLC26A3,protein_coding,0.77767084345723,NA,NA,GCST004133/GCST90129459/GCST90018933/GCST005537/GCST001728/GCST90038684/FINNGEN_R12_K11_UC_STRICT2/GCST004133/GCST90446794,0.84355491399765/0.812900125980377/0.769894480705261/0.739977836608887/0.73384428024292/0.726412653923035/0.722344577312469/0.713408648967743/0.625751256942749,0.7134086,0.6257513,NA,0.7223446,NA,0.7399778,NA,NA,NA,NA,NA,NA,NA,NA,NA,0.7698945,NA,0.8129001,NA,0.7264127,NA,NA,NA,NA,NA,NA,NA,0.7338443,NA,NA,NA,NA,NA,NA,NA,NA,NA,NA,9,SLC26A3,1811,GWAS,1,78,1
0.485093197754602,ENSG00000168610,STAT3,protein_coding,0.755796197769268,NA,NA,GCST90446795/FINNGEN_R12_ULCERNAS/GCST90446794/FINNGEN_R12_K11_UC_STRICT2/GCST005537/GCST004133,0.868491113185883/0.811552166938782/0.779999554157257/0.742983222007751/0.584652900695801/0.552924573421478,0.5529246,0.7799996,0.8684911,0.7429832,NA,0.5846529,NA,NA,NA,NA,NA,NA,NA,NA,NA,NA,NA,NA,0.8115522,NA,NA,NA,NA,NA,NA,NA,NA,NA,NA,NA,NA,NA,NA,NA,NA,NA,NA,NA,6,STAT3,6774,GWAS,1,500,41
0.483346281932511,ENSG00000166949,SMAD3,protein_coding,0.786391735945751,NA,NA,FINNGEN_R12_K11_UC_STRICT2/GCST90446794/GCST90446794/GCST003097_2/GCST004133/GCST005537,0.903595566749573/0.823455333709717/0.774623453617096/0.7606360912323/0.745280683040619/0.744301319122314,0.7452807,0.7746235,NA,0.9035956,0.7606361,0.7443013,NA,NA,NA,NA,NA,NA,NA,NA,NA,NA,NA,NA,NA,NA,NA,NA,NA,NA,NA,NA,NA,NA,NA,NA,NA,NA,NA,NA,NA,NA,NA,NA,6,SMAD3,4088,GWAS,1,500,15
0.479722976462633,ENSG00000116833,NR5A2,protein_coding,0.756999440976594,NA,NA,GCST001728/GCST005537/GCST90454275/GCST90473823/GCST004133/GCST90446794,0.830719470977783/0.830719470977783/0.830719470977783/0.781739473342896/0.765165030956268/0.714792907238007,0.765165,0.7147929,NA,NA,NA,0.8307195,NA,NA,0.7817395,0.8307195,NA,NA,NA,NA,NA,NA,NA,NA,NA,NA,NA,NA,NA,NA,NA,NA,NA,0.8307195,NA,NA,NA,NA,NA,NA,NA,NA,NA,NA,4,NR5A2,2494,GWAS,1,139,2
0.476965013586221,ENSG00000142224,IL19,protein_coding,0.770579189845087,NA,NA,FINNGEN_R12_K11_UC_STRICT2/GCST90446794/GCST90446794/GCST90018933/GCST004133,0.849263668060303/0.841204583644867/0.804951727390289/0.76533830165863/0.74488228559494,0.7448823,0.8049517,NA,0.8492637,NA,NA,NA,NA,NA,NA,NA,NA,NA,NA,NA,0.7653383,NA,NA,NA,NA,NA,NA,NA,NA,NA,NA,NA,NA,NA,NA,NA,NA,NA,NA,NA,NA,NA,NA,5,IL19,29949,GWAS,1,103,12
0.473877888954489,ENSG00000162542,TMCO4,protein_coding,0.779493144312171,NA,NA,GCST90044155/GCST004133/GCST90436337/GCST90129459/GCST90038684/GCST90476067/FINNGEN_R12_K11_UC_STRICT2,0.842804431915283/0.839058637619019/0.838839411735535/0.836618185043335/0.670731365680695/0.670731365680695/0.670731365680695,0.8390586,NA,NA,0.6707314,NA,NA,NA,NA,NA,NA,0.8428044,NA,0.8388394,NA,NA,NA,0.6707314,0.8366182,NA,0.6707314,NA,NA,NA,NA,NA,NA,NA,NA,NA,NA,NA,NA,NA,NA,NA,NA,NA,NA,5,TMCO4,255104,GWAS,1,17,0
0.46252907709251,ENSG00000091140,DLD,protein_coding,0.753135321057779,NA,NA,GCST90480319/GCST90044155/GCST90446794/GCST90476067/GCST001728/GCST004133/GCST000964/FINNGEN_R12_K11_UC_STRICT2/GCST005537,0.814961075782776/0.782160699367523/0.77681440114975/0.750988245010376/0.749727070331573/0.736314058303833/0.719500124454498/0.636266350746155/0.632835388183594,0.7363141,0.7768144,NA,0.6362664,NA,0.6328354,0.7195001,NA,NA,NA,0.7821607,NA,NA,NA,NA,NA,0.7509882,NA,NA,NA,NA,NA,0.8149611,NA,NA,NA,NA,0.7497271,NA,NA,NA,NA,NA,NA,NA,NA,NA,NA,9,DLD,1738,GWAS,1,336,1
0.457052398947046,ENSG00000095110,NXPE1,protein_coding,0.748564197865343,NA,NA,GCST001728/GCST005537/GCST004133/GCST000964/GCST90446794,0.843717753887177/0.842861890792847/0.832400679588318/0.814838230609894/0.80213075876236,0.8324007,0.8021308,NA,NA,NA,0.8428619,0.8148382,NA,NA,NA,NA,NA,NA,NA,NA,NA,NA,NA,NA,NA,NA,NA,NA,NA,NA,NA,NA,0.8437178,NA,NA,NA,NA,NA,NA,NA,NA,NA,NA,5,NXPE1,120400,GWAS,1,7,0
0.445100283581575,ENSG00000175354,PTPN2,protein_coding,0.696876774123785,NA,NA,GCST005537/GCST90446794,0.817501127719879/0.766170740127563,NA,0.7661707,NA,NA,NA,0.8175011,NA,NA,NA,NA,NA,NA,NA,NA,NA,NA,NA,NA,NA,NA,NA,NA,NA,NA,NA,NA,NA,NA,NA,NA,NA,NA,NA,NA,NA,NA,NA,NA,2,PTPN2,5771,GWAS,1,106,17
0.439187069167571,ENSG00000107968,MAP3K8,protein_coding,0.681857367036525,NA,NA,GCST005537,0.781454503536224,NA,NA,NA,NA,NA,0.7814545,NA,NA,NA,NA,NA,NA,NA,NA,NA,NA,NA,NA,NA,NA,NA,NA,NA,NA,NA,NA,NA,NA,NA,NA,NA,NA,NA,NA,NA,NA,NA,NA,1,MAP3K8,1326,GWAS,1,71,7
0.437932158745603,ENSG00000162927,PUS10,protein_coding,0.718364042047205,NA,NA,GCST005537/FINNGEN_R12_K11_UC_STRICT2/GCST004133/GCST000964/GCST90446794/GCST000624,0.791160404682159/0.784787476062775/0.784787476062775/0.777186453342438/0.763565897941589/0.691827833652496,0.7847875,0.7635659,NA,0.7847875,NA,0.7911604,0.7771865,NA,NA,NA,NA,NA,NA,NA,NA,NA,NA,NA,NA,NA,0.6918278,NA,NA,NA,NA,NA,NA,NA,NA,NA,NA,NA,NA,NA,NA,NA,NA,NA,5,PUS10,150962,GWAS,1,36,2
0.436122667003253,ENSG00000182095,TNRC18,protein_coding,0.712228380823158,NA,NA,GCST90018933/FINNGEN_R12_ULCEROTH/FINNGEN_R12_ULCERNAS/FINNGEN_R12_K11_UC_STRICT2,0.801259815692902/0.801259815692902/0.801259815692902/0.801259815692902,NA,NA,NA,0.8012598,NA,NA,NA,NA,NA,NA,NA,NA,NA,NA,NA,0.8012598,NA,NA,0.8012598,NA,NA,NA,NA,NA,NA,0.8012598,NA,NA,NA,NA,NA,NA,NA,NA,NA,NA,NA,NA,1,TNRC18,84629,GWAS,1,19,0
0.429791541903051,ENSG00000115009,CCL20,protein_coding,0.659411030364397,NA,NA,GCST004133/GCST005537,0.823473930358887/0.740871429443359,0.8234739,NA,NA,NA,NA,0.7408714,NA,NA,NA,NA,NA,NA,NA,NA,NA,NA,NA,NA,NA,NA,NA,NA,NA,NA,NA,NA,NA,NA,NA,NA,NA,NA,NA,NA,NA,NA,NA,NA,2,CCL20,6364,GWAS,1,286,22
0.428077858537045,ENSG00000145623,OSMR,protein_coding,0.667512276420032,NA,NA,GCST005537/GCST90446794,0.88259094953537/0.861664235591888,NA,0.8616642,NA,NA,NA,0.8825909,NA,NA,NA,NA,NA,NA,NA,NA,NA,NA,NA,NA,NA,NA,NA,NA,NA,NA,NA,NA,NA,NA,NA,NA,NA,NA,NA,NA,NA,NA,NA,NA,2,OSMR,9180,GWAS,1,88,7
0.42669840361641,ENSG00000143365,RORC,protein_coding,0.688802795163779,NA,NA,GCST90018933/FINNGEN_R12_K11_UC_STRICT2/GCST005537/GCST004133/GCST90446794/GCST90446794/GCST90473823,0.835971355438232/0.591425120830536/0.552519738674164/0.552519738674164/0.533839404582977/0.526864528656006/0.526864528656006,0.5525197,0.5268645,NA,0.5914251,NA,0.5525197,NA,NA,0.5268645,NA,NA,NA,NA,NA,NA,0.8359714,NA,NA,NA,NA,NA,NA,NA,NA,NA,NA,NA,NA,NA,NA,NA,NA,NA,NA,NA,NA,NA,NA,5,RORC,6097,GWAS,1,144,13
0.424977957889118,ENSG00000180871,CXCR2,protein_coding,0.652806490598315,NA,NA,GCST90446794/GCST000964/GCST005537,0.783306360244751/0.734870314598083/0.734870314598083,NA,0.7833064,NA,NA,NA,0.7348703,0.7348703,NA,NA,NA,NA,NA,NA,NA,NA,NA,NA,NA,NA,NA,NA,NA,NA,NA,NA,NA,NA,NA,NA,NA,NA,NA,NA,NA,NA,NA,NA,NA,2,CXCR2,3579,GWAS,1,280,20
0.424856035963609,ENSG00000118503,TNFAIP3,protein_coding,0.665055679874064,NA,NA,GCST005537,0.91087931394577,NA,NA,NA,NA,NA,0.9108793,NA,NA,NA,NA,NA,NA,NA,NA,NA,NA,NA,NA,NA,NA,NA,NA,NA,NA,NA,NA,NA,NA,NA,NA,NA,NA,NA,NA,NA,NA,NA,NA,1,TNFAIP3,7128,GWAS,1,243,28
0.42478199267749,ENSG00000124678,TCP11,protein_coding,0.69782222674378,NA,NA,GCST90446794/GCST90446795/GCST90446795/GCST90446795,0.810890436172485/0.810890436172485/0.775648534297943/0.769093751907349,NA,0.8108904,0.7690938,NA,NA,NA,NA,NA,NA,NA,NA,NA,NA,NA,NA,NA,NA,NA,NA,NA,NA,NA,NA,NA,NA,NA,NA,NA,NA,NA,NA,NA,NA,NA,NA,NA,NA,NA,3,TCP11,6954,GWAS,1,48,0
0.420437805896773,ENSG00000134242,PTPN22,protein_coding,0.667227791515501,NA,NA,GCST005537/GCST003097_2,0.908314943313599/0.756896436214447,NA,NA,NA,NA,0.7568964,0.9083149,NA,NA,NA,NA,NA,NA,NA,NA,NA,NA,NA,NA,NA,NA,NA,NA,NA,NA,NA,NA,NA,NA,NA,NA,NA,NA,NA,NA,NA,NA,NA,NA,2,PTPN22,26191,GWAS,1,157,21
0.420145571786025,ENSG00000140030,GPR65,protein_coding,0.68272997026129,NA,NA,GCST005537/GCST90446795/GCST90446794,0.898978054523468/0.61680269241333/0.531994998455048,NA,0.531995,0.6168027,NA,NA,0.8989781,NA,NA,NA,NA,NA,NA,NA,NA,NA,NA,NA,NA,NA,NA,NA,NA,NA,NA,NA,NA,NA,NA,NA,NA,NA,NA,NA,NA,NA,NA,NA,NA,3,GPR65,8477,GWAS,1,56,1
0.418655510718485,ENSG00000132975,GPR12,protein_coding,0.687744629123994,NA,NA,GCST005537/GCST004133/GCST90446795/GCST90446795/GCST000964/GCST90446794,0.756944894790649/0.747926235198975/0.723052799701691/0.723052799701691/0.70820140838623/0.695800721645355,0.7479262,0.6958007,0.7230528,NA,NA,0.7569449,0.7082014,NA,NA,NA,NA,NA,NA,NA,NA,NA,NA,NA,NA,NA,NA,NA,NA,NA,NA,NA,NA,NA,NA,NA,NA,NA,NA,NA,NA,NA,NA,NA,5,GPR12,2835,GWAS,1,16,1
0.417479501121146,ENSG00000100311,PDGFB,protein_coding,0.673464416639012,NA,NA,GCST005537/GCST004133/FINNGEN_R12_K11_UC_STRICT2,0.774756968021393/0.651666283607483/0.605911493301392,0.6516663,NA,NA,0.6059115,NA,0.774757,NA,NA,NA,NA,NA,NA,NA,NA,NA,NA,NA,NA,NA,NA,NA,NA,NA,NA,NA,NA,NA,NA,NA,NA,NA,NA,NA,NA,NA,NA,NA,NA,3,PDGFB,5155,GWAS,1,240,10
0.417279181230231,ENSG00000124507,PACSIN1,protein_coding,0.684977270697684,NA,NA,GCST90446794/GCST90446795/GCST90446795,0.856804013252258/0.832155108451843/0.557035267353058,NA,0.856804,0.5570353,NA,NA,NA,NA,NA,NA,NA,NA,NA,NA,NA,NA,NA,NA,NA,NA,NA,NA,NA,NA,NA,NA,NA,NA,NA,NA,NA,NA,NA,NA,NA,NA,NA,NA,NA,3,PACSIN1,29993,GWAS,1,65,0
0.414517212899175,ENSG00000164535,DAGLB,protein_coding,0.681241408843824,NA,NA,GCST90446794,0.800007104873657,NA,0.8000071,NA,NA,NA,NA,NA,NA,NA,NA,NA,NA,NA,NA,NA,NA,NA,NA,NA,NA,NA,NA,NA,NA,NA,NA,NA,NA,NA,NA,NA,NA,NA,NA,NA,NA,NA,NA,1,DAGLB,221955,GWAS,1,22,0
0.414056898377255,ENSG00000146535,GNA12,protein_coding,0.677709444491443,NA,NA,GCST90446794/FINNGEN_R12_K11_UC_STRICT2,0.83617091178894/0.748049736022949,NA,0.8361709,NA,0.7480497,NA,NA,NA,NA,NA,NA,NA,NA,NA,NA,NA,NA,NA,NA,NA,NA,NA,NA,NA,NA,NA,NA,NA,NA,NA,NA,NA,NA,NA,NA,NA,NA,NA,NA,2,GNA12,2768,GWAS,1,216,3
0.41223655205709,ENSG00000115604,IL18R1,protein_coding,0.671526346982354,NA,NA,GCST90446795/GCST005537,0.862692058086395/0.852048635482788,NA,NA,0.8626921,NA,NA,0.8520486,NA,NA,NA,NA,NA,NA,NA,NA,NA,NA,NA,NA,NA,NA,NA,NA,NA,NA,NA,NA,NA,NA,NA,NA,NA,NA,NA,NA,NA,NA,NA,NA,2,IL18R1,8809,GWAS,1,137,24
0.398050649088219,ENSG00000112977,DAP,protein_coding,0.652947743620143,NA,NA,GCST000964/GCST90446794/GCST005537,0.802619338035583/0.770407855510712/0.709453403949738,NA,0.7704079,NA,NA,NA,0.7094534,0.8026193,NA,NA,NA,NA,NA,NA,NA,NA,NA,NA,NA,NA,NA,NA,NA,NA,NA,NA,NA,NA,NA,NA,NA,NA,NA,NA,NA,NA,NA,NA,NA,3,DAP,1611,GWAS,1,18,0
0.396700205118659,ENSG00000085978,ATG16L1,protein_coding,0.638703106866417,NA,NA,GCST005537/GCST003097_2,0.84836333990097/0.809019088745117,NA,NA,NA,NA,0.8090191,0.8483633,NA,NA,NA,NA,NA,NA,NA,NA,NA,NA,NA,NA,NA,NA,NA,NA,NA,NA,NA,NA,NA,NA,NA,NA,NA,NA,NA,NA,NA,NA,NA,NA,2,ATG16L1,55054,GWAS,1,177,12
0.39492591755556,ENSG00000174469,CNTNAP2,protein_coding,0.649623146429012,NA,NA,GCST90480318/GCST90479622/GCST90479621/GCST90479621/GCST90480319/GCST90480318,0.717752933502197/0.717752933502197/0.717752933502197/0.717752933502197/0.705584585666656/0.668027281761169,NA,NA,NA,NA,NA,NA,NA,NA,NA,NA,NA,NA,NA,NA,0.7177529,NA,NA,NA,NA,NA,NA,NA,0.7055846,NA,NA,NA,NA,NA,NA,NA,NA,NA,0.6680273,0.7177529,NA,NA,NA,NA,3,CNTNAP2,26047,GWAS,1,157,1
0.394347348392964,ENSG00000171522,PTGER4,protein_coding,0.615336392922255,NA,NA,GCST003097_2/GCST004133/GCST90446794/GCST005537/GCST000964,0.733230292797089/0.591390252113342/0.590317368507385/0.509116888046265/0.504237532615662,0.5913903,0.5903174,NA,NA,0.7332303,0.5091169,0.5042375,NA,NA,NA,NA,NA,NA,NA,NA,NA,NA,NA,NA,NA,NA,NA,NA,NA,NA,NA,NA,NA,NA,NA,NA,NA,NA,NA,NA,NA,NA,NA,5,PTGER4,5734,GWAS,1,129,7
0.393714389728808,ENSG00000109320,NFKB1,protein_coding,0.603410853907464,NA,NA,GCST005537/GCST001728,0.82119232416153/0.685490846633911,NA,NA,NA,NA,NA,0.8211923,NA,NA,NA,NA,NA,NA,NA,NA,NA,NA,NA,NA,NA,NA,NA,NA,NA,NA,NA,NA,NA,0.6854908,NA,NA,NA,NA,NA,NA,NA,NA,NA,NA,2,NFKB1,4790,GWAS,1,500,32
0.392281708769033,ENSG00000168769,TET2,protein_coding,0.522490715363934,NA,NA,GCST90446794,0.859457552433014,NA,0.8594576,NA,NA,NA,NA,NA,NA,NA,NA,NA,NA,NA,NA,NA,NA,NA,NA,NA,NA,NA,NA,NA,NA,NA,NA,NA,NA,NA,NA,NA,NA,NA,NA,NA,NA,NA,NA,1,TET2,54790,GWAS,1,205,5
0.391086450575101,ENSG00000185811,IKZF1,protein_coding,0.63175511999275,NA,NA,GCST90446794/GCST005537/GCST90446794,0.767069280147552/0.757667362689972/0.74432772397995,NA,0.7443277,NA,NA,NA,0.7576674,NA,NA,NA,NA,NA,NA,NA,NA,NA,NA,NA,NA,NA,NA,NA,NA,NA,NA,NA,NA,NA,NA,NA,NA,NA,NA,NA,NA,NA,NA,NA,NA,3,IKZF1,10320,GWAS,1,290,11
0.390404004717052,ENSG00000145996,CDKAL1,protein_coding,0.639734739078833,NA,NA,GCST90446794/GCST005537,0.846569240093231/0.785343706607819,NA,0.8465692,NA,NA,NA,0.7853437,NA,NA,NA,NA,NA,NA,NA,NA,NA,NA,NA,NA,NA,NA,NA,NA,NA,NA,NA,NA,NA,NA,NA,NA,NA,NA,NA,NA,NA,NA,NA,NA,2,CDKAL1,54901,GWAS,1,103,3
0.388930156488578,ENSG00000188263,IL17REL,protein_coding,0.635309498110116,NA,NA,FINNGEN_R12_K11_UC_STRICT2/FINNGEN_R12_ULCERNAS/GCST004133/GCST90446794,0.75770103931427/0.737879276275635/0.625500559806824/0.533839404582977,0.6255006,0.5338394,NA,0.757701,NA,NA,NA,NA,NA,NA,NA,NA,NA,NA,NA,NA,NA,NA,0.7378793,NA,NA,NA,NA,NA,NA,NA,NA,NA,NA,NA,NA,NA,NA,NA,NA,NA,NA,NA,4,IL17REL,400935,GWAS,1,12,4
0.385888532005806,ENSG00000115267,IFIH1,protein_coding,0.624029296859697,NA,NA,GCST005537,0.796544373035431,NA,NA,NA,NA,NA,0.7965444,NA,NA,NA,NA,NA,NA,NA,NA,NA,NA,NA,NA,NA,NA,NA,NA,NA,NA,NA,NA,NA,NA,NA,NA,NA,NA,NA,NA,NA,NA,NA,NA,1,IFIH1,64135,GWAS,1,384,19
0.385830079219687,ENSG00000115607,IL18RAP,protein_coding,0.625971143172367,NA,NA,GCST90446794/GCST90446795,0.837021052837372/0.742373049259186,NA,0.8370211,0.742373,NA,NA,NA,NA,NA,NA,NA,NA,NA,NA,NA,NA,NA,NA,NA,NA,NA,NA,NA,NA,NA,NA,NA,NA,NA,NA,NA,NA,NA,NA,NA,NA,NA,NA,NA,2,IL18RAP,8807,GWAS,1,85,13
0.38438099302969,ENSG00000120217,CD274,protein_coding,0.579039473122356,NA,NA,GCST004133,0.952475965023041,0.952476,NA,NA,NA,NA,NA,NA,NA,NA,NA,NA,NA,NA,NA,NA,NA,NA,NA,NA,NA,NA,NA,NA,NA,NA,NA,NA,NA,NA,NA,NA,NA,NA,NA,NA,NA,NA,NA,1,CD274,29126,GWAS,1,500,21
0.383889444980499,ENSG00000134460,IL2RA,protein_coding,0.571206508663842,NA,NA,GCST005537/GCST003097_2,0.757792472839355/0.72719544172287,NA,NA,NA,NA,0.7271954,0.7577925,NA,NA,NA,NA,NA,NA,NA,NA,NA,NA,NA,NA,NA,NA,NA,NA,NA,NA,NA,NA,NA,NA,NA,NA,NA,NA,NA,NA,NA,NA,NA,NA,2,IL2RA,3559,GWAS,1,322,34
0.381347562365323,ENSG00000215912,TTC34,protein_coding,0.627287783187698,NA,NA,GCST90446794,0.828456878662109,NA,0.8284569,NA,NA,NA,NA,NA,NA,NA,NA,NA,NA,NA,NA,NA,NA,NA,NA,NA,NA,NA,NA,NA,NA,NA,NA,NA,NA,NA,NA,NA,NA,NA,NA,NA,NA,NA,NA,1,TTC34,100287898,GWAS,1,8,0
0.381129098610884,ENSG00000172201,ID4,protein_coding,0.624800669108636,NA,NA,GCST90446794/GCST004133,0.831649899482727/0.784399032592773,0.784399,0.8316499,NA,NA,NA,NA,NA,NA,NA,NA,NA,NA,NA,NA,NA,NA,NA,NA,NA,NA,NA,NA,NA,NA,NA,NA,NA,NA,NA,NA,NA,NA,NA,NA,NA,NA,NA,NA,2,ID4,3400,GWAS,1,66,0
0.380582374103502,ENSG00000187796,CARD9,protein_coding,0.613709695768859,NA,NA,GCST005537/GCST000964,0.817027449607849/0.724431097507477,NA,NA,NA,NA,NA,0.8170274,0.7244311,NA,NA,NA,NA,NA,NA,NA,NA,NA,NA,NA,NA,NA,NA,NA,NA,NA,NA,NA,NA,NA,NA,NA,NA,NA,NA,NA,NA,NA,NA,NA,2,CARD9,64170,GWAS,1,129,17
0.376890602737696,ENSG00000133195,SLC39A11,protein_coding,0.619196509534006,NA,NA,GCST005537/GCST001728/GCST90446794,0.713179707527161/0.700695395469666/0.64956396818161,NA,0.649564,NA,NA,NA,0.7131797,NA,NA,NA,NA,NA,NA,NA,NA,NA,NA,NA,NA,NA,NA,NA,NA,NA,NA,NA,NA,NA,0.7006954,NA,NA,NA,NA,NA,NA,NA,NA,NA,NA,3,SLC39A11,201266,GWAS,1,31,0
0.375611967021356,ENSG00000196233,LCOR,protein_coding,0.617853164368417,NA,NA,GCST90446795/GCST90446794,0.813084244728088/0.812949180603027,NA,0.8129492,0.8130842,NA,NA,NA,NA,NA,NA,NA,NA,NA,NA,NA,NA,NA,NA,NA,NA,NA,NA,NA,NA,NA,NA,NA,NA,NA,NA,NA,NA,NA,NA,NA,NA,NA,NA,NA,2,LCOR,84458,GWAS,1,43,0
0.373382180186333,ENSG00000101017,CD40,protein_coding,0.574468509835269,NA,NA,GCST005537,0.944957077503204,NA,NA,NA,NA,NA,0.9449571,NA,NA,NA,NA,NA,NA,NA,NA,NA,NA,NA,NA,NA,NA,NA,NA,NA,NA,NA,NA,NA,NA,NA,NA,NA,NA,NA,NA,NA,NA,NA,NA,1,CD40,958,GWAS,1,500,33
0.373011674471217,ENSG00000185338,SOCS1,protein_coding,0.576742939651544,NA,NA,GCST90446794,0.862019121646881,NA,0.8620191,NA,NA,NA,NA,NA,NA,NA,NA,NA,NA,NA,NA,NA,NA,NA,NA,NA,NA,NA,NA,NA,NA,NA,NA,NA,NA,NA,NA,NA,NA,NA,NA,NA,NA,NA,NA,1,SOCS1,8651,GWAS,1,316,20
0.371778995845701,ENSG00000130876,SLC7A10,protein_coding,0.609420460042215,NA,NA,GCST90446794/GCST90446794/GCST90446794/GCST004133,0.701909840106964/0.687222957611084/0.657509207725525/0.613283514976501,0.6132835,0.6575092,NA,NA,NA,NA,NA,NA,NA,NA,NA,NA,NA,NA,NA,NA,NA,NA,NA,NA,NA,NA,NA,NA,NA,NA,NA,NA,NA,NA,NA,NA,NA,NA,NA,NA,NA,NA,4,SLC7A10,56301,GWAS,1,26,0
0.369863311411596,ENSG00000054983,GALC,protein_coding,0.606593841811352,NA,NA,GCST90446794/GCST90446795,0.643200099468231/0.577975749969482,NA,0.6432001,0.5779757,NA,NA,NA,NA,NA,NA,NA,NA,NA,NA,NA,NA,NA,NA,NA,NA,NA,NA,NA,NA,NA,NA,NA,NA,NA,NA,NA,NA,NA,NA,NA,NA,NA,NA,NA,2,GALC,2581,GWAS,1,85,0
0.369384121517701,ENSG00000183117,CSMD1,protein_coding,0.604531110601958,NA,NA,GCST90480318/GCST90480318,0.814969539642334/0.717752933502197,NA,NA,NA,NA,NA,NA,NA,NA,NA,NA,NA,NA,NA,NA,NA,NA,NA,NA,NA,NA,NA,NA,NA,NA,NA,NA,NA,NA,NA,NA,NA,NA,0.7177529,NA,NA,NA,NA,NA,2,CSMD1,64478,GWAS,1,56,1
0.36827480105901,ENSG00000067182,TNFRSF1A,protein_coding,0.584257674896861,NA,NA,GCST005537,0.961059510707855,NA,NA,NA,NA,NA,0.9610595,NA,NA,NA,NA,NA,NA,NA,NA,NA,NA,NA,NA,NA,NA,NA,NA,NA,NA,NA,NA,NA,NA,NA,NA,NA,NA,NA,NA,NA,NA,NA,NA,1,TNFRSF1A,7132,GWAS,1,427,25
0.365132808345226,ENSG00000121797,CCRL2,protein_coding,0.600615744061206,NA,NA,GCST90446794/GCST90446794,0.810505270957947/0.634967684745789,NA,0.6349677,NA,NA,NA,NA,NA,NA,NA,NA,NA,NA,NA,NA,NA,NA,NA,NA,NA,NA,NA,NA,NA,NA,NA,NA,NA,NA,NA,NA,NA,NA,NA,NA,NA,NA,NA,NA,2,CCRL2,9034,GWAS,1,280,26
0.362589859442721,ENSG00000112182,BACH2,protein_coding,0.581418043763446,NA,NA,GCST005537,0.956388533115387,NA,NA,NA,NA,NA,0.9563885,NA,NA,NA,NA,NA,NA,NA,NA,NA,NA,NA,NA,NA,NA,NA,NA,NA,NA,NA,NA,NA,NA,NA,NA,NA,NA,NA,NA,NA,NA,NA,NA,1,BACH2,60468,GWAS,1,105,12
0.362142793098819,ENSG00000081985,IL12RB2,protein_coding,0.593696290479859,NA,NA,GCST90446795,0.824797332286835,NA,NA,0.8247973,NA,NA,NA,NA,NA,NA,NA,NA,NA,NA,NA,NA,NA,NA,NA,NA,NA,NA,NA,NA,NA,NA,NA,NA,NA,NA,NA,NA,NA,NA,NA,NA,NA,NA,NA,1,IL12RB2,3595,GWAS,1,140,19
0.360884590684329,ENSG00000013725,CD6,protein_coding,0.58460133237165,NA,NA,GCST005537,0.961624801158905,NA,NA,NA,NA,NA,0.9616248,NA,NA,NA,NA,NA,NA,NA,NA,NA,NA,NA,NA,NA,NA,NA,NA,NA,NA,NA,NA,NA,NA,NA,NA,NA,NA,NA,NA,NA,NA,NA,NA,1,CD6,923,GWAS,1,134,7
0.360784842519964,ENSG00000159128,IFNGR2,protein_coding,0.590825504076046,NA,NA,GCST005537,0.971863090991974,NA,NA,NA,NA,NA,0.9718631,NA,NA,NA,NA,NA,NA,NA,NA,NA,NA,NA,NA,NA,NA,NA,NA,NA,NA,NA,NA,NA,NA,NA,NA,NA,NA,NA,NA,NA,NA,NA,NA,1,IFNGR2,3460,GWAS,1,130,10
0.358806447816531,ENSG00000120210,INSL6,protein_coding,0.590209361371681,NA,NA,GCST90446794/GCST90446795,0.75381600856781/0.681088328361511,NA,0.753816,0.6810883,NA,NA,NA,NA,NA,NA,NA,NA,NA,NA,NA,NA,NA,NA,NA,NA,NA,NA,NA,NA,NA,NA,NA,NA,NA,NA,NA,NA,NA,NA,NA,NA,NA,NA,NA,2,INSL6,11172,GWAS,1,22,0
0.355704937287495,ENSG00000108691,CCL2,protein_coding,0.547041851401896,NA,NA,GCST005537,0.72807252407074,NA,NA,NA,NA,NA,0.7280725,NA,NA,NA,NA,NA,NA,NA,NA,NA,NA,NA,NA,NA,NA,NA,NA,NA,NA,NA,NA,NA,NA,NA,NA,NA,NA,NA,NA,NA,NA,NA,NA,1,CCL2,6347,GWAS,1,500,30
0.351202377692751,ENSG00000137077,CCL21,protein_coding,0.562276605054596,NA,NA,GCST005537,0.924902319908142,NA,NA,NA,NA,NA,0.9249023,NA,NA,NA,NA,NA,NA,NA,NA,NA,NA,NA,NA,NA,NA,NA,NA,NA,NA,NA,NA,NA,NA,NA,NA,NA,NA,NA,NA,NA,NA,NA,NA,1,CCL21,6366,GWAS,1,210,8
0.350490966662765,ENSG00000160185,UBASH3A,protein_coding,0.572914006917888,NA,NA,GCST005537,0.94240003824234,NA,NA,NA,NA,NA,0.9424,NA,NA,NA,NA,NA,NA,NA,NA,NA,NA,NA,NA,NA,NA,NA,NA,NA,NA,NA,NA,NA,NA,NA,NA,NA,NA,NA,NA,NA,NA,NA,NA,1,UBASH3A,53347,GWAS,1,79,9
0.35012757451199,ENSG00000112079,STK38,protein_coding,0.573957498707242,NA,NA,GCST90446795/GCST90446795,0.756628036499023/0.749953866004944,NA,NA,0.7499539,NA,NA,NA,NA,NA,NA,NA,NA,NA,NA,NA,NA,NA,NA,NA,NA,NA,NA,NA,NA,NA,NA,NA,NA,NA,NA,NA,NA,NA,NA,NA,NA,NA,NA,NA,2,STK38,11329,GWAS,1,62,1
0.349967176706487,ENSG00000005844,ITGAL,protein_coding,0.567861039019916,NA,NA,GCST001728,0.934088289737701,NA,NA,NA,NA,NA,NA,NA,NA,NA,NA,NA,NA,NA,NA,NA,NA,NA,NA,NA,NA,NA,NA,NA,NA,NA,NA,NA,0.9340883,NA,NA,NA,NA,NA,NA,NA,NA,NA,NA,1,ITGAL,3683,GWAS,1,272,13
0.348627713655902,ENSG00000026103,FAS,protein_coding,0.547564682096831,NA,NA,GCST005537,0.85368949174881,NA,NA,NA,NA,NA,0.8536895,NA,NA,NA,NA,NA,NA,NA,NA,NA,NA,NA,NA,NA,NA,NA,NA,NA,NA,NA,NA,NA,NA,NA,NA,NA,NA,NA,NA,NA,NA,NA,NA,1,FAS,355,GWAS,1,270,15
0.3483454446703,ENSG00000163935,SFMBT1,protein_coding,0.573001805532546,NA,NA,GCST90479621,0.77473908662796,NA,NA,NA,NA,NA,NA,NA,NA,NA,NA,NA,NA,NA,NA,NA,NA,NA,NA,NA,NA,NA,NA,NA,NA,NA,NA,NA,NA,NA,NA,NA,NA,NA,0.7747391,NA,NA,NA,NA,1,SFMBT1,51460,GWAS,1,38,0
0.348202575080979,ENSG00000096395,MLN,protein_coding,0.566700206137984,NA,NA,GCST90446795/GCST90018933/GCST90018713,0.736294209957123/0.501408576965332/0.501408576965332,NA,NA,0.7362942,NA,NA,NA,NA,NA,NA,NA,NA,NA,NA,NA,NA,0.5014086,NA,NA,NA,NA,NA,NA,NA,NA,NA,NA,NA,NA,NA,NA,NA,NA,NA,NA,0.5014086,NA,NA,NA,2,MLN,4295,GWAS,1,104,1
0.347572492077145,ENSG00000172575,RASGRP1,protein_coding,0.568775650197349,NA,NA,GCST005537/GCST90454587,0.806418657302856/0.516696393489838,NA,NA,NA,NA,NA,0.8064187,NA,NA,NA,NA,NA,NA,NA,NA,NA,NA,NA,NA,NA,NA,NA,NA,NA,NA,NA,NA,NA,NA,NA,NA,NA,NA,NA,NA,NA,0.5166964,NA,NA,2,RASGRP1,10125,GWAS,1,119,0
0.346422259233371,ENSG00000160712,IL6R,protein_coding,0.556062216934994,NA,NA,GCST005537,0.914680123329163,NA,NA,NA,NA,NA,0.9146801,NA,NA,NA,NA,NA,NA,NA,NA,NA,NA,NA,NA,NA,NA,NA,NA,NA,NA,NA,NA,NA,NA,NA,NA,NA,NA,NA,NA,NA,NA,NA,NA,1,IL6R,3570,GWAS,1,257,24
0.342442262208029,ENSG00000124766,SOX4,protein_coding,0.561776926594683,NA,NA,GCST90446794/GCST005537/GCST90446794,0.725702285766602/0.545334577560425/0.52978926897049,NA,0.5297893,NA,NA,NA,0.5453346,NA,NA,NA,NA,NA,NA,NA,NA,NA,NA,NA,NA,NA,NA,NA,NA,NA,NA,NA,NA,NA,NA,NA,NA,NA,NA,NA,NA,NA,NA,NA,NA,3,SOX4,6659,GWAS,1,114,3
0.340021092941047,ENSG00000130592,LSP1,protein_coding,0.551217911159393,NA,NA,GCST90446794/GCST000964,0.726901352405548/0.71924102306366,NA,0.7269014,NA,NA,NA,NA,0.719241,NA,NA,NA,NA,NA,NA,NA,NA,NA,NA,NA,NA,NA,NA,NA,NA,NA,NA,NA,NA,NA,NA,NA,NA,NA,NA,NA,NA,NA,NA,NA,2,LSP1,4046,GWAS,1,52,0
0.338060542239874,ENSG00000140577,CRTC3,protein_coding,0.556083921999038,NA,NA,GCST90446794,0.914715826511383,NA,0.9147158,NA,NA,NA,NA,NA,NA,NA,NA,NA,NA,NA,NA,NA,NA,NA,NA,NA,NA,NA,NA,NA,NA,NA,NA,NA,NA,NA,NA,NA,NA,NA,NA,NA,NA,NA,NA,1,CRTC3,64784,GWAS,1,30,0
0.337635477214607,ENSG00000186577,SMIM29,protein_coding,0.555384722308981,NA,NA,GCST90446794,0.819146811962128,NA,0.8191468,NA,NA,NA,NA,NA,NA,NA,NA,NA,NA,NA,NA,NA,NA,NA,NA,NA,NA,NA,NA,NA,NA,NA,NA,NA,NA,NA,NA,NA,NA,NA,NA,NA,NA,NA,NA,1,SMIM29,221491,GWAS,1,13,1
0.337563140376159,ENSG00000137872,SEMA6D,protein_coding,0.553137975910854,NA,NA,GCST003960,0.909869968891144,NA,NA,NA,NA,NA,NA,NA,NA,NA,NA,NA,NA,NA,NA,NA,NA,NA,NA,NA,NA,NA,NA,NA,NA,NA,NA,NA,NA,NA,NA,NA,NA,NA,NA,NA,NA,0.90987,NA,1,SEMA6D,80031,GWAS,1,29,0
0.33683881952706,ENSG00000091972,CD200,protein_coding,0.544274845267831,NA,NA,GCST90179177,0.895290791988373,NA,NA,NA,NA,NA,NA,NA,NA,NA,NA,NA,NA,NA,NA,NA,NA,NA,NA,NA,NA,NA,NA,NA,NA,NA,NA,NA,NA,NA,NA,NA,NA,NA,NA,NA,NA,NA,0.8952908,1,CD200,4345,GWAS,1,114,5
0.335282571827177,ENSG00000159339,PADI4,protein_coding,0.512650168364421,NA,NA,GCST90480318,0.843270599842072,NA,NA,NA,NA,NA,NA,NA,NA,NA,NA,NA,NA,NA,NA,NA,NA,NA,NA,NA,NA,NA,NA,NA,NA,NA,NA,NA,NA,NA,NA,NA,NA,0.8432706,NA,NA,NA,NA,NA,1,PADI4,23569,GWAS,1,71,8
0.335005914579707,ENSG00000161896,IP6K3,protein_coding,0.551059291445416,NA,NA,GCST90446794,0.823961734771729,NA,0.8239617,NA,NA,NA,NA,NA,NA,NA,NA,NA,NA,NA,NA,NA,NA,NA,NA,NA,NA,NA,NA,NA,NA,NA,NA,NA,NA,NA,NA,NA,NA,NA,NA,NA,NA,NA,NA,1,IP6K3,117283,GWAS,1,19,0
0.333604532491456,ENSG00000157873,TNFRSF14,protein_coding,0.543022864481269,NA,NA,GCST001728/GCST005537,0.695218086242676/0.692779183387756,NA,NA,NA,NA,NA,0.6927792,NA,NA,NA,NA,NA,NA,NA,NA,NA,NA,NA,NA,NA,NA,NA,NA,NA,NA,NA,NA,NA,0.6952181,NA,NA,NA,NA,NA,NA,NA,NA,NA,NA,2,TNFRSF14,8764,GWAS,1,146,12
0.330481551654913,ENSG00000005108,THSD7A,protein_coding,0.536996691597051,NA,NA,GCST90454587,0.883318781852722,NA,NA,NA,NA,NA,NA,NA,NA,NA,NA,NA,NA,NA,NA,NA,NA,NA,NA,NA,NA,NA,NA,NA,NA,NA,NA,NA,NA,NA,NA,NA,NA,NA,NA,NA,0.8833188,NA,NA,1,THSD7A,221981,GWAS,1,17,0
0.330301464815718,ENSG00000180316,PNPLA1,protein_coding,0.54144110693248,NA,NA,GCST90446795,0.854522943496704,NA,NA,0.8545229,NA,NA,NA,NA,NA,NA,NA,NA,NA,NA,NA,NA,NA,NA,NA,NA,NA,NA,NA,NA,NA,NA,NA,NA,NA,NA,NA,NA,NA,NA,NA,NA,NA,NA,NA,1,PNPLA1,285848,GWAS,1,27,0
0.330081688903831,ENSG00000186487,MYT1L,protein_coding,0.539767620223908,NA,NA,GCST90480318,0.887876749038696,NA,NA,NA,NA,NA,NA,NA,NA,NA,NA,NA,NA,NA,NA,NA,NA,NA,NA,NA,NA,NA,NA,NA,NA,NA,NA,NA,NA,NA,NA,NA,NA,0.8878767,NA,NA,NA,NA,NA,1,MYT1L,23040,GWAS,1,70,0
0.328421284698033,ENSG00000272325,NUDT3,protein_coding,0.540228075281433,NA,NA,GCST90446795,0.841797649860382,NA,NA,0.8417976,NA,NA,NA,NA,NA,NA,NA,NA,NA,NA,NA,NA,NA,NA,NA,NA,NA,NA,NA,NA,NA,NA,NA,NA,NA,NA,NA,NA,NA,NA,NA,NA,NA,NA,NA,1,NUDT3,11165,GWAS,1,82,1
0.328259929500317,ENSG00000174080,CTSF,protein_coding,0.53570714265011,NA,NA,GCST90454587,0.881197571754456,NA,NA,NA,NA,NA,NA,NA,NA,NA,NA,NA,NA,NA,NA,NA,NA,NA,NA,NA,NA,NA,NA,NA,NA,NA,NA,NA,NA,NA,NA,NA,NA,NA,NA,NA,0.8811976,NA,NA,1,CTSF,8722,GWAS,1,58,0
0.328141359887647,ENSG00000041515,MYO16,protein_coding,0.539767620223908,NA,NA,GCST90480318,0.887876749038696,NA,NA,NA,NA,NA,NA,NA,NA,NA,NA,NA,NA,NA,NA,NA,NA,NA,NA,NA,NA,NA,NA,NA,NA,NA,NA,NA,NA,NA,NA,NA,NA,0.8878767,NA,NA,NA,NA,NA,1,MYO16,23026,GWAS,1,13,0
0.326138601056928,ENSG00000119042,SATB2,protein_coding,0.514525037257095,NA,NA,GCST004133,0.673351526260376,0.6733515,NA,NA,NA,NA,NA,NA,NA,NA,NA,NA,NA,NA,NA,NA,NA,NA,NA,NA,NA,NA,NA,NA,NA,NA,NA,NA,NA,NA,NA,NA,NA,NA,NA,NA,NA,NA,NA,1,SATB2,23314,GWAS,1,129,0
0.325470079414898,ENSG00000010030,ETV7,protein_coding,0.524003909812182,NA,NA,GCST90446795,0.861946642398834,NA,NA,0.8619466,NA,NA,NA,NA,NA,NA,NA,NA,NA,NA,NA,NA,NA,NA,NA,NA,NA,NA,NA,NA,NA,NA,NA,NA,NA,NA,NA,NA,NA,NA,NA,NA,NA,NA,NA,1,ETV7,51513,GWAS,1,32,0
0.325046104250227,ENSG00000115138,POMC,protein_coding,0.521987549221492,NA,NA,GCST90446794,0.858629882335663,NA,0.8586299,NA,NA,NA,NA,NA,NA,NA,NA,NA,NA,NA,NA,NA,NA,NA,NA,NA,NA,NA,NA,NA,NA,NA,NA,NA,NA,NA,NA,NA,NA,NA,NA,NA,NA,NA,NA,1,POMC,5443,GWAS,1,437,4
0.324825334520533,ENSG00000153064,BANK1,protein_coding,0.529583995517593,NA,NA,GCST005537,0.871125459671021,NA,NA,NA,NA,NA,0.8711255,NA,NA,NA,NA,NA,NA,NA,NA,NA,NA,NA,NA,NA,NA,NA,NA,NA,NA,NA,NA,NA,NA,NA,NA,NA,NA,NA,NA,NA,NA,NA,NA,1,BANK1,55024,GWAS,1,51,4
0.32323223732202,ENSG00000073605,GSDMB,protein_coding,0.510179780638451,NA,NA,GCST90446794,0.663903057575226,NA,0.6639031,NA,NA,NA,NA,NA,NA,NA,NA,NA,NA,NA,NA,NA,NA,NA,NA,NA,NA,NA,NA,NA,NA,NA,NA,NA,NA,NA,NA,NA,NA,NA,NA,NA,NA,NA,NA,1,GSDMB,55876,GWAS,1,54,2
0.322688223074468,ENSG00000197818,SLC9A8,protein_coding,0.511871539956759,NA,NA,GCST005537,0.841989815235138,NA,NA,NA,NA,NA,0.8419898,NA,NA,NA,NA,NA,NA,NA,NA,NA,NA,NA,NA,NA,NA,NA,NA,NA,NA,NA,NA,NA,NA,NA,NA,NA,NA,NA,NA,NA,NA,NA,NA,1,SLC9A8,23315,GWAS,1,24,1
0.32119081614656,ENSG00000164307,ERAP1,protein_coding,0.521854130113291,NA,NA,GCST005537,0.8584104180336,NA,NA,NA,NA,NA,0.8584104,NA,NA,NA,NA,NA,NA,NA,NA,NA,NA,NA,NA,NA,NA,NA,NA,NA,NA,NA,NA,NA,NA,NA,NA,NA,NA,NA,NA,NA,NA,NA,NA,1,ERAP1,51752,GWAS,1,101,10
0.321020298518717,ENSG00000151150,ANK3,protein_coding,0.524043768861346,NA,NA,GCST90454587,0.862012207508087,NA,NA,NA,NA,NA,NA,NA,NA,NA,NA,NA,NA,NA,NA,NA,NA,NA,NA,NA,NA,NA,NA,NA,NA,NA,NA,NA,NA,NA,NA,NA,NA,NA,NA,NA,0.8620122,NA,NA,1,ANK3,288,GWAS,1,366,4
0.320237559069832,ENSG00000124203,ZNF831,protein_coding,0.526766468038715,NA,NA,GCST005537,0.866490840911865,NA,NA,NA,NA,NA,0.8664908,NA,NA,NA,NA,NA,NA,NA,NA,NA,NA,NA,NA,NA,NA,NA,NA,NA,NA,NA,NA,NA,NA,NA,NA,NA,NA,NA,NA,NA,NA,NA,NA,1,ZNF831,128611,GWAS,1,26,1
0.320000491573367,ENSG00000117114,ADGRL2,protein_coding,0.508286182248991,NA,NA,GCST003097_2,0.836092174053192,NA,NA,NA,NA,0.8360922,NA,NA,NA,NA,NA,NA,NA,NA,NA,NA,NA,NA,NA,NA,NA,NA,NA,NA,NA,NA,NA,NA,NA,NA,NA,NA,NA,NA,NA,NA,NA,NA,NA,1,ADGRL2,23266,GWAS,1,263,1
0.319994494659349,ENSG00000082497,SERTAD4,protein_coding,0.526366645540104,NA,NA,GCST90480318,0.865833163261414,NA,NA,NA,NA,NA,NA,NA,NA,NA,NA,NA,NA,NA,NA,NA,NA,NA,NA,NA,NA,NA,NA,NA,NA,NA,NA,NA,NA,NA,NA,NA,NA,0.8658332,NA,NA,NA,NA,NA,1,SERTAD4,56256,GWAS,1,25,0
0.319402165591605,ENSG00000127074,RGS13,protein_coding,0.525392309201049,NA,NA,GCST90480319,0.864230453968048,NA,NA,NA,NA,NA,NA,NA,NA,NA,NA,NA,NA,NA,NA,NA,NA,NA,NA,NA,NA,NA,NA,0.8642305,NA,NA,NA,NA,NA,NA,NA,NA,NA,NA,NA,NA,NA,NA,NA,1,RGS13,6003,GWAS,1,114,1
0.318850369287618,ENSG00000172197,MBOAT1,protein_coding,0.524484646180595,NA,NA,GCST90480318,0.862737417221069,NA,NA,NA,NA,NA,NA,NA,NA,NA,NA,NA,NA,NA,NA,NA,NA,NA,NA,NA,NA,NA,NA,NA,NA,NA,NA,NA,NA,NA,NA,NA,NA,0.8627374,NA,NA,NA,NA,NA,1,MBOAT1,154141,GWAS,1,95,1
0.318307414060553,ENSG00000153814,JAZF1,protein_coding,0.521919716366915,NA,NA,GCST005537,0.858518302440643,NA,NA,NA,NA,NA,0.8585183,NA,NA,NA,NA,NA,NA,NA,NA,NA,NA,NA,NA,NA,NA,NA,NA,NA,NA,NA,NA,NA,NA,NA,NA,NA,NA,NA,NA,NA,NA,NA,NA,1,JAZF1,221895,GWAS,1,115,1
0.318251848239721,ENSG00000115594,IL1R1,protein_coding,0.510647722205439,NA,NA,GCST000964,0.839976727962494,NA,NA,NA,NA,NA,NA,0.8399767,NA,NA,NA,NA,NA,NA,NA,NA,NA,NA,NA,NA,NA,NA,NA,NA,NA,NA,NA,NA,NA,NA,NA,NA,NA,NA,NA,NA,NA,NA,NA,1,IL1R1,3554,GWAS,1,267,28
0.318024301517184,ENSG00000111252,SH2B3,protein_coding,0.521454017730687,NA,NA,GCST005537,0.85775226354599,NA,NA,NA,NA,NA,0.8577523,NA,NA,NA,NA,NA,NA,NA,NA,NA,NA,NA,NA,NA,NA,NA,NA,NA,NA,NA,NA,NA,NA,NA,NA,NA,NA,NA,NA,NA,NA,NA,NA,1,SH2B3,10019,GWAS,1,100,12
0.317710032848151,ENSG00000100281,HMGXB4,protein_coding,0.522608879326954,NA,NA,GCST90446794,0.859651923179626,NA,0.8596519,NA,NA,NA,NA,NA,NA,NA,NA,NA,NA,NA,NA,NA,NA,NA,NA,NA,NA,NA,NA,NA,NA,NA,NA,NA,NA,NA,NA,NA,NA,NA,NA,NA,NA,NA,NA,1,HMGXB4,10042,GWAS,1,42,0
0.316472376361757,ENSG00000136546,SCN7A,protein_coding,0.516013547403846,NA,NA,GCST90479621,0.848803102970123,NA,NA,NA,NA,NA,NA,NA,NA,NA,NA,NA,NA,NA,NA,NA,NA,NA,NA,NA,NA,NA,NA,NA,NA,NA,NA,NA,NA,NA,NA,NA,NA,NA,0.8488031,NA,NA,NA,NA,1,SCN7A,6332,GWAS,1,60,1
0.316457854450968,ENSG00000056972,TRAF3IP2,protein_coding,0.517373293571689,NA,NA,GCST004133/GCST90446794,0.702311396598816/0.59491354227066,0.7023114,0.5949135,NA,NA,NA,NA,NA,NA,NA,NA,NA,NA,NA,NA,NA,NA,NA,NA,NA,NA,NA,NA,NA,NA,NA,NA,NA,NA,NA,NA,NA,NA,NA,NA,NA,NA,NA,NA,2,TRAF3IP2,10758,GWAS,1,50,6
0.315579132937032,ENSG00000125633,CCDC93,protein_coding,0.519103710779004,NA,NA,GCST90480319,0.853886187076569,NA,NA,NA,NA,NA,NA,NA,NA,NA,NA,NA,NA,NA,NA,NA,NA,NA,NA,NA,NA,NA,NA,0.8538862,NA,NA,NA,NA,NA,NA,NA,NA,NA,NA,NA,NA,NA,NA,NA,1,CCDC93,54520,GWAS,1,47,0
0.314967016773882,ENSG00000160013,PTGIR,protein_coding,0.512170664002982,NA,NA,GCST001728,0.842481851577759,NA,NA,NA,NA,NA,NA,NA,NA,NA,NA,NA,NA,NA,NA,NA,NA,NA,NA,NA,NA,NA,NA,NA,NA,NA,NA,NA,0.8424819,NA,NA,NA,NA,NA,NA,NA,NA,NA,NA,1,PTGIR,5739,GWAS,1,51,1
0.314721887012258,ENSG00000157570,TSPAN18,protein_coding,0.517693606326093,NA,NA,GCST90480319,0.851566672325134,NA,NA,NA,NA,NA,NA,NA,NA,NA,NA,NA,NA,NA,NA,NA,NA,NA,NA,NA,NA,NA,NA,0.8515667,NA,NA,NA,NA,NA,NA,NA,NA,NA,NA,NA,NA,NA,NA,NA,1,TSPAN18,90139,GWAS,1,10,0
0.314570946524617,ENSG00000091164,TXNL1,protein_coding,0.517445320685303,NA,NA,GCST90479621,0.851158261299133,NA,NA,NA,NA,NA,NA,NA,NA,NA,NA,NA,NA,NA,NA,NA,NA,NA,NA,NA,NA,NA,NA,NA,NA,NA,NA,NA,NA,NA,NA,NA,NA,NA,0.8511583,NA,NA,NA,NA,1,TXNL1,9352,GWAS,1,103,0
0.314570946524617,ENSG00000048540,LMO3,protein_coding,0.517445320685303,NA,NA,GCST90479621,0.851158261299133,NA,NA,NA,NA,NA,NA,NA,NA,NA,NA,NA,NA,NA,NA,NA,NA,NA,NA,NA,NA,NA,NA,NA,NA,NA,NA,NA,NA,NA,NA,NA,NA,NA,0.8511583,NA,NA,NA,NA,1,LMO3,55885,GWAS,1,31,0
0.314550853401644,ENSG00000177508,IRX3,protein_coding,0.516671584070038,NA,NA,GCST90479621,0.849885523319244,NA,NA,NA,NA,NA,NA,NA,NA,NA,NA,NA,NA,NA,NA,NA,NA,NA,NA,NA,NA,NA,NA,NA,NA,NA,NA,NA,NA,NA,NA,NA,NA,NA,0.8498855,NA,NA,NA,NA,1,IRX3,79191,GWAS,1,77,1
0.314528270960545,ENSG00000101076,HNF4A,protein_coding,0.503954848775099,NA,NA,GCST90479621,0.796649396419525,NA,NA,NA,NA,NA,NA,NA,NA,NA,NA,NA,NA,NA,NA,NA,NA,NA,NA,NA,NA,NA,NA,NA,NA,NA,NA,NA,NA,NA,NA,NA,NA,NA,0.7966494,NA,NA,NA,NA,1,HNF4A,3172,GWAS,1,428,7
0.314315251752488,ENSG00000149289,ZC3H12C,protein_coding,0.511705327721747,NA,NA,GCST005537,0.841716408729553,NA,NA,NA,NA,NA,0.8417164,NA,NA,NA,NA,NA,NA,NA,NA,NA,NA,NA,NA,NA,NA,NA,NA,NA,NA,NA,NA,NA,NA,NA,NA,NA,NA,NA,NA,NA,NA,NA,NA,1,ZC3H12C,85463,GWAS,1,20,0
0.314172459672083,ENSG00000145012,LPP,protein_coding,0.515270013077198,NA,NA,FINNGEN_R12_ULCEROTH/FINNGEN_R12_K11_UC_STRICT2,0.709475755691528/0.552417159080505,NA,NA,NA,0.5524172,NA,NA,NA,NA,NA,NA,NA,NA,NA,NA,NA,NA,NA,NA,NA,NA,NA,NA,NA,NA,NA,0.7094758,NA,NA,NA,NA,NA,NA,NA,NA,NA,NA,NA,NA,2,LPP,4026,GWAS,1,32,0
0.313829166812644,ENSG00000189067,LITAF,protein_coding,0.507410152819373,NA,NA,GCST90446794,0.834651172161102,NA,0.8346512,NA,NA,NA,NA,NA,NA,NA,NA,NA,NA,NA,NA,NA,NA,NA,NA,NA,NA,NA,NA,NA,NA,NA,NA,NA,NA,NA,NA,NA,NA,NA,NA,NA,NA,NA,NA,1,LITAF,9516,GWAS,1,58,3
0.31351654958939,ENSG00000196498,NCOR2,protein_coding,0.513583159998844,NA,NA,GCST90179177,0.844805300235748,NA,NA,NA,NA,NA,NA,NA,NA,NA,NA,NA,NA,NA,NA,NA,NA,NA,NA,NA,NA,NA,NA,NA,NA,NA,NA,NA,NA,NA,NA,NA,NA,NA,NA,NA,NA,NA,0.8448053,1,NCOR2,9612,GWAS,1,362,7
0.313489912161967,ENSG00000075426,FOSL2,protein_coding,0.514147274251006,NA,NA,GCST005537,0.845733225345612,NA,NA,NA,NA,NA,0.8457332,NA,NA,NA,NA,NA,NA,NA,NA,NA,NA,NA,NA,NA,NA,NA,NA,NA,NA,NA,NA,NA,NA,NA,NA,NA,NA,NA,NA,NA,NA,NA,NA,1,FOSL2,2355,GWAS,1,127,8
0.31267544504475,ENSG00000101745,ANKRD12,protein_coding,0.514327364682228,NA,NA,GCST90480318,0.846029460430145,NA,NA,NA,NA,NA,NA,NA,NA,NA,NA,NA,NA,NA,NA,NA,NA,NA,NA,NA,NA,NA,NA,NA,NA,NA,NA,NA,NA,NA,NA,NA,NA,0.8460295,NA,NA,NA,NA,NA,1,ANKRD12,23253,GWAS,1,19,0
0.312670340358028,ENSG00000157343,ARMC12,protein_coding,0.514318967860185,NA,NA,GCST90446795,0.783601403236389,NA,NA,0.7836014,NA,NA,NA,NA,NA,NA,NA,NA,NA,NA,NA,NA,NA,NA,NA,NA,NA,NA,NA,NA,NA,NA,NA,NA,NA,NA,NA,NA,NA,NA,NA,NA,NA,NA,NA,1,ARMC12,221481,GWAS,1,15,0
0.312308463824853,ENSG00000112078,KCTD20,protein_coding,0.513723708441519,NA,NA,GCST90446795,0.783965349197388,NA,NA,0.7839653,NA,NA,NA,NA,NA,NA,NA,NA,NA,NA,NA,NA,NA,NA,NA,NA,NA,NA,NA,NA,NA,NA,NA,NA,NA,NA,NA,NA,NA,NA,NA,NA,NA,NA,NA,1,KCTD20,222658,GWAS,1,40,1
0.312098188873689,ENSG00000079263,SP140,protein_coding,0.503219227448313,NA,NA,GCST005537,0.82775741815567,NA,NA,NA,NA,NA,0.8277574,NA,NA,NA,NA,NA,NA,NA,NA,NA,NA,NA,NA,NA,NA,NA,NA,NA,NA,NA,NA,NA,NA,NA,NA,NA,NA,NA,NA,NA,NA,NA,NA,1,SP140,11262,GWAS,1,32,0
0.312074416343457,ENSG00000162924,REL,protein_coding,0.509530343968416,NA,NA,GCST90446794,0.796131789684296,NA,0.7961318,NA,NA,NA,NA,NA,NA,NA,NA,NA,NA,NA,NA,NA,NA,NA,NA,NA,NA,NA,NA,NA,NA,NA,NA,NA,NA,NA,NA,NA,NA,NA,NA,NA,NA,NA,NA,1,REL,5966,GWAS,1,328,22
0.311198620580076,ENSG00000143499,SMYD2,protein_coding,0.511898100577702,NA,NA,GCST90479621,0.842033505439758,NA,NA,NA,NA,NA,NA,NA,NA,NA,NA,NA,NA,NA,NA,NA,NA,NA,NA,NA,NA,NA,NA,NA,NA,NA,NA,NA,NA,NA,NA,NA,NA,NA,0.8420335,NA,NA,NA,NA,1,SMYD2,56950,GWAS,1,103,0
0.309994489976191,ENSG00000113719,ERGIC1,protein_coding,0.508397570173654,NA,NA,GCST90446794,0.836275398731232,NA,0.8362754,NA,NA,NA,NA,NA,NA,NA,NA,NA,NA,NA,NA,NA,NA,NA,NA,NA,NA,NA,NA,NA,NA,NA,NA,NA,NA,NA,NA,NA,NA,NA,NA,NA,NA,NA,NA,1,ERGIC1,57222,GWAS,1,24,0
0.309166343064434,ENSG00000237693,IRGM,protein_coding,0.503806014931766,NA,NA,GCST005537,0.791418373584747,NA,NA,NA,NA,NA,0.7914184,NA,NA,NA,NA,NA,NA,NA,NA,NA,NA,NA,NA,NA,NA,NA,NA,NA,NA,NA,NA,NA,NA,NA,NA,NA,NA,NA,NA,NA,NA,NA,NA,1,IRGM,345611,GWAS,1,85,13
0.308721958571174,ENSG00000100376,FAM118A,protein_coding,0.507824179633686,NA,NA,GCST005537,0.835332214832306,NA,NA,NA,NA,NA,0.8353322,NA,NA,NA,NA,NA,NA,NA,NA,NA,NA,NA,NA,NA,NA,NA,NA,NA,NA,NA,NA,NA,NA,NA,NA,NA,NA,NA,NA,NA,NA,NA,NA,1,FAM118A,55007,GWAS,1,27,0
0.308044681014402,ENSG00000116852,KIF21B,protein_coding,0.504780773546496,NA,NA,FINNGEN_R12_K11_UC_STRICT2,0.740508139133453,NA,NA,NA,0.7405081,NA,NA,NA,NA,NA,NA,NA,NA,NA,NA,NA,NA,NA,NA,NA,NA,NA,NA,NA,NA,NA,NA,NA,NA,NA,NA,NA,NA,NA,NA,NA,NA,NA,NA,1,KIF21B,23046,GWAS,1,79,2
0.307732173109648,ENSG00000181915,ADO,protein_coding,0.506196057706957,NA,NA,GCST004133/FINNGEN_R12_K11_UC_STRICT2/GCST005537/FINNGEN_R12_ULCERNAS,0.555253088474274/0.555253088474274/0.552432298660278/0.552432298660278,0.5552531,NA,NA,0.5552531,NA,0.5524323,NA,NA,NA,NA,NA,NA,NA,NA,NA,NA,NA,NA,0.5524323,NA,NA,NA,NA,NA,NA,NA,NA,NA,NA,NA,NA,NA,NA,NA,NA,NA,NA,NA,2,ADO,84890,GWAS,1,10,0
0.307024120400647,ENSG00000175309,PHYKPL,protein_coding,0.505031364765288,NA,NA,GCST90446794,0.830738246440887,NA,0.8307382,NA,NA,NA,NA,NA,NA,NA,NA,NA,NA,NA,NA,NA,NA,NA,NA,NA,NA,NA,NA,NA,NA,NA,NA,NA,NA,NA,NA,NA,NA,NA,NA,NA,NA,NA,NA,1,PHYKPL,85007,GWAS,1,69,0
0.306486312305891,ENSG00000230989,HSBP1,protein_coding,0.504146711286851,NA,NA,GCST90480318,0.829283058643341,NA,NA,NA,NA,NA,NA,NA,NA,NA,NA,NA,NA,NA,NA,NA,NA,NA,NA,NA,NA,NA,NA,NA,NA,NA,NA,NA,NA,NA,NA,NA,NA,0.8292831,NA,NA,NA,NA,NA,1,HSBP1,3281,GWAS,1,31,0
0.305007571346409,ENSG00000186766,FOXI2,protein_coding,0.501714294693891,NA,NA,GCST90479622,0.825281918048859,NA,NA,NA,NA,NA,NA,NA,NA,NA,NA,NA,NA,NA,NA,0.8252819,NA,NA,NA,NA,NA,NA,NA,NA,NA,NA,NA,NA,NA,NA,NA,NA,NA,NA,NA,NA,NA,NA,NA,1,FOXI2,399823,GWAS,1,10,0
0.304723819971438,ENSG00000131507,NDFIP1,protein_coding,0.501247545228185,NA,NA,GCST005537,0.824514150619507,NA,NA,NA,NA,NA,0.8245142,NA,NA,NA,NA,NA,NA,NA,NA,NA,NA,NA,NA,NA,NA,NA,NA,NA,NA,NA,NA,NA,NA,NA,NA,NA,NA,NA,NA,NA,NA,NA,NA,1,NDFIP1,80762,GWAS,1,30,0
0.304012183594724,ENSG00000169758,TMEM266,protein_coding,0.500076957425248,NA,NA,GCST90480318,0.822588622570038,NA,NA,NA,NA,NA,NA,NA,NA,NA,NA,NA,NA,NA,NA,NA,NA,NA,NA,NA,NA,NA,NA,NA,NA,NA,NA,NA,NA,NA,NA,NA,NA,0.8225886,NA,NA,NA,NA,NA,1,TMEM266,123591,GWAS,1,15,0
