score,target.id,target.approvedSymbol,target.biotype,gwas_credible_sets,clingen,geneburden,GWAS.id,L2G,GCST90239776,GCST004045,GCST90455657,GCST90475983,GCST90274223,GCST90162626,GCST90399714,GCST90480182,GCST009541,GCST90475981,GCST90473575,GCST90085925,GCST90475200,GCST90479544,GCST90399713,GCST90479545,GCST90475201,GCST90475982,GCST90480181,GCST90480184,GCST90668077,FINNGEN_R12_I9_HEARTFAIL_AND_OVERWEIGHT,FINNGEN_R12_I9_HEARTFAIL,GCST90399716,GCST90018806,GCST90668076,GCST004044,GCST90473547,GCST90043962,GCST90480183,GCST90477878,GCST90475984,GCST90480140,GCST90477961,GCST90477955,GCST90018586,GCST90436127,GCST90399715,GCST90399712,GCST90480139,GCST90477957,GWAS.count,name,NCBI.id,list.name,list.count,N.PPI,degree
0.692818032399503,ENSG00000155657,TTN,protein_coding,0.543016884617353,NA,NA,GCST90239776,0.735225975513458,0.735226,NA,NA,NA,NA,NA,NA,NA,NA,NA,NA,NA,NA,NA,NA,NA,NA,NA,NA,NA,NA,NA,NA,NA,NA,NA,NA,NA,NA,NA,NA,NA,NA,NA,NA,NA,NA,NA,NA,NA,NA,1,TTN,7273,GWAS,1,310,7
0.683103344809002,ENSG00000113161,HMGCR,protein_coding,0.515675905021931,NA,NA,GCST004045,0.848247706890106,NA,0.8482477,NA,NA,NA,NA,NA,NA,NA,NA,NA,NA,NA,NA,NA,NA,NA,NA,NA,NA,NA,NA,NA,NA,NA,NA,NA,NA,NA,NA,NA,NA,NA,NA,NA,NA,NA,NA,NA,NA,NA,1,HMGCR,3156,GWAS,1,349,14
0.653805761542322,ENSG00000157388,CACNA1D,protein_coding,0.522484881448556,NA,NA,GCST90455657,0.859447956085205,NA,NA,0.859448,NA,NA,NA,NA,NA,NA,NA,NA,NA,NA,NA,NA,NA,NA,NA,NA,NA,NA,NA,NA,NA,NA,NA,NA,NA,NA,NA,NA,NA,NA,NA,NA,NA,NA,NA,NA,NA,NA,1,CACNA1D,776,GWAS,1,225,5
0.570620523883371,ENSG00000151929,BAG3,protein_coding,0.913261684433098,NA,NA,GCST90475983/GCST90274223/GCST90162626/GCST90399714/GCST90455657/GCST90480182/GCST009541/GCST90239776/GCST90475981,0.976075530052185/0.975305438041687/0.974678456783295/0.974354863166809/0.974327266216278/0.974327266216278/0.974327266216278/0.974007248878479/0.972698152065277,0.9740072,NA,0.9743273,0.9760755,0.9753054,0.9746785,0.9743549,0.9743273,0.9743273,0.9726982,NA,NA,NA,NA,NA,NA,NA,NA,NA,NA,NA,NA,NA,NA,NA,NA,NA,NA,NA,NA,NA,NA,NA,NA,NA,NA,NA,NA,NA,NA,NA,7,BAG3,9531,GWAS,1,234,7
0.553771742585108,ENSG00000198670,LPA,protein_coding,0.904796393833571,NA,NA,GCST90475981/GCST009541/GCST90473575/GCST90085925/GCST90475983/GCST90475200/GCST90479544/GCST90399713/GCST90274223/GCST90479545/GCST90475201/GCST90399714/GCST90475982/GCST90475981/GCST90480181/GCST90480184/GCST009541/GCST90455657/GCST90162626/GCST90480182,0.922101974487305/0.915347099304199/0.757955193519592/0.715901672840118/0.690698146820068/0.690698146820068/0.690698146820068/0.690698146820068/0.690698146820068/0.690698146820068/0.690698146820068/0.690698146820068/0.690698146820068/0.690698146820068/0.690698146820068/0.690698146820068/0.690698146820068/0.690698146820068/0.690698146820068/0.690698146820068,NA,NA,0.6906981,0.6906981,0.6906981,0.6906981,0.6906981,0.6906981,0.6906981,0.6906981,0.7579552,0.7159017,0.6906981,0.6906981,0.6906981,0.6906981,0.6906981,0.6906981,0.6906981,0.6906981,NA,NA,NA,NA,NA,NA,NA,NA,NA,NA,NA,NA,NA,NA,NA,NA,NA,NA,NA,NA,NA,5,LPA,4018,GWAS,1,110,10
0.549828138119337,ENSG00000134243,SORT1,protein_coding,0.903817606252737,NA,NA,GCST90668077/GCST009541/GCST004045/GCST90475982/GCST90475981/GCST90274223/GCST90455657,0.984177350997925/0.984118223190308/0.982864499092102/0.978034734725952/0.977721035480499/0.977139890193939/0.976005136966705,NA,0.9828645,0.9760051,NA,0.9771399,NA,NA,NA,0.9841182,0.977721,NA,NA,NA,NA,NA,NA,NA,0.9780347,NA,NA,0.9841774,NA,NA,NA,NA,NA,NA,NA,NA,NA,NA,NA,NA,NA,NA,NA,NA,NA,NA,NA,NA,7,SORT1,6272,GWAS,1,191,12
0.543478799702519,ENSG00000124762,CDKN1A,protein_coding,0.887770048855319,NA,NA,GCST90475982/GCST90475983/FINNGEN_R12_I9_HEARTFAIL_AND_OVERWEIGHT/GCST90475981/GCST90480181/GCST90480184/GCST90480182/GCST90274223/FINNGEN_R12_I9_HEARTFAIL/GCST90399713/GCST90399716/GCST90473575/GCST90479544/GCST90479545/GCST90455657/GCST009541/GCST90162626/GCST90018806/GCST90399714/GCST90239776,0.918271064758301/0.916019916534424/0.913878202438354/0.91141539812088/0.90297520160675/0.90297520160675/0.90297520160675/0.901525497436523/0.893852174282074/0.884800910949707/0.883720755577087/0.868877828121185/0.868877828121185/0.865184843540192/0.829103827476501/0.82775890827179/0.772398948669434/0.753468751907349/0.753468751907349/0.753468751907349,0.7534688,NA,0.8291038,0.9160199,0.9015255,0.7723989,0.7534688,0.9029752,0.8277589,0.9114154,0.8688778,NA,NA,0.8688778,0.8848009,0.8651848,NA,0.9182711,0.9029752,0.9029752,NA,0.9138782,0.8938522,0.8837208,0.7534688,NA,NA,NA,NA,NA,NA,NA,NA,NA,NA,NA,NA,NA,NA,NA,NA,15,CDKN1A,1026,GWAS,1,500,9
0.518886656191239,ENSG00000143126,CELSR2,protein_coding,0.853529148761324,NA,NA,GCST90668077/GCST009541/GCST90475982/GCST004045/GCST90475981/GCST90274223/GCST90455657,0.955043435096741/0.906506478786469/0.878411293029785/0.865394115447998/0.848711907863617/0.765175044536591/0.756014049053192,NA,0.8653941,0.756014,NA,0.765175,NA,NA,NA,0.9065065,0.8487119,NA,NA,NA,NA,NA,NA,NA,0.8784113,NA,NA,0.9550434,NA,NA,NA,NA,NA,NA,NA,NA,NA,NA,NA,NA,NA,NA,NA,NA,NA,NA,NA,NA,7,CELSR2,1952,GWAS,1,63,11
0.50389847825604,ENSG00000144712,CAND2,protein_coding,0.828874734156761,NA,NA,GCST90475981/GCST90480184/FINNGEN_R12_I9_HEARTFAIL/GCST90455657/GCST90480182,0.951982200145721/0.864631950855255/0.814216017723083/0.805129051208496/0.775150060653687,NA,NA,0.8051291,NA,NA,NA,NA,0.7751501,NA,0.9519822,NA,NA,NA,NA,NA,NA,NA,NA,NA,0.864632,NA,NA,0.814216,NA,NA,NA,NA,NA,NA,NA,NA,NA,NA,NA,NA,NA,NA,NA,NA,NA,NA,5,CAND2,23066,GWAS,1,19,2
0.487757269077023,ENSG00000140836,ZFHX3,protein_coding,0.801107809114133,NA,NA,GCST90668076/GCST90018806/GCST90455657/GCST90399714/GCST004044/GCST004045/GCST90162626,0.86572253704071/0.864021182060242/0.864021182060242/0.819463908672333/0.773703873157501/0.773703873157501/0.73951256275177,NA,0.7737039,0.8640212,NA,NA,0.7395126,0.8194639,NA,NA,NA,NA,NA,NA,NA,NA,NA,NA,NA,NA,NA,NA,NA,NA,NA,0.8640212,0.8657225,0.7737039,NA,NA,NA,NA,NA,NA,NA,NA,NA,NA,NA,NA,NA,NA,5,ZFHX3,463,GWAS,1,67,6
0.487687110964689,ENSG00000138675,FGF5,protein_coding,0.789928232699802,NA,NA,GCST90668077/GCST90668076/GCST90455657,0.955289781093597/0.953396201133728/0.951598167419434,NA,NA,0.9515982,NA,NA,NA,NA,NA,NA,NA,NA,NA,NA,NA,NA,NA,NA,NA,NA,NA,0.9552898,NA,NA,NA,NA,0.9533962,NA,NA,NA,NA,NA,NA,NA,NA,NA,NA,NA,NA,NA,NA,NA,3,FGF5,2250,GWAS,1,354,5
0.479525305169611,ENSG00000088926,F11,protein_coding,0.780687192976334,NA,NA,GCST90473547/GCST90043962/GCST90043962,0.953829288482666/0.95152074098587/0.832155108451843,NA,NA,NA,NA,NA,NA,NA,NA,NA,NA,NA,NA,NA,NA,NA,NA,NA,NA,NA,NA,NA,NA,NA,NA,NA,NA,NA,0.9538293,0.8321551,NA,NA,NA,NA,NA,NA,NA,NA,NA,NA,NA,NA,3,F11,2160,GWAS,1,83,3
0.477965975304572,ENSG00000112273,HDGFL1,protein_coding,0.786217735936981,NA,NA,GCST90480184/GCST90162626/GCST90668076/GCST90455657/GCST90274223/GCST90475981,0.872259914875031/0.859852492809296/0.85640823841095/0.85245943069458/0.849987328052521/0.849987328052521,NA,NA,0.8524594,NA,0.8499873,0.8598525,NA,NA,NA,0.8499873,NA,NA,NA,NA,NA,NA,NA,NA,NA,0.8722599,NA,NA,NA,NA,NA,0.8564082,NA,NA,NA,NA,NA,NA,NA,NA,NA,NA,NA,NA,NA,NA,NA,5,HDGFL1,154150,GWAS,1,15,0
0.47742734621942,ENSG00000169554,ZEB2,protein_coding,0.782672034752132,NA,NA,GCST90274223/GCST90455657/GCST90475982,0.866838812828064/0.856555640697479/0.769110858440399,NA,NA,0.8565556,NA,0.8668388,NA,NA,NA,NA,NA,NA,NA,NA,NA,NA,NA,NA,0.7691109,NA,NA,NA,NA,NA,NA,NA,NA,NA,NA,NA,NA,NA,NA,NA,NA,NA,NA,NA,NA,NA,NA,NA,3,ZEB2,9839,GWAS,1,142,4
0.477108247153756,ENSG00000180210,F2,protein_coding,0.778739442290371,NA,NA,GCST90473547/GCST90043962,0.949504792690277/0.847452521324158,NA,NA,NA,NA,NA,NA,NA,NA,NA,NA,NA,NA,NA,NA,NA,NA,NA,NA,NA,NA,NA,NA,NA,NA,NA,NA,NA,0.9495048,0.8474525,NA,NA,NA,NA,NA,NA,NA,NA,NA,NA,NA,NA,2,F2,2147,GWAS,1,284,10
0.474983650138869,ENSG00000077522,ACTN2,protein_coding,0.774207156372557,NA,NA,GCST90475983/GCST90239776/GCST90455657,0.936357855796814/0.933657586574554/0.933657586574554,0.9336576,NA,0.9336576,0.9363579,NA,NA,NA,NA,NA,NA,NA,NA,NA,NA,NA,NA,NA,NA,NA,NA,NA,NA,NA,NA,NA,NA,NA,NA,NA,NA,NA,NA,NA,NA,NA,NA,NA,NA,NA,NA,NA,2,ACTN2,88,GWAS,1,256,7
0.473274029374356,ENSG00000140718,FTO,protein_coding,0.771670367993033,NA,NA,GCST90479545/GCST90399713/GCST90480181/GCST90480182/GCST90475200/GCST90239776/GCST90399714/GCST90475981/GCST90475982/GCST90085925/GCST90475983/GCST90480184/GCST90274223/GCST90480183/GCST90477878/GCST90455657/GCST90399716/GCST90162626/GCST90475984/GCST90480140/GCST004045,0.795696556568146/0.794315040111542/0.788705885410309/0.788705885410309/0.785724759101868/0.785724759101868/0.785434365272522/0.784429550170898/0.784429550170898/0.783457517623901/0.780972540378571/0.778487801551819/0.778487801551819/0.775103271007538/0.774044036865234/0.772818863391876/0.767989158630371/0.766795575618744/0.736466884613037/0.734919250011444/0.727872252464294,0.7857248,0.7278723,0.7728189,0.7809725,0.7784878,0.7667956,0.7854344,0.7887059,NA,0.7844296,NA,0.7834575,0.7857248,NA,0.794315,0.7956966,NA,0.7844296,0.7887059,0.7784878,NA,NA,NA,0.7679892,NA,NA,NA,NA,NA,0.7751033,0.774044,0.7364669,0.7349193,NA,NA,NA,NA,NA,NA,NA,NA,17,FTO,79068,GWAS,1,177,6
0.469946558532807,ENSG00000091732,ZC3HC1,protein_coding,0.772418473489006,NA,NA,GCST90668076/GCST90455657/GCST90668077,0.933780610561371/0.932646811008453/0.932646811008453,NA,NA,0.9326468,NA,NA,NA,NA,NA,NA,NA,NA,NA,NA,NA,NA,NA,NA,NA,NA,NA,0.9326468,NA,NA,NA,NA,0.9337806,NA,NA,NA,NA,NA,NA,NA,NA,NA,NA,NA,NA,NA,NA,NA,2,ZC3HC1,51530,GWAS,1,37,7
0.468951769975793,ENSG00000162613,FUBP1,protein_coding,0.771390052647711,NA,NA,GCST90455657/GCST90480184/GCST90475981,0.932488441467285/0.932488441467285/0.929407596588135,NA,NA,0.9324884,NA,NA,NA,NA,NA,NA,0.9294076,NA,NA,NA,NA,NA,NA,NA,NA,NA,0.9324884,NA,NA,NA,NA,NA,NA,NA,NA,NA,NA,NA,NA,NA,NA,NA,NA,NA,NA,NA,NA,NA,2,FUBP1,8880,GWAS,1,151,0
0.468699444801725,ENSG00000196141,SPATS2L,protein_coding,0.770974996896201,NA,NA,GCST90239776/GCST90274223/GCST90455657/GCST90399713/GCST90668077/GCST90668076,0.85682201385498/0.855490505695343/0.851822793483734/0.851822793483734/0.73230117559433/0.731618583202362,0.856822,NA,0.8518228,NA,0.8554905,NA,NA,NA,NA,NA,NA,NA,NA,NA,0.8518228,NA,NA,NA,NA,NA,0.7323012,NA,NA,NA,NA,0.7316186,NA,NA,NA,NA,NA,NA,NA,NA,NA,NA,NA,NA,NA,NA,NA,5,SPATS2L,26010,GWAS,1,42,0
0.46497162595581,ENSG00000151617,EDNRA,protein_coding,0.619042179935801,NA,NA,GCST90668077,0.863732159137726,NA,NA,NA,NA,NA,NA,NA,NA,NA,NA,NA,NA,NA,NA,NA,NA,NA,NA,NA,NA,0.8637322,NA,NA,NA,NA,NA,NA,NA,NA,NA,NA,NA,NA,NA,NA,NA,NA,NA,NA,NA,NA,1,EDNRA,1909,GWAS,1,127,5
0.464470714115758,ENSG00000138829,FBN2,protein_coding,0.762499229024394,NA,NA,GCST90668077/GCST90668076/GCST90475983,0.942061901092529/0.937361657619476/0.700659155845642,NA,NA,NA,0.7006592,NA,NA,NA,NA,NA,NA,NA,NA,NA,NA,NA,NA,NA,NA,NA,NA,0.9420619,NA,NA,NA,NA,0.9373617,NA,NA,NA,NA,NA,NA,NA,NA,NA,NA,NA,NA,NA,NA,NA,3,FBN2,2201,GWAS,1,98,1
0.459302482374722,ENSG00000186510,CLCNKA,protein_coding,0.750267132323559,NA,NA,GCST90475983/GCST90162626/GCST90239776/GCST90480182/GCST90480181/GCST90455657/GCST90480184/GCST90477961,0.860927820205688/0.735746622085571/0.666377663612366/0.666377663612366/0.666377663612366/0.657016813755035/0.64099246263504/0.631736814975739,0.6663777,NA,0.6570168,0.8609278,NA,0.7357466,NA,0.6663777,NA,NA,NA,NA,NA,NA,NA,NA,NA,NA,0.6663777,0.6409925,NA,NA,NA,NA,NA,NA,NA,NA,NA,NA,NA,NA,NA,0.6317368,NA,NA,NA,NA,NA,NA,NA,6,CLCNKA,1187,GWAS,1,27,1
0.454868183922226,ENSG00000105974,CAV1,protein_coding,0.730325594372919,NA,NA,GCST90455657/GCST90668076/GCST90668077,0.882609903812408/0.882609903812408/0.882609903812408,NA,NA,0.8826099,NA,NA,NA,NA,NA,NA,NA,NA,NA,NA,NA,NA,NA,NA,NA,NA,NA,0.8826099,NA,NA,NA,NA,0.8826099,NA,NA,NA,NA,NA,NA,NA,NA,NA,NA,NA,NA,NA,NA,NA,1,CAV1,857,GWAS,1,500,17
0.453080450217154,ENSG00000154229,PRKCA,protein_coding,0.723046705926737,NA,NA,GCST90455657/GCST90239776/FINNGEN_R12_I9_HEARTFAIL_AND_OVERWEIGHT,0.893690288066864/0.893359363079071/0.65094119310379,0.8933594,NA,0.8936903,NA,NA,NA,NA,NA,NA,NA,NA,NA,NA,NA,NA,NA,NA,NA,NA,NA,NA,0.6509412,NA,NA,NA,NA,NA,NA,NA,NA,NA,NA,NA,NA,NA,NA,NA,NA,NA,NA,NA,3,PRKCA,5578,GWAS,1,458,6
0.448581421696123,ENSG00000130203,APOE,protein_coding,0.716781657559574,NA,NA,GCST90668077/GCST004045,0.957775831222534/0.885102272033691,NA,0.8851023,NA,NA,NA,NA,NA,NA,NA,NA,NA,NA,NA,NA,NA,NA,NA,NA,NA,NA,0.9577758,NA,NA,NA,NA,NA,NA,NA,NA,NA,NA,NA,NA,NA,NA,NA,NA,NA,NA,NA,NA,2,APOE,348,GWAS,1,500,24
0.440143098109138,ENSG00000111252,SH2B3,protein_coding,0.723090078762458,NA,NA,GCST90239776/GCST90399713/GCST90162626/GCST90399714,0.847999513149261/0.821443915367126/0.703169882297516/0.645399272441864,0.8479995,NA,NA,NA,NA,0.7031699,0.6453993,NA,NA,NA,NA,NA,NA,NA,0.8214439,NA,NA,NA,NA,NA,NA,NA,NA,NA,NA,NA,NA,NA,NA,NA,NA,NA,NA,NA,NA,NA,NA,NA,NA,NA,NA,4,SH2B3,10019,GWAS,1,100,3
0.438361292823816,ENSG00000115808,STRN,protein_coding,0.706585653917265,NA,NA,GCST90162626/GCST90239776/FINNGEN_R12_I9_HEARTFAIL,0.813567698001862/0.801615476608276/0.754938304424286,0.8016155,NA,NA,NA,NA,0.8135677,NA,NA,NA,NA,NA,NA,NA,NA,NA,NA,NA,NA,NA,NA,NA,NA,0.7549383,NA,NA,NA,NA,NA,NA,NA,NA,NA,NA,NA,NA,NA,NA,NA,NA,NA,NA,3,STRN,6801,GWAS,1,174,1
0.438136712775669,ENSG00000130164,LDLR,protein_coding,0.676298703556955,NA,NA,GCST90455657/GCST90668076/GCST90668077,0.820005536079407/0.809873938560486/0.809873938560486,NA,NA,0.8200055,NA,NA,NA,NA,NA,NA,NA,NA,NA,NA,NA,NA,NA,NA,NA,NA,NA,0.8098739,NA,NA,NA,NA,0.8098739,NA,NA,NA,NA,NA,NA,NA,NA,NA,NA,NA,NA,NA,NA,NA,2,LDLR,3949,GWAS,1,147,6
0.437523927930938,ENSG00000198734,F5,protein_coding,0.715130949391711,NA,NA,GCST90043962/GCST90473547,0.941068887710571/0.941068887710571,NA,NA,NA,NA,NA,NA,NA,NA,NA,NA,NA,NA,NA,NA,NA,NA,NA,NA,NA,NA,NA,NA,NA,NA,NA,NA,NA,0.9410689,0.9410689,NA,NA,NA,NA,NA,NA,NA,NA,NA,NA,NA,NA,1,F5,2153,GWAS,1,130,4
0.437469327015948,ENSG00000196275,GTF2IRD2,protein_coding,0.719603824538311,NA,NA,GCST90480181/GCST90480184/GCST90475982/GCST90455657/GCST90475981,0.808041870594025/0.808041870594025/0.789515614509583/0.77955174446106/0.774031639099121,NA,NA,0.7795517,NA,NA,NA,NA,NA,NA,0.7740316,NA,NA,NA,NA,NA,NA,NA,0.7895156,0.8080419,0.8080419,NA,NA,NA,NA,NA,NA,NA,NA,NA,NA,NA,NA,NA,NA,NA,NA,NA,NA,NA,NA,NA,4,GTF2IRD2,84163,GWAS,1,23,1
0.435696235705229,ENSG00000130940,CASZ1,protein_coding,0.713311102340411,NA,NA,GCST90455657/GCST90480184/GCST90399716/GCST90668077/GCST90475982/GCST90475981/GCST90480181,0.782456040382385/0.764830112457275/0.764830112457275/0.764830112457275/0.761154532432556/0.761154532432556/0.75002646446228,NA,NA,0.782456,NA,NA,NA,NA,NA,NA,0.7611545,NA,NA,NA,NA,NA,NA,NA,0.7611545,0.7500265,0.7648301,0.7648301,NA,NA,0.7648301,NA,NA,NA,NA,NA,NA,NA,NA,NA,NA,NA,NA,NA,NA,NA,NA,NA,4,CASZ1,54897,GWAS,1,19,1
0.433433392468408,ENSG00000175164,ABO,protein_coding,0.709130289245098,NA,NA,GCST90239776/GCST90274223/GCST90455657/GCST90162626/GCST90399714,0.766976773738861/0.766976773738861/0.766976773738861/0.766976773738861/0.766976773738861,0.7669768,NA,0.7669768,NA,0.7669768,0.7669768,0.7669768,NA,NA,NA,NA,NA,NA,NA,NA,NA,NA,NA,NA,NA,NA,NA,NA,NA,NA,NA,NA,NA,NA,NA,NA,NA,NA,NA,NA,NA,NA,NA,NA,NA,NA,1,ABO,28,GWAS,1,9,0
0.431895764437482,ENSG00000176697,BDNF,protein_coding,0.690116214363394,NA,NA,GCST90480184/GCST90455657/GCST90475981,0.846687912940979/0.827402055263519/0.734853088855743,NA,NA,0.8274021,NA,NA,NA,NA,NA,NA,0.7348531,NA,NA,NA,NA,NA,NA,NA,NA,NA,0.8466879,NA,NA,NA,NA,NA,NA,NA,NA,NA,NA,NA,NA,NA,NA,NA,NA,NA,NA,NA,NA,NA,3,BDNF,627,GWAS,1,500,7
0.430266835808667,ENSG00000107798,LIPA,protein_coding,0.707756273409831,NA,NA,GCST90668076/GCST90668077,0.932422578334808/0.927130997180939,NA,NA,NA,NA,NA,NA,NA,NA,NA,NA,NA,NA,NA,NA,NA,NA,NA,NA,NA,NA,0.927131,NA,NA,NA,NA,0.9324226,NA,NA,NA,NA,NA,NA,NA,NA,NA,NA,NA,NA,NA,NA,NA,2,LIPA,3988,GWAS,1,61,8
0.429799975868358,ENSG00000147883,CDKN2B,protein_coding,0.703615152679731,NA,NA,GCST90480184/GCST90480181/GCST90480182/GCST90475982/GCST90162626/GCST90479545/GCST90399714/GCST90479544/GCST90473575/GCST90455657/GCST90274223/GCST90475981/GCST90475983/GCST90399713/GCST90475200/GCST90475201/GCST009541,0.730977535247803/0.730977535247803/0.730977535247803/0.730977535247803/0.722626566886902/0.715283274650574/0.714345276355743/0.714345276355743/0.714345276355743/0.712858021259308/0.712858021259308/0.701603949069977/0.701603949069977/0.67677766084671/0.67677766084671/0.67677766084671/0.660158514976501,NA,NA,0.712858,0.7016039,0.712858,0.7226266,0.7143453,0.7309775,0.6601585,0.7016039,0.7143453,NA,0.6767777,0.7143453,0.6767777,0.7152833,0.6767777,0.7309775,0.7309775,0.7309775,NA,NA,NA,NA,NA,NA,NA,NA,NA,NA,NA,NA,NA,NA,NA,NA,NA,NA,NA,NA,NA,8,CDKN2B,1030,GWAS,1,169,7
0.428366554375357,ENSG00000112137,PHACTR1,protein_coding,0.70311062775227,NA,NA,GCST90668076/GCST90668077/GCST90475981/GCST90455657,0.816132783889771/0.816132783889771/0.785650253295898/0.785650253295898,NA,NA,0.7856503,NA,NA,NA,NA,NA,NA,0.7856503,NA,NA,NA,NA,NA,NA,NA,NA,NA,NA,0.8161328,NA,NA,NA,NA,0.8161328,NA,NA,NA,NA,NA,NA,NA,NA,NA,NA,NA,NA,NA,NA,NA,2,PHACTR1,221692,GWAS,1,41,6
0.425717605189659,ENSG00000198873,GRK5,protein_coding,0.689334897482996,NA,NA,GCST90473547/GCST90043962,0.910315573215485/0.894351959228516,NA,NA,NA,NA,NA,NA,NA,NA,NA,NA,NA,NA,NA,NA,NA,NA,NA,NA,NA,NA,NA,NA,NA,NA,NA,NA,NA,0.9103156,0.894352,NA,NA,NA,NA,NA,NA,NA,NA,NA,NA,NA,NA,2,GRK5,2869,GWAS,1,217,3
0.423952951551029,ENSG00000137221,TJAP1,protein_coding,0.697370413238832,NA,NA,GCST90475981/GCST90475982/GCST90480184/GCST90480181/GCST90455657,0.795528650283813/0.795528650283813/0.747825920581818/0.747825920581818/0.571991860866547,NA,NA,0.5719919,NA,NA,NA,NA,NA,NA,0.7955287,NA,NA,NA,NA,NA,NA,NA,0.7955287,0.7478259,0.7478259,NA,NA,NA,NA,NA,NA,NA,NA,NA,NA,NA,NA,NA,NA,NA,NA,NA,NA,NA,NA,NA,3,TJAP1,93643,GWAS,1,42,0
0.421808353077279,ENSG00000133812,SBF2,protein_coding,0.693842711595527,NA,NA,GCST90475982/GCST90479545/GCST90480184/GCST90475200/GCST90455657/GCST90475981/GCST90479544,0.749109029769897/0.74356210231781/0.743258059024811/0.710376143455505/0.703330814838409/0.693609952926636/0.683209002017975,NA,NA,0.7033308,NA,NA,NA,NA,NA,NA,0.69361,NA,NA,0.7103761,0.683209,NA,0.7435621,NA,0.749109,NA,0.7432581,NA,NA,NA,NA,NA,NA,NA,NA,NA,NA,NA,NA,NA,NA,NA,NA,NA,NA,NA,NA,NA,7,SBF2,81846,GWAS,1,52,0
0.419045734872999,ENSG00000087237,CETP,protein_coding,0.681918840560985,NA,NA,GCST004045,0.910185575485229,NA,0.9101856,NA,NA,NA,NA,NA,NA,NA,NA,NA,NA,NA,NA,NA,NA,NA,NA,NA,NA,NA,NA,NA,NA,NA,NA,NA,NA,NA,NA,NA,NA,NA,NA,NA,NA,NA,NA,NA,NA,NA,1,CETP,1071,GWAS,1,113,14
0.419010391285859,ENSG00000148737,TCF7L2,protein_coding,0.679839471469825,NA,NA,GCST004045/GCST004044,0.857156753540039/0.84078049659729,NA,0.8571568,NA,NA,NA,NA,NA,NA,NA,NA,NA,NA,NA,NA,NA,NA,NA,NA,NA,NA,NA,NA,NA,NA,NA,NA,0.8407805,NA,NA,NA,NA,NA,NA,NA,NA,NA,NA,NA,NA,NA,NA,2,TCF7L2,6934,GWAS,1,247,7
0.418726615060608,ENSG00000146147,MLIP,protein_coding,0.680781279779974,NA,NA,GCST90475983/GCST90455657/GCST90239776,0.809782385826111/0.793961465358734/0.758469223976135,0.7584692,NA,0.7939615,0.8097824,NA,NA,NA,NA,NA,NA,NA,NA,NA,NA,NA,NA,NA,NA,NA,NA,NA,NA,NA,NA,NA,NA,NA,NA,NA,NA,NA,NA,NA,NA,NA,NA,NA,NA,NA,NA,NA,3,MLIP,90523,GWAS,1,4,0
0.417812700358447,ENSG00000146243,IRAK1BP1,protein_coding,0.687270166275353,NA,NA,GCST90475981/GCST90162626/GCST90455657/GCST90668076,0.851158261299133/0.699653446674347/0.630414426326752/0.550233066082001,NA,NA,0.6304144,NA,NA,0.6996534,NA,NA,NA,0.8511583,NA,NA,NA,NA,NA,NA,NA,NA,NA,NA,NA,NA,NA,NA,NA,0.5502331,NA,NA,NA,NA,NA,NA,NA,NA,NA,NA,NA,NA,NA,NA,NA,4,IRAK1BP1,134728,GWAS,1,6,0
0.414961105932135,ENSG00000156265,MAP3K7CL,protein_coding,0.681059682980451,NA,NA,GCST90475983/GCST90480182/GCST90455657/GCST90668077,0.686174809932709/0.674473762512207/0.674473762512207/0.674202680587769,NA,NA,0.6744738,0.6861748,NA,NA,NA,0.6744738,NA,NA,NA,NA,NA,NA,NA,NA,NA,NA,NA,NA,0.6742027,NA,NA,NA,NA,NA,NA,NA,NA,NA,NA,NA,NA,NA,NA,NA,NA,NA,NA,NA,NA,3,MAP3K7CL,56911,GWAS,1,8,0
0.413267245995626,ENSG00000154305,MIA3,protein_coding,0.679793238998962,NA,NA,GCST90668077/GCST90455657/GCST90668076,0.821987271308899/0.820304274559021/0.820304274559021,NA,NA,0.8203043,NA,NA,NA,NA,NA,NA,NA,NA,NA,NA,NA,NA,NA,NA,NA,NA,NA,0.8219873,NA,NA,NA,NA,0.8203043,NA,NA,NA,NA,NA,NA,NA,NA,NA,NA,NA,NA,NA,NA,NA,2,MIA3,375056,GWAS,1,76,10
0.412018038332422,ENSG00000182240,BACE2,protein_coding,0.677738387249204,NA,NA,GCST90455657/GCST90475981,0.899349451065063/0.861914932727814,NA,NA,0.8993495,NA,NA,NA,NA,NA,NA,0.8619149,NA,NA,NA,NA,NA,NA,NA,NA,NA,NA,NA,NA,NA,NA,NA,NA,NA,NA,NA,NA,NA,NA,NA,NA,NA,NA,NA,NA,NA,NA,NA,2,BACE2,25825,GWAS,1,59,1
0.4100669773621,ENSG00000183072,NKX2-5,protein_coding,0.664377121639859,NA,NA,GCST90668076/GCST90455657,0.844917833805084/0.810434222221375,NA,NA,0.8104342,NA,NA,NA,NA,NA,NA,NA,NA,NA,NA,NA,NA,NA,NA,NA,NA,NA,NA,NA,NA,NA,NA,0.8449178,NA,NA,NA,NA,NA,NA,NA,NA,NA,NA,NA,NA,NA,NA,NA,2,NKX2-5,1482,GWAS,1,206,8
0.409378771785956,ENSG00000128596,CCDC136,protein_coding,0.673396994187963,NA,NA,GCST90477955/GCST90480181/GCST90480184,0.811258375644684/0.722416162490845/0.569352686405182,NA,NA,NA,NA,NA,NA,NA,NA,NA,NA,NA,NA,NA,NA,NA,NA,NA,NA,0.7224162,0.5693527,NA,NA,NA,NA,NA,NA,NA,NA,NA,NA,NA,NA,NA,NA,0.8112584,NA,NA,NA,NA,NA,NA,3,CCDC136,64753,GWAS,1,40,1
0.409256072538802,ENSG00000108433,GOSR2,protein_coding,0.673195163243328,NA,NA,GCST90455657/GCST90668077/GCST90668076,0.825456082820892/0.786918878555298/0.766522109508514,NA,NA,0.8254561,NA,NA,NA,NA,NA,NA,NA,NA,NA,NA,NA,NA,NA,NA,NA,NA,NA,0.7869189,NA,NA,NA,NA,0.7665221,NA,NA,NA,NA,NA,NA,NA,NA,NA,NA,NA,NA,NA,NA,NA,3,GOSR2,9570,GWAS,1,176,1
0.406822832278631,ENSG00000141458,NPC1,protein_coding,0.668584736981215,NA,NA,GCST90455657/GCST90399714/GCST90399713,0.784352540969849/0.752863526344299/0.570863127708435,NA,NA,0.7843525,NA,NA,NA,0.7528635,NA,NA,NA,NA,NA,NA,NA,0.5708631,NA,NA,NA,NA,NA,NA,NA,NA,NA,NA,NA,NA,NA,NA,NA,NA,NA,NA,NA,NA,NA,NA,NA,NA,NA,NA,3,NPC1,4864,GWAS,1,105,7
0.406531532241812,ENSG00000182218,HHIPL1,protein_coding,0.668713501337576,NA,NA,GCST90668077/GCST90668076,0.888294398784637/0.846754133701324,NA,NA,NA,NA,NA,NA,NA,NA,NA,NA,NA,NA,NA,NA,NA,NA,NA,NA,NA,NA,0.8882944,NA,NA,NA,NA,0.8467541,NA,NA,NA,NA,NA,NA,NA,NA,NA,NA,NA,NA,NA,NA,NA,2,HHIPL1,84439,GWAS,1,12,5
0.405623333989555,ENSG00000171557,FGG,protein_coding,0.667219584174923,NA,NA,GCST90473547/GCST90043962,0.885270595550537/0.849019825458527,NA,NA,NA,NA,NA,NA,NA,NA,NA,NA,NA,NA,NA,NA,NA,NA,NA,NA,NA,NA,NA,NA,NA,NA,NA,NA,NA,0.8852706,0.8490198,NA,NA,NA,NA,NA,NA,NA,NA,NA,NA,NA,NA,2,FGG,2266,GWAS,1,189,6
0.404297563141018,ENSG00000128591,FLNC,protein_coding,0.66253391099521,NA,NA,GCST90475981/GCST90475983/GCST90477961,0.800056397914886/0.746190011501312/0.60894113779068,NA,NA,NA,0.74619,NA,NA,NA,NA,NA,0.8000564,NA,NA,NA,NA,NA,NA,NA,NA,NA,NA,NA,NA,NA,NA,NA,NA,NA,NA,NA,NA,NA,NA,NA,0.6089411,NA,NA,NA,NA,NA,NA,NA,3,FLNC,2318,GWAS,1,258,9
0.403776861655436,ENSG00000162407,PLPP3,protein_coding,0.660306718558894,NA,NA,GCST90668076/GCST90668077/GCST90455657,0.805505454540253/0.785590589046478/0.758261799812317,NA,NA,0.7582618,NA,NA,NA,NA,NA,NA,NA,NA,NA,NA,NA,NA,NA,NA,NA,NA,NA,0.7855906,NA,NA,NA,NA,0.8055055,NA,NA,NA,NA,NA,NA,NA,NA,NA,NA,NA,NA,NA,NA,NA,3,PLPP3,8613,GWAS,1,100,3
0.402071779615867,ENSG00000148120,AOPEP,protein_coding,0.642274575114775,NA,NA,GCST90668076/GCST90018586/GCST90018806/GCST90455657/GCST90475981,0.797484576702118/0.572433114051819/0.572433114051819/0.512651979923248/0.506390571594238,NA,NA,0.512652,NA,NA,NA,NA,NA,NA,0.5063906,NA,NA,NA,NA,NA,NA,NA,NA,NA,NA,NA,NA,NA,NA,0.5724331,0.7974846,NA,NA,NA,NA,NA,NA,NA,NA,NA,0.5724331,NA,NA,NA,NA,NA,4,AOPEP,84909,GWAS,1,27,4
0.39984284137392,ENSG00000067208,EVI5,protein_coding,0.657711112752937,NA,NA,GCST90475200/GCST90455657/GCST90475981,0.797796070575714/0.756595551967621/0.754781544208527,NA,NA,0.7565956,NA,NA,NA,NA,NA,NA,0.7547815,NA,NA,0.7977961,NA,NA,NA,NA,NA,NA,NA,NA,NA,NA,NA,NA,NA,NA,NA,NA,NA,NA,NA,NA,NA,NA,NA,NA,NA,NA,NA,NA,3,EVI5,7813,GWAS,1,50,0
0.398482716650188,ENSG00000053900,ANAPC4,protein_coding,0.655473810860888,NA,NA,GCST90455657/GCST90475982,0.945603847503662/0.530403196811676,NA,NA,0.9456038,NA,NA,NA,NA,NA,NA,NA,NA,NA,NA,NA,NA,NA,NA,0.5304032,NA,NA,NA,NA,NA,NA,NA,NA,NA,NA,NA,NA,NA,NA,NA,NA,NA,NA,NA,NA,NA,NA,NA,2,ANAPC4,29945,GWAS,1,192,1
0.396002515845177,ENSG00000175445,LPL,protein_coding,0.645521176390269,NA,NA,GCST90455657/GCST90668077,0.858555138111115/0.713193833827972,NA,NA,0.8585551,NA,NA,NA,NA,NA,NA,NA,NA,NA,NA,NA,NA,NA,NA,NA,NA,NA,0.7131938,NA,NA,NA,NA,NA,NA,NA,NA,NA,NA,NA,NA,NA,NA,NA,NA,NA,NA,NA,NA,2,LPL,4023,GWAS,1,274,13
0.393669428443769,ENSG00000171634,BPTF,protein_coding,0.647556317249231,NA,NA,GCST90274223/GCST90480181/GCST90480184/GCST90475981/GCST90475982/GCST90455657/GCST90475983,0.737521111965179/0.654669165611267/0.635588943958282/0.629696309566498/0.626695334911346/0.613542139530182/0.583340287208557,NA,NA,0.6135421,0.5833403,0.7375211,NA,NA,NA,NA,0.6296963,NA,NA,NA,NA,NA,NA,NA,0.6266953,0.6546692,0.6355889,NA,NA,NA,NA,NA,NA,NA,NA,NA,NA,NA,NA,NA,NA,NA,NA,NA,NA,NA,NA,NA,7,BPTF,2186,GWAS,1,154,0
0.392773637575927,ENSG00000118526,TCF21,protein_coding,0.645474878494198,NA,NA,GCST90479545/GCST90668077,0.802966594696045/0.801663458347321,NA,NA,NA,NA,NA,NA,NA,NA,NA,NA,NA,NA,NA,NA,NA,0.8029666,NA,NA,NA,NA,0.8016635,NA,NA,NA,NA,NA,NA,NA,NA,NA,NA,NA,NA,NA,NA,NA,NA,NA,NA,NA,NA,2,TCF21,6943,GWAS,1,53,5
0.391988492256527,ENSG00000099282,TSPAN15,protein_coding,0.644791304859917,NA,NA,GCST90473547/GCST90043962,0.849532544612885/0.844400763511658,NA,NA,NA,NA,NA,NA,NA,NA,NA,NA,NA,NA,NA,NA,NA,NA,NA,NA,NA,NA,NA,NA,NA,NA,NA,NA,NA,0.8495325,0.8444008,NA,NA,NA,NA,NA,NA,NA,NA,NA,NA,NA,NA,2,TSPAN15,23555,GWAS,1,27,1
0.388843784787635,ENSG00000158445,KCNB1,protein_coding,0.634831044829791,NA,NA,GCST90399713/GCST90399714,0.835399091243744/0.835399091243744,NA,NA,NA,NA,NA,NA,0.8353991,NA,NA,NA,NA,NA,NA,NA,0.8353991,NA,NA,NA,NA,NA,NA,NA,NA,NA,NA,NA,NA,NA,NA,NA,NA,NA,NA,NA,NA,NA,NA,NA,NA,NA,NA,1,KCNB1,3745,GWAS,1,248,2
0.388761952089454,ENSG00000136379,ABHD17C,protein_coding,0.639483891286284,NA,NA,GCST90668077/GCST90455657,0.843561053276062/0.833365559577942,NA,NA,0.8333656,NA,NA,NA,NA,NA,NA,NA,NA,NA,NA,NA,NA,NA,NA,NA,NA,NA,0.8435611,NA,NA,NA,NA,NA,NA,NA,NA,NA,NA,NA,NA,NA,NA,NA,NA,NA,NA,NA,NA,2,ABHD17C,58489,GWAS,1,18,0
0.388216096825099,ENSG00000101665,SMAD7,protein_coding,0.628762269063884,NA,NA,GCST90668077,0.918388783931732,NA,NA,NA,NA,NA,NA,NA,NA,NA,NA,NA,NA,NA,NA,NA,NA,NA,NA,NA,NA,0.9183888,NA,NA,NA,NA,NA,NA,NA,NA,NA,NA,NA,NA,NA,NA,NA,NA,NA,NA,NA,NA,1,SMAD7,4092,GWAS,1,219,5
0.387728930964629,ENSG00000263001,GTF2I,protein_coding,0.637784649976446,NA,NA,GCST90162626/GCST90274223,0.865444839000702/0.686239719390869,NA,NA,NA,NA,0.6862397,0.8654448,NA,NA,NA,NA,NA,NA,NA,NA,NA,NA,NA,NA,NA,NA,NA,NA,NA,NA,NA,NA,NA,NA,NA,NA,NA,NA,NA,NA,NA,NA,NA,NA,NA,NA,NA,2,GTF2I,2969,GWAS,1,101,1
0.38663058957614,ENSG00000118655,DCLRE1B,protein_coding,0.63597796179285,NA,NA,GCST90475982,0.943326592445374,NA,NA,NA,NA,NA,NA,NA,NA,NA,NA,NA,NA,NA,NA,NA,NA,NA,0.9433266,NA,NA,NA,NA,NA,NA,NA,NA,NA,NA,NA,NA,NA,NA,NA,NA,NA,NA,NA,NA,NA,NA,NA,1,DCLRE1B,64858,GWAS,1,100,0
0.386622044079992,ENSG00000082684,SEMA5B,protein_coding,0.635052008904154,NA,NA,GCST004044/GCST004045,0.835928380489349/0.834735810756683,NA,0.8347358,NA,NA,NA,NA,NA,NA,NA,NA,NA,NA,NA,NA,NA,NA,NA,NA,NA,NA,NA,NA,NA,NA,NA,NA,0.8359284,NA,NA,NA,NA,NA,NA,NA,NA,NA,NA,NA,NA,NA,NA,2,SEMA5B,54437,GWAS,1,20,0
0.386404299164594,ENSG00000096968,JAK2,protein_coding,0.632975606091224,NA,NA,GCST90473575/GCST90473547,0.832957446575165/0.832957446575165,NA,NA,NA,NA,NA,NA,NA,NA,NA,NA,0.8329574,NA,NA,NA,NA,NA,NA,NA,NA,NA,NA,NA,NA,NA,NA,NA,NA,0.8329574,NA,NA,NA,NA,NA,NA,NA,NA,NA,NA,NA,NA,NA,1,JAK2,3717,GWAS,1,500,6
0.384267138728958,ENSG00000082175,PGR,protein_coding,0.630958837851167,NA,NA,GCST90475981/GCST90455657,0.833822667598724/0.816226840019226,NA,NA,0.8162268,NA,NA,NA,NA,NA,NA,0.8338227,NA,NA,NA,NA,NA,NA,NA,NA,NA,NA,NA,NA,NA,NA,NA,NA,NA,NA,NA,NA,NA,NA,NA,NA,NA,NA,NA,NA,NA,NA,NA,2,PGR,5241,GWAS,1,357,2
0.383364126278677,ENSG00000134222,PSRC1,protein_coding,0.630604877701213,NA,NA,GCST009541/GCST90668077/GCST90274223/GCST004045/GCST90475981/GCST90475982/GCST90455657,0.700073480606079/0.694442749023438/0.642248809337616/0.619157552719116/0.612014412879944/0.605817675590515/0.600044250488281,NA,0.6191576,0.6000443,NA,0.6422488,NA,NA,NA,0.7000735,0.6120144,NA,NA,NA,NA,NA,NA,NA,0.6058177,NA,NA,0.6944427,NA,NA,NA,NA,NA,NA,NA,NA,NA,NA,NA,NA,NA,NA,NA,NA,NA,NA,NA,NA,7,PSRC1,84722,GWAS,1,81,11
0.380402441298581,ENSG00000272391,POM121C,protein_coding,0.625733130798882,NA,NA,GCST90274223,0.914316117763519,NA,NA,NA,NA,0.9143161,NA,NA,NA,NA,NA,NA,NA,NA,NA,NA,NA,NA,NA,NA,NA,NA,NA,NA,NA,NA,NA,NA,NA,NA,NA,NA,NA,NA,NA,NA,NA,NA,NA,NA,NA,NA,1,POM121C,100101267,GWAS,1,172,0
0.378352880090176,ENSG00000164093,PITX2,protein_coding,0.617108510078977,NA,NA,GCST90399713/GCST009541/GCST90480181/GCST90475981/GCST90475982/GCST90480184/GCST90274223/GCST90480182/GCST90436127/GCST90399714/FINNGEN_R12_I9_HEARTFAIL_AND_OVERWEIGHT/GCST90473575/GCST90018806/GCST90239776/GCST90399715/GCST90399716/GCST90399712/GCST90455657/FINNGEN_R12_I9_HEARTFAIL/GCST90162626/GCST009541/GCST90399713/GCST009541,0.565573871135712/0.557455778121948/0.556052446365356/0.550641417503357/0.550641417503357/0.545806646347046/0.545340180397034/0.543691158294678/0.543691158294678/0.538844227790833/0.538844227790833/0.538844227790833/0.538844227790833/0.538844227790833/0.538844227790833/0.537286579608917/0.537286579608917/0.532430112361908/0.532430112361908/0.532430112361908/0.530396044254303/0.530396044254303/0.515298545360565,0.5388442,NA,0.5324301,NA,0.5453402,0.5324301,0.5388442,0.5436912,0.5152985,0.5506414,0.5388442,NA,NA,NA,0.530396,NA,NA,0.5506414,0.5560524,0.5458066,NA,0.5388442,0.5324301,0.5372866,0.5388442,NA,NA,NA,NA,NA,NA,NA,NA,NA,NA,NA,0.5436912,0.5388442,0.5372866,NA,NA,12,PITX2,5308,GWAS,1,140,9
0.376395378943407,ENSG00000149084,HSD17B12,protein_coding,0.619141817493294,NA,NA,GCST90475981/GCST90455657,0.806332230567932/0.680364847183228,NA,NA,0.6803648,NA,NA,NA,NA,NA,NA,0.8063322,NA,NA,NA,NA,NA,NA,NA,NA,NA,NA,NA,NA,NA,NA,NA,NA,NA,NA,NA,NA,NA,NA,NA,NA,NA,NA,NA,NA,NA,NA,NA,2,HSD17B12,51144,GWAS,1,130,0
0.375058852602463,ENSG00000145349,CAMK2D,protein_coding,0.61099421918834,NA,NA,GCST90455657/GCST90274223,0.818023681640625/0.748061656951904,NA,NA,0.8180237,NA,0.7480617,NA,NA,NA,NA,NA,NA,NA,NA,NA,NA,NA,NA,NA,NA,NA,NA,NA,NA,NA,NA,NA,NA,NA,NA,NA,NA,NA,NA,NA,NA,NA,NA,NA,NA,NA,NA,2,CAMK2D,817,GWAS,1,131,3
0.374959114701887,ENSG00000169174,PCSK9,protein_coding,0.579701169573971,NA,NA,GCST90668077,0.953564405441284,NA,NA,NA,NA,NA,NA,NA,NA,NA,NA,NA,NA,NA,NA,NA,NA,NA,NA,NA,NA,0.9535644,NA,NA,NA,NA,NA,NA,NA,NA,NA,NA,NA,NA,NA,NA,NA,NA,NA,NA,NA,NA,1,PCSK9,255738,GWAS,1,156,16
0.374788809723647,ENSG00000113742,CPEB4,protein_coding,0.615891202320961,NA,NA,GCST90668077/GCST90455657,0.82521116733551/0.751532375812531,NA,NA,0.7515324,NA,NA,NA,NA,NA,NA,NA,NA,NA,NA,NA,NA,NA,NA,NA,NA,NA,0.8252112,NA,NA,NA,NA,NA,NA,NA,NA,NA,NA,NA,NA,NA,NA,NA,NA,NA,NA,NA,NA,2,CPEB4,80315,GWAS,1,51,0
0.373984257140731,ENSG00000141431,ASXL3,protein_coding,0.615175705211849,NA,NA,GCST90455657/GCST90480139,0.813349366188049/0.79427182674408,NA,NA,0.8133494,NA,NA,NA,NA,NA,NA,NA,NA,NA,NA,NA,NA,NA,NA,NA,NA,NA,NA,NA,NA,NA,NA,NA,NA,NA,NA,NA,NA,NA,NA,NA,NA,NA,NA,NA,NA,0.7942718,NA,2,ASXL3,80816,GWAS,1,64,0
0.371614563556222,ENSG00000173641,HSPB7,protein_coding,0.604679920295972,NA,NA,GCST90162626/GCST90477961/GCST90239776/GCST90480182/GCST90480184/GCST90480181/GCST90455657,0.668997824192047/0.665721535682678/0.55656510591507/0.537329018115997/0.537329018115997/0.537329018115997/0.523975551128387,0.5565651,NA,0.5239756,NA,NA,0.6689978,NA,0.537329,NA,NA,NA,NA,NA,NA,NA,NA,NA,NA,0.537329,0.537329,NA,NA,NA,NA,NA,NA,NA,NA,NA,NA,NA,NA,NA,0.6657215,NA,NA,NA,NA,NA,NA,NA,5,HSPB7,27129,GWAS,1,45,4
0.369835370804268,ENSG00000106771,TMEM245,protein_coding,0.608351102226177,NA,NA,GCST90475981/GCST90455657,0.803165078163147/0.790105164051056,NA,NA,0.7901052,NA,NA,NA,NA,NA,NA,0.8031651,NA,NA,NA,NA,NA,NA,NA,NA,NA,NA,NA,NA,NA,NA,NA,NA,NA,NA,NA,NA,NA,NA,NA,NA,NA,NA,NA,NA,NA,NA,NA,2,TMEM245,23731,GWAS,1,5,0
0.367443761821041,ENSG00000133392,MYH11,protein_coding,0.598680753366592,NA,NA,GCST90455657/GCST90668077,0.789262175559998/0.782088816165924,NA,NA,0.7892622,NA,NA,NA,NA,NA,NA,NA,NA,NA,NA,NA,NA,NA,NA,NA,NA,NA,0.7820888,NA,NA,NA,NA,NA,NA,NA,NA,NA,NA,NA,NA,NA,NA,NA,NA,NA,NA,NA,NA,2,MYH11,4629,GWAS,1,231,6
0.366865598646416,ENSG00000116132,PRRX1,protein_coding,0.600426398542463,NA,NA,GCST90668076/GCST90668077,0.795111358165741/0.770177900791168,NA,NA,NA,NA,NA,NA,NA,NA,NA,NA,NA,NA,NA,NA,NA,NA,NA,NA,NA,NA,0.7701779,NA,NA,NA,NA,0.7951114,NA,NA,NA,NA,NA,NA,NA,NA,NA,NA,NA,NA,NA,NA,NA,2,PRRX1,5396,GWAS,1,73,5
0.362997613967289,ENSG00000108953,YWHAE,protein_coding,0.596495580643819,NA,NA,GCST90239776/GCST90455657,0.785361588001251/0.783313393592834,0.7853616,NA,0.7833134,NA,NA,NA,NA,NA,NA,NA,NA,NA,NA,NA,NA,NA,NA,NA,NA,NA,NA,NA,NA,NA,NA,NA,NA,NA,NA,NA,NA,NA,NA,NA,NA,NA,NA,NA,NA,NA,NA,2,YWHAE,7531,GWAS,1,438,4
0.359781253633204,ENSG00000107957,SH3PXD2A,protein_coding,0.591812842920079,NA,NA,GCST90668077/GCST90668076,0.76980072259903/0.76980072259903,NA,NA,NA,NA,NA,NA,NA,NA,NA,NA,NA,NA,NA,NA,NA,NA,NA,NA,NA,NA,0.7698007,NA,NA,NA,NA,0.7698007,NA,NA,NA,NA,NA,NA,NA,NA,NA,NA,NA,NA,NA,NA,NA,1,SH3PXD2A,9644,GWAS,1,60,0
0.354797902541374,ENSG00000213551,DNAJC9,protein_coding,0.583615608775323,NA,NA,GCST90475981,0.75493335723877,NA,NA,NA,NA,NA,NA,NA,NA,NA,0.7549334,NA,NA,NA,NA,NA,NA,NA,NA,NA,NA,NA,NA,NA,NA,NA,NA,NA,NA,NA,NA,NA,NA,NA,NA,NA,NA,NA,NA,NA,NA,NA,1,DNAJC9,23234,GWAS,1,147,1
0.354550107625706,ENSG00000135100,HNF1A,protein_coding,0.583208004954886,NA,NA,GCST90668076/GCST90668077,0.767466306686401/0.767466306686401,NA,NA,NA,NA,NA,NA,NA,NA,NA,NA,NA,NA,NA,NA,NA,NA,NA,NA,NA,NA,0.7674663,NA,NA,NA,NA,0.7674663,NA,NA,NA,NA,NA,NA,NA,NA,NA,NA,NA,NA,NA,NA,NA,1,HNF1A,6927,GWAS,1,171,4
0.354335988895427,ENSG00000112139,MDGA1,protein_coding,0.582855795902277,NA,NA,GCST90455657,0.958753526210785,NA,NA,0.9587535,NA,NA,NA,NA,NA,NA,NA,NA,NA,NA,NA,NA,NA,NA,NA,NA,NA,NA,NA,NA,NA,NA,NA,NA,NA,NA,NA,NA,NA,NA,NA,NA,NA,NA,NA,NA,NA,NA,1,MDGA1,266727,GWAS,1,36,0
0.352236891049495,ENSG00000141564,RPTOR,protein_coding,0.577819786217949,NA,NA,GCST90477955/GCST90477957,0.760375738143921/0.760375738143921,NA,NA,NA,NA,NA,NA,NA,NA,NA,NA,NA,NA,NA,NA,NA,NA,NA,NA,NA,NA,NA,NA,NA,NA,NA,NA,NA,NA,NA,NA,NA,NA,NA,NA,0.7603757,NA,NA,NA,NA,NA,0.7603757,1,RPTOR,57521,GWAS,1,318,4
0.351515540775507,ENSG00000133789,SWAP70,protein_coding,0.576696545916353,NA,NA,GCST90668077,0.666376531124115,NA,NA,NA,NA,NA,NA,NA,NA,NA,NA,NA,NA,NA,NA,NA,NA,NA,NA,NA,NA,0.6663765,NA,NA,NA,NA,NA,NA,NA,NA,NA,NA,NA,NA,NA,NA,NA,NA,NA,NA,NA,NA,1,SWAP70,23075,GWAS,1,99,2
0.348111351438099,ENSG00000153815,CMIP,protein_coding,0.572616739941001,NA,NA,GCST90475981/GCST90455657,0.76867938041687/0.692926704883575,NA,NA,0.6929267,NA,NA,NA,NA,NA,NA,0.7686794,NA,NA,NA,NA,NA,NA,NA,NA,NA,NA,NA,NA,NA,NA,NA,NA,NA,NA,NA,NA,NA,NA,NA,NA,NA,NA,NA,NA,NA,NA,NA,2,CMIP,80790,GWAS,1,46,2
0.346901888401578,ENSG00000173334,TRIB1,protein_coding,0.570627265084205,NA,NA,GCST004045/GCST90668077/GCST90668076,0.692860186100006/0.688963890075684/0.661836266517639,NA,0.6928602,NA,NA,NA,NA,NA,NA,NA,NA,NA,NA,NA,NA,NA,NA,NA,NA,NA,NA,0.6889639,NA,NA,NA,NA,0.6618363,NA,NA,NA,NA,NA,NA,NA,NA,NA,NA,NA,NA,NA,NA,NA,3,TRIB1,10221,GWAS,1,88,8
0.340211085846638,ENSG00000166949,SMAD3,protein_coding,0.554653933315919,NA,NA,GCST90668077/GCST90668076,0.729890882968903/0.729890882968903,NA,NA,NA,NA,NA,NA,NA,NA,NA,NA,NA,NA,NA,NA,NA,NA,NA,NA,NA,NA,0.7298909,NA,NA,NA,NA,0.7298909,NA,NA,NA,NA,NA,NA,NA,NA,NA,NA,NA,NA,NA,NA,NA,1,SMAD3,4088,GWAS,1,500,13
0.339494555602952,ENSG00000134871,COL4A2,protein_coding,0.557530868895802,NA,NA,GCST90455657/GCST90668077,0.734893977642059/0.728807866573334,NA,NA,0.734894,NA,NA,NA,NA,NA,NA,NA,NA,NA,NA,NA,NA,NA,NA,NA,NA,NA,0.7288079,NA,NA,NA,NA,NA,NA,NA,NA,NA,NA,NA,NA,NA,NA,NA,NA,NA,NA,NA,NA,2,COL4A2,1284,GWAS,1,175,5
0.339478555352615,ENSG00000140945,CDH13,protein_coding,0.551818876914283,NA,NA,GCST90668077/GCST90668076,0.727454304695129/0.720983386039734,NA,NA,NA,NA,NA,NA,NA,NA,NA,NA,NA,NA,NA,NA,NA,NA,NA,NA,NA,NA,0.7274543,NA,NA,NA,NA,0.7209834,NA,NA,NA,NA,NA,NA,NA,NA,NA,NA,NA,NA,NA,NA,NA,2,CDH13,1012,GWAS,1,95,1
0.338732967573389,ENSG00000165757,JCAD,protein_coding,0.557190010613329,NA,NA,GCST90668077,0.916535258293152,NA,NA,NA,NA,NA,NA,NA,NA,NA,NA,NA,NA,NA,NA,NA,NA,NA,NA,NA,NA,0.9165353,NA,NA,NA,NA,NA,NA,NA,NA,NA,NA,NA,NA,NA,NA,NA,NA,NA,NA,NA,NA,1,JCAD,57608,GWAS,1,24,3
0.337661282986084,ENSG00000162599,NFIA,protein_coding,0.551779586057878,NA,NA,GCST90455657/FINNGEN_R12_I9_HEARTFAIL/GCST90475983,0.657108664512634/0.611816227436066/0.609253883361816,NA,NA,0.6571087,0.6092539,NA,NA,NA,NA,NA,NA,NA,NA,NA,NA,NA,NA,NA,NA,NA,NA,NA,NA,0.6118162,NA,NA,NA,NA,NA,NA,NA,NA,NA,NA,NA,NA,NA,NA,NA,NA,NA,NA,3,NFIA,4774,GWAS,1,68,2
0.336103727611933,ENSG00000256269,HMBS,protein_coding,0.551281957404299,NA,NA,GCST90668077,0.906816959381104,NA,NA,NA,NA,NA,NA,NA,NA,NA,NA,NA,NA,NA,NA,NA,NA,NA,NA,NA,NA,0.906817,NA,NA,NA,NA,NA,NA,NA,NA,NA,NA,NA,NA,NA,NA,NA,NA,NA,NA,NA,NA,1,HMBS,3145,GWAS,1,157,0
0.3356883842697,ENSG00000166035,LIPC,protein_coding,0.552181902263415,NA,NA,GCST004045,0.908297300338745,NA,0.9082973,NA,NA,NA,NA,NA,NA,NA,NA,NA,NA,NA,NA,NA,NA,NA,NA,NA,NA,NA,NA,NA,NA,NA,NA,NA,NA,NA,NA,NA,NA,NA,NA,NA,NA,NA,NA,NA,NA,NA,1,LIPC,3990,GWAS,1,167,17
0.334566474200867,ENSG00000158286,RNF207,protein_coding,0.547600756801043,NA,NA,GCST90239776,0.900761663913727,0.9007617,NA,NA,NA,NA,NA,NA,NA,NA,NA,NA,NA,NA,NA,NA,NA,NA,NA,NA,NA,NA,NA,NA,NA,NA,NA,NA,NA,NA,NA,NA,NA,NA,NA,NA,NA,NA,NA,NA,NA,NA,1,RNF207,388591,GWAS,1,21,0
0.333357730633329,ENSG00000184304,PRKD1,protein_coding,0.543728875941913,NA,NA,GCST90455657,0.705624997615814,NA,NA,0.705625,NA,NA,NA,NA,NA,NA,NA,NA,NA,NA,NA,NA,NA,NA,NA,NA,NA,NA,NA,NA,NA,NA,NA,NA,NA,NA,NA,NA,NA,NA,NA,NA,NA,NA,NA,NA,NA,NA,1,PRKD1,5587,GWAS,1,133,3
0.33298243053098,ENSG00000143921,ABCG8,protein_coding,0.54712288303707,NA,NA,GCST90668077,0.899975597858429,NA,NA,NA,NA,NA,NA,NA,NA,NA,NA,NA,NA,NA,NA,NA,NA,NA,NA,NA,NA,0.8999756,NA,NA,NA,NA,NA,NA,NA,NA,NA,NA,NA,NA,NA,NA,NA,NA,NA,NA,NA,NA,1,ABCG8,64241,GWAS,1,129,12
0.331118375735013,ENSG00000138380,CARF,protein_coding,0.544664585238778,NA,NA,GCST90668077,0.802040338516235,NA,NA,NA,NA,NA,NA,NA,NA,NA,NA,NA,NA,NA,NA,NA,NA,NA,NA,NA,NA,0.8020403,NA,NA,NA,NA,NA,NA,NA,NA,NA,NA,NA,NA,NA,NA,NA,NA,NA,NA,NA,NA,1,CARF,79800,GWAS,1,20,1
0.329718635114674,ENSG00000053254,FOXN3,protein_coding,0.542362118204967,NA,NA,GCST90455657,0.892144501209259,NA,NA,0.8921445,NA,NA,NA,NA,NA,NA,NA,NA,NA,NA,NA,NA,NA,NA,NA,NA,NA,NA,NA,NA,NA,NA,NA,NA,NA,NA,NA,NA,NA,NA,NA,NA,NA,NA,NA,NA,NA,NA,1,FOXN3,1112,GWAS,1,24,0
0.321800666377126,ENSG00000089225,TBX5,protein_coding,0.519167738906161,NA,NA,GCST90668076,0.853991508483887,NA,NA,NA,NA,NA,NA,NA,NA,NA,NA,NA,NA,NA,NA,NA,NA,NA,NA,NA,NA,NA,NA,NA,NA,NA,0.8539915,NA,NA,NA,NA,NA,NA,NA,NA,NA,NA,NA,NA,NA,NA,NA,1,TBX5,6910,GWAS,1,131,8
0.318332844432134,ENSG00000171303,KCNK3,protein_coding,0.514767915881983,NA,NA,GCST90455657,0.846754133701324,NA,NA,0.8467541,NA,NA,NA,NA,NA,NA,NA,NA,NA,NA,NA,NA,NA,NA,NA,NA,NA,NA,NA,NA,NA,NA,NA,NA,NA,NA,NA,NA,NA,NA,NA,NA,NA,NA,NA,NA,NA,NA,1,KCNK3,3777,GWAS,1,86,3
0.318150730574977,ENSG00000110693,SOX6,protein_coding,0.516604004863956,NA,NA,GCST90455657,0.849774360656738,NA,NA,0.8497744,NA,NA,NA,NA,NA,NA,NA,NA,NA,NA,NA,NA,NA,NA,NA,NA,NA,NA,NA,NA,NA,NA,NA,NA,NA,NA,NA,NA,NA,NA,NA,NA,NA,NA,NA,NA,NA,NA,1,SOX6,55553,GWAS,1,97,2
0.315674397030827,ENSG00000073060,SCARB1,protein_coding,0.50908033303864,NA,NA,GCST90668076/GCST90274223/GCST90455657/GCST90668077,0.588642656803131/0.588642656803131/0.587647318840027/0.580816388130188,NA,NA,0.5876473,NA,0.5886427,NA,NA,NA,NA,NA,NA,NA,NA,NA,NA,NA,NA,NA,NA,NA,0.5808164,NA,NA,NA,NA,0.5886427,NA,NA,NA,NA,NA,NA,NA,NA,NA,NA,NA,NA,NA,NA,NA,3,SCARB1,949,GWAS,1,499,12
0.314570946524617,ENSG00000139370,SLC15A4,protein_coding,0.517445320685303,NA,NA,GCST90480139,0.851158261299133,NA,NA,NA,NA,NA,NA,NA,NA,NA,NA,NA,NA,NA,NA,NA,NA,NA,NA,NA,NA,NA,NA,NA,NA,NA,NA,NA,NA,NA,NA,NA,NA,NA,NA,NA,NA,NA,NA,NA,0.8511583,NA,1,SLC15A4,121260,GWAS,1,27,0
0.312489899621937,ENSG00000108924,HLF,protein_coding,0.508474788022534,NA,NA,GCST90239776,0.836402416229248,0.8364024,NA,NA,NA,NA,NA,NA,NA,NA,NA,NA,NA,NA,NA,NA,NA,NA,NA,NA,NA,NA,NA,NA,NA,NA,NA,NA,NA,NA,NA,NA,NA,NA,NA,NA,NA,NA,NA,NA,NA,NA,1,HLF,3131,GWAS,1,56,0
0.311900740568778,ENSG00000107882,SUFU,protein_coding,0.513053034644967,NA,NA,GCST90455657,0.843933284282684,NA,NA,0.8439333,NA,NA,NA,NA,NA,NA,NA,NA,NA,NA,NA,NA,NA,NA,NA,NA,NA,NA,NA,NA,NA,NA,NA,NA,NA,NA,NA,NA,NA,NA,NA,NA,NA,NA,NA,NA,NA,NA,1,SUFU,51684,GWAS,1,164,0
0.311668007607317,ENSG00000134245,WNT2B,protein_coding,0.5126702065955,NA,NA,GCST90455657,0.843303561210632,NA,NA,0.8433036,NA,NA,NA,NA,NA,NA,NA,NA,NA,NA,NA,NA,NA,NA,NA,NA,NA,NA,NA,NA,NA,NA,NA,NA,NA,NA,NA,NA,NA,NA,NA,NA,NA,NA,NA,NA,NA,NA,1,WNT2B,7482,GWAS,1,91,3
0.308759913045116,ENSG00000114861,FOXP1,protein_coding,0.504309408678437,NA,NA,GCST90455657,0.829550683498383,NA,NA,0.8295507,NA,NA,NA,NA,NA,NA,NA,NA,NA,NA,NA,NA,NA,NA,NA,NA,NA,NA,NA,NA,NA,NA,NA,NA,NA,NA,NA,NA,NA,NA,NA,NA,NA,NA,NA,NA,NA,NA,1,FOXP1,27086,GWAS,1,119,2
0.306910870977564,ENSG00000139318,DUSP6,protein_coding,0.504845078063697,NA,NA,GCST90455657,0.830431818962097,NA,NA,0.8304318,NA,NA,NA,NA,NA,NA,NA,NA,NA,NA,NA,NA,NA,NA,NA,NA,NA,NA,NA,NA,NA,NA,NA,NA,NA,NA,NA,NA,NA,NA,NA,NA,NA,NA,NA,NA,NA,NA,1,DUSP6,1848,GWAS,1,100,1
0.306162508377613,ENSG00000107954,NEURL1,protein_coding,0.503006147614659,NA,NA,GCST90399714/GCST90455657,0.654317677021027/0.654317677021027,NA,NA,0.6543177,NA,NA,NA,0.6543177,NA,NA,NA,NA,NA,NA,NA,NA,NA,NA,NA,NA,NA,NA,NA,NA,NA,NA,NA,NA,NA,NA,NA,NA,NA,NA,NA,NA,NA,NA,NA,NA,NA,NA,1,NEURL1,9148,GWAS,1,35,3
0.305639662174251,ENSG00000033867,SLC4A7,protein_coding,0.502754036109074,NA,NA,GCST90455657,0.826992213726044,NA,NA,0.8269922,NA,NA,NA,NA,NA,NA,NA,NA,NA,NA,NA,NA,NA,NA,NA,NA,NA,NA,NA,NA,NA,NA,NA,NA,NA,NA,NA,NA,NA,NA,NA,NA,NA,NA,NA,NA,NA,NA,1,SLC4A7,9497,GWAS,1,159,1
0.304660113040577,ENSG00000025039,RRAGD,protein_coding,0.501142752164384,NA,NA,GCST90455657,0.824341773986816,NA,NA,0.8243418,NA,NA,NA,NA,NA,NA,NA,NA,NA,NA,NA,NA,NA,NA,NA,NA,NA,NA,NA,NA,NA,NA,NA,NA,NA,NA,NA,NA,NA,NA,NA,NA,NA,NA,NA,NA,NA,NA,1,RRAGD,58528,GWAS,1,114,1
0.304532897436939,ENSG00000106460,TMEM106B,protein_coding,0.500933492156275,NA,NA,GCST90455657,0.823997557163239,NA,NA,0.8239976,NA,NA,NA,NA,NA,NA,NA,NA,NA,NA,NA,NA,NA,NA,NA,NA,NA,NA,NA,NA,NA,NA,NA,NA,NA,NA,NA,NA,NA,NA,NA,NA,NA,NA,NA,NA,NA,NA,1,TMEM106B,54664,GWAS,1,34,2
0.304192670043989,ENSG00000204084,INPP5B,protein_coding,0.500373843929393,NA,NA,GCST90668076/GCST90668077,0.660256206989288/0.651283085346222,NA,NA,NA,NA,NA,NA,NA,NA,NA,NA,NA,NA,NA,NA,NA,NA,NA,NA,NA,NA,0.6512831,NA,NA,NA,NA,0.6602562,NA,NA,NA,NA,NA,NA,NA,NA,NA,NA,NA,NA,NA,NA,NA,2,INPP5B,3633,GWAS,1,77,0
