score,target.id,target.approvedSymbol,target.biotype,gwas_credible_sets,clingen,geneburden,GWAS.id,L2G,GCST90077883,GCST90077884,GCST90079766,GCST90435755,GCST90475205,GCST90475208,GCST90013882,GCST90013932,GCST90475721,GCST90475720,GCST90475202,GCST90475206,GCST90475207,GCST90476371,GCST90479572,GCST90475204,GCST90480682,GCST90479546,GCST90479924,GCST90476898,GCST90479694,GCST90475242,GCST90475489,GCST90479547,GCST90476662,GCST90475719,GCST90651139,GCST90475203,GCST90296604,GCST90479374,GWAS.count,name,NCBI.id,list.name,list.count,N.PPI,degree
0.836083953323415,ENSG00000130164,LDLR,protein_coding,0.898458219643586,NA,NA,GCST90077883/GCST90077884/GCST90079766/GCST90435755/GCST90475205/GCST90475208/GCST90013882/GCST90013932/GCST90475721/GCST90435755/GCST90013932/GCST90475721/GCST90475720/GCST90475202/GCST90475205/GCST90475206/GCST90475207/GCST90013882/GCST90435755/GCST90476371/GCST90479572/GCST90475204/GCST90480682/GCST90475208/GCST90475205/GCST90479546/GCST90479924/GCST90013932/GCST90476898/GCST90013882/GCST90479694/GCST90475205/GCST90475208/GCST90475204/GCST90475242/GCST90475489/GCST90475204/GCST90475205/GCST90479547/GCST90475721/GCST90475204,0.917593061923981/0.916185557842255/0.916185557842255/0.900414407253265/0.897439956665039/0.897439956665039/0.897439956665039/0.897439956665039/0.895316004753113/0.865403354167938/0.862717509269714/0.862717509269714/0.836883008480072/0.836883008480072/0.835035085678101/0.834905445575714/0.831995487213135/0.823048532009125/0.821682691574097/0.821682691574097/0.821682691574097/0.820964694023132/0.820005536079407/0.820005536079407/0.819628953933716/0.819560647010803/0.813889622688293/0.809873938560486/0.807759881019592/0.803351163864136/0.794166207313538/0.78913813829422/0.78913813829422/0.778462171554565/0.776555120944977/0.776555120944977/0.776394009590149/0.769260168075562/0.741020679473877/0.629492521286011/0.565429091453552,0.9175931,0.9161856,0.9161856,0.8216827,0.7692602,0.7891381,0.8033512,0.8098739,0.6294925,0.836883,0.836883,0.8349054,0.8319955,0.8216827,0.8216827,0.5654291,0.8200055,0.8195606,0.8138896,0.8077599,0.7941662,0.7765551,0.7765551,0.7410207,NA,NA,NA,NA,NA,NA,30,LDLR,3949,GWAS,1,147,14
0.801070841515237,ENSG00000084674,APOB,protein_coding,0.943957763009634,NA,NA,GCST90013882/GCST90475205/GCST90475208/GCST90475721/GCST90013932/GCST90435755/GCST90013882/GCST90475208/GCST90077883/GCST90476371/GCST90475205/GCST90475489/GCST90079766/GCST90013932/GCST90077884/GCST90013932/GCST90013882/GCST90475205/GCST90013932/GCST90013882/GCST90013882/GCST90475489/GCST90013932/GCST90475208/GCST90435755/GCST90475208/GCST90476371/GCST90475721/GCST90475208/GCST90013932/GCST90475204/GCST90479547/GCST90475205/GCST90479546/GCST90479924/GCST90013882/GCST90475205/GCST90475208/GCST90475208/GCST90475202/GCST90475205,0.958522140979767/0.958522140979767/0.958522140979767/0.958522140979767/0.958522140979767/0.95523875951767/0.95422488451004/0.95422488451004/0.95422488451004/0.95422488451004/0.95422488451004/0.95422488451004/0.95422488451004/0.95422488451004/0.95422488451004/0.949282169342041/0.949282169342041/0.94468104839325/0.937419295310974/0.935725748538971/0.923259377479553/0.917808711528778/0.917808711528778/0.917808711528778/0.906143188476562/0.899527251720428/0.864187300205231/0.839818775653839/0.839818775653839/0.83280086517334/0.832628488540649/0.831361889839172/0.831361889839172/0.831361889839172/0.827965617179871/0.816588521003723/0.809961676597595/0.802260756492615/0.797351658344269/0.558065891265869/0.517500698566437,0.9542249,0.9542249,0.9542249,0.9061432,0.5175007,0.7973517,0.8165885,0.8328009,0.8398188,NA,0.5580659,NA,NA,0.8641873,NA,0.8326285,NA,0.8313619,0.8279656,NA,NA,NA,0.9178087,0.8313619,NA,NA,NA,NA,NA,NA,23,APOB,338,GWAS,1,500,44
0.800092551092172,ENSG00000169174,PCSK9,protein_coding,0.94267006731521,NA,NA,GCST90476371/GCST90479547/GCST90479694/GCST90479924/GCST90475205/GCST90013932/GCST90479546/GCST90475721/GCST90435755/GCST90013882/GCST90475242/GCST90475489/GCST90475208/GCST90479572/GCST90013932/GCST90013882/GCST90475720/GCST90475207/GCST90475204/GCST90475207/GCST90475204/GCST90475205/GCST90475208/GCST90475208/GCST90475205/GCST90475721/GCST90475205/GCST90013882/GCST90013932/GCST90475205/GCST90475208/GCST90475721/GCST90475205,0.955084323883057/0.953564405441284/0.953564405441284/0.953564405441284/0.953564405441284/0.953564405441284/0.953564405441284/0.953564405441284/0.953564405441284/0.953564405441284/0.953564405441284/0.953564405441284/0.953564405441284/0.953564405441284/0.951497673988342/0.951497673988342/0.946546137332916/0.946546137332916/0.946546137332916/0.946546137332916/0.946546137332916/0.918380737304688/0.862809896469116/0.856804013252258/0.856804013252258/0.853819608688354/0.841693580150604/0.733575820922852/0.733575820922852/0.723057746887207/0.712080955505371/0.701453387737274/0.598492026329041,NA,NA,NA,0.9535644,0.598492,0.712081,0.7335758,0.7335758,0.7014534,0.9465461,NA,NA,0.9465461,0.9550843,0.9535644,0.9465461,NA,0.9535644,0.9535644,NA,0.9535644,0.9535644,0.9535644,0.9535644,NA,NA,NA,NA,NA,NA,14,PCSK9,255738,GWAS,1,156,33
0.746493065330708,ENSG00000113161,HMGCR,protein_coding,0.888061410303763,NA,NA,GCST90475205/GCST90479547/GCST90475208/GCST90479546/GCST90479924/GCST90013882/GCST90013932/GCST90475202/GCST90475206/GCST90435755/GCST90475721/GCST90475242,0.940742254257202/0.940742254257202/0.940530121326447/0.934756517410278/0.914550840854645/0.852377712726593/0.850354969501495/0.848660171031952/0.83820378780365/0.832610905170441/0.825782001018524/0.801720082759857,NA,NA,NA,0.8326109,0.9407423,0.9405301,0.8523777,0.850355,0.825782,NA,0.8486602,0.8382038,NA,NA,NA,NA,NA,0.9347565,0.9145508,NA,NA,0.8017201,NA,0.9407423,NA,NA,NA,NA,NA,NA,11,HMGCR,3156,GWAS,1,349,27
0.724702313852465,ENSG00000015520,NPC1L1,protein_coding,0.792450988619841,NA,NA,GCST90479546/GCST90475208/GCST90013932/GCST90013882/GCST90479547/GCST90475205,0.885580599308014/0.857402145862579/0.846570014953613/0.846570014953613/0.838934183120728/0.830132603645325,NA,NA,NA,NA,0.8301326,0.8574021,0.84657,0.84657,NA,NA,NA,NA,NA,NA,NA,NA,NA,0.8855806,NA,NA,NA,NA,NA,0.8389342,NA,NA,NA,NA,NA,NA,5,NPC1L1,29881,GWAS,1,74,19
0.671735136750389,ENSG00000143921,ABCG8,protein_coding,0.904546432187431,NA,NA,GCST90475205/GCST90475208/GCST90475721/GCST90013882/GCST90013932/GCST90435755/GCST90479924/GCST90475489/GCST90479547/GCST90475721/GCST90013932/GCST90013882/GCST90475207/GCST90475208/GCST90435755/GCST90475205/GCST90479546/GCST90479694/GCST90475205/GCST90475205,0.938450872898102/0.938450872898102/0.930948972702026/0.929903149604797/0.929903149604797/0.888386011123657/0.87468034029007/0.87468034029007/0.87468034029007/0.87468034029007/0.87468034029007/0.87468034029007/0.87468034029007/0.871396780014038/0.871396780014038/0.871396780014038/0.871396780014038/0.87099826335907/0.854649066925049/0.832155108451843,NA,NA,NA,0.8713968,0.8321551,0.8713968,0.8746803,0.8746803,0.8746803,NA,NA,NA,0.8746803,NA,NA,NA,NA,0.8713968,0.8746803,NA,0.8709983,NA,0.8746803,0.8746803,NA,NA,NA,NA,NA,NA,9,ABCG8,64241,GWAS,1,129,20
0.61191576584551,ENSG00000130203,APOE,protein_coding,0.946079520768971,NA,NA,GCST90476662/GCST90475719/GCST90480682/GCST90475489/GCST90079766/GCST90475206/GCST90476371/GCST90077883/GCST90077884/GCST90475207/GCST90479924/GCST90479546/GCST90475204/GCST90475720/GCST90435755/GCST90651139/GCST90479572/GCST90475242/GCST90475721/GCST90479694/GCST90475202/GCST90476898/GCST90475207/GCST90435755/GCST90475204/GCST90013882/GCST90475208/GCST90475205/GCST90013882/GCST90013932,0.966749250888824/0.964130818843842/0.962726771831512/0.96094411611557/0.958752930164337/0.95843493938446/0.958043396472931/0.957147896289825/0.957147896289825/0.957147896289825/0.957147896289825/0.957147896289825/0.957147896289825/0.957147896289825/0.957147896289825/0.95709639787674/0.956818103790283/0.956818103790283/0.956818103790283/0.956818103790283/0.955049455165863/0.955049455165863/0.946868360042572/0.946868360042572/0.946868360042572/0.946868360042572/0.946868360042572/0.946868360042572/0.925600588321686/0.896151006221771,0.9571479,0.9571479,0.9587529,0.9468684,0.9468684,0.9468684,0.9256006,0.896151,0.9568181,0.9571479,0.9550495,0.9584349,0.9468684,0.9580434,0.9568181,0.9468684,0.9627268,0.9571479,0.9571479,0.9550495,0.9568181,0.9568181,0.9609441,NA,0.9667493,0.9641308,0.9570964,NA,NA,NA,14,APOE,348,GWAS,1,500,35
0.583941875183066,ENSG00000134243,SORT1,protein_coding,0.956993048250297,NA,NA,GCST90475207/GCST90013932/GCST90013882/GCST90475204/GCST90475208/GCST90475720/GCST90479546/GCST90475206/GCST90476371/GCST90475721/GCST90479547/GCST90475242/GCST90475489/GCST90475202/GCST90479924/GCST90479572/GCST90435755/GCST90480682/GCST90479694/GCST90475719,0.986461043357849/0.986009180545807/0.986009180545807/0.985707104206085/0.985707104206085/0.985435009002686/0.985209047794342/0.984540283679962/0.984533548355103/0.984442174434662/0.984385311603546/0.984177350997925/0.984008193016052/0.983881711959839/0.983881711959839/0.983823359012604/0.983470141887665/0.98346483707428/0.983095228672028/0.980863451957703,NA,NA,NA,0.9834701,NA,0.9857071,0.9860092,0.9860092,0.9844422,0.985435,0.9838817,0.9845403,0.986461,0.9845335,0.9838234,0.9857071,0.9834648,0.985209,0.9838817,NA,0.9830952,0.9841774,0.9840082,0.9843853,NA,0.9808635,NA,NA,NA,NA,17,SORT1,6272,GWAS,1,191,13
0.568104116839109,ENSG00000257017,HP,protein_coding,0.933120289997995,NA,NA,GCST90013882/GCST90013932/GCST90435755/GCST90013882/GCST90013932/GCST90475489/GCST90475721/GCST90475205/GCST90479546/GCST90475205/GCST90475207/GCST90479924/GCST90475204/GCST90475721,0.977221727371216/0.977221727371216/0.969248116016388/0.96768581867218/0.967639684677124/0.952669441699982/0.921023666858673/0.918778538703918/0.907987117767334/0.895589888095856/0.827868342399597/0.826919198036194/0.821113407611847/0.81464546918869,NA,NA,NA,0.9692481,0.8955899,NA,0.9676858,0.9676397,0.8146455,NA,NA,NA,0.8278683,NA,NA,0.8211134,NA,0.9079871,0.8269192,NA,NA,NA,0.9526694,NA,NA,NA,NA,NA,NA,NA,13,HP,3240,GWAS,1,241,9
0.567686183284874,ENSG00000143126,CELSR2,protein_coding,0.932280838336867,NA,NA,GCST90476371/GCST90475207/GCST90479572/GCST90475204/GCST90475202/GCST90475242/GCST90475206/GCST90475208/GCST90479924/GCST90013882/GCST90013932/GCST90479694/GCST90480682/GCST90475720/GCST90475721/GCST90475489/GCST90479546/GCST90435755/GCST90479547/GCST90475719/GCST90475205/GCST90475205/GCST90475205,0.960008084774017/0.958115100860596/0.957084059715271/0.956891775131226/0.956121325492859/0.955043435096741/0.954733669757843/0.95369154214859/0.95369154214859/0.953304290771484/0.953304290771484/0.938628256320953/0.938628256320953/0.93690550327301/0.934508264064789/0.934423446655273/0.892006576061249/0.890858590602875/0.879169762134552/0.842120230197906/0.77048534154892/0.719626307487488/0.652862370014191,NA,NA,NA,0.8908586,0.6528624,0.9536915,0.9533043,0.9533043,0.9345083,0.9369055,0.9561213,0.9547337,0.9581151,0.9600081,0.9570841,0.9568918,0.9386283,0.8920066,0.9536915,NA,0.9386283,0.9550434,0.9344234,0.8791698,NA,0.8421202,NA,NA,NA,NA,20,CELSR2,1952,GWAS,1,63,16
0.564029431957837,ENSG00000198670,LPA,protein_coding,0.921309776785255,NA,NA,GCST90475205/GCST90475489/GCST90475721/GCST90476371/GCST90475205/GCST90475208/GCST90475208/GCST90435755/GCST90013932/GCST90013882/GCST90013932/GCST90013882/GCST90435755/GCST90475208/GCST90475205/GCST90475720/GCST90013932/GCST90013882/GCST90435755/GCST90479924/GCST90475489/GCST90476371/GCST90479572/GCST90475242/GCST90479546/GCST90480682/GCST90479547/GCST90475721/GCST90479694/GCST90475208/GCST90475205/GCST90475204,0.958735764026642/0.951425790786743/0.915184617042542/0.905530214309692/0.877649486064911/0.862737417221069/0.862590074539185/0.862590074539185/0.862590074539185/0.85852587223053/0.85852587223053/0.85214227437973/0.840068876743317/0.791209578514099/0.791209578514099/0.784238219261169/0.738035082817078/0.730767607688904/0.706341922283173/0.690698146820068/0.690698146820068/0.690698146820068/0.690698146820068/0.690698146820068/0.690698146820068/0.690698146820068/0.690698146820068/0.690698146820068/0.690698146820068/0.657708764076233/0.657708764076233/0.63821667432785,NA,NA,NA,0.7063419,0.6577088,0.6577088,0.7307676,0.7380351,0.6906981,0.7842382,NA,NA,NA,0.6906981,0.6906981,0.6382167,0.6906981,0.6906981,0.6906981,NA,0.6906981,0.6906981,0.6906981,0.6906981,NA,NA,NA,NA,NA,NA,18,LPA,4018,GWAS,1,110,17
0.54027509761197,ENSG00000138075,ABCG5,protein_coding,0.687439054860771,NA,NA,GCST90435755,0.889727711677551,NA,NA,NA,0.8897277,NA,NA,NA,NA,NA,NA,NA,NA,NA,NA,NA,NA,NA,NA,NA,NA,NA,NA,NA,NA,NA,NA,NA,NA,NA,NA,1,ABCG5,64240,GWAS,1,136,21
0.538467510431049,ENSG00000175003,SLC22A1,protein_coding,0.885738167150812,NA,NA,GCST90013882/GCST90013932/GCST90475208/GCST90475205/GCST90077883/GCST90077884/GCST90079766/GCST90475208/GCST90435755/GCST90475205/GCST90479924,0.939789056777954/0.939789056777954/0.936959862709045/0.930763423442841/0.890923142433167/0.890923142433167/0.890923142433167/0.859651923179626/0.859651923179626/0.859651923179626/0.536329627037048,0.8909231,0.8909231,0.8909231,0.8596519,0.8596519,0.8596519,0.9397891,0.9397891,NA,NA,NA,NA,NA,NA,NA,NA,NA,NA,0.5363296,NA,NA,NA,NA,NA,NA,NA,NA,NA,NA,NA,6,SLC22A1,6580,GWAS,1,80,4
0.528820134922503,ENSG00000175445,LPL,protein_coding,0.860370090596874,NA,NA,GCST90077883/GCST90077884/GCST90475205/GCST90013882/GCST90013932/GCST90479547/GCST90479546/GCST90475205,0.818941950798035/0.804956495761871/0.793515205383301/0.79175215959549/0.79175215959549/0.782713174819946/0.768415629863739/0.659363210201263,0.818942,0.8049565,NA,NA,0.6593632,NA,0.7917522,0.7917522,NA,NA,NA,NA,NA,NA,NA,NA,NA,0.7684156,NA,NA,NA,NA,NA,0.7827132,NA,NA,NA,NA,NA,NA,7,LPL,4023,GWAS,1,274,28
0.526279053387424,ENSG00000145850,TIMD4,protein_coding,0.865689080821398,NA,NA,GCST90475208/GCST90475205/GCST90013882/GCST90013932/GCST90479547/GCST90479546,0.955439209938049/0.954533100128174/0.954152345657349/0.954152345657349/0.949106633663177/0.946965754032135,NA,NA,NA,NA,0.9545331,0.9554392,0.9541523,0.9541523,NA,NA,NA,NA,NA,NA,NA,NA,NA,0.9469658,NA,NA,NA,NA,NA,0.9491066,NA,NA,NA,NA,NA,NA,5,TIMD4,91937,GWAS,1,102,3
0.522190134520497,ENSG00000166035,LIPC,protein_coding,0.850505726025324,NA,NA,GCST90475208/GCST90013882/GCST90013932/GCST90475205/GCST90479546/GCST90013882/GCST90013932/GCST90475205/GCST90475208/GCST90479547,0.914689898490906/0.910313904285431/0.910313904285431/0.90896213054657/0.783864617347717/0.783864617347717/0.783864617347717/0.781766355037689/0.780996739864349/0.780996739864349,NA,NA,NA,NA,0.7817664,0.7809967,0.7838646,0.7838646,NA,NA,NA,NA,NA,NA,NA,NA,NA,0.7838646,NA,NA,NA,NA,NA,0.7809967,NA,NA,NA,NA,NA,NA,6,LIPC,3990,GWAS,1,167,33
0.514135873926364,ENSG00000154262,ABCA6,protein_coding,0.840851026296343,NA,NA,GCST90077884/GCST90013932/GCST90013882/GCST90077883/GCST90079766/GCST90475721/GCST90479924/GCST90475205/GCST90475208/GCST90013882,0.897192180156708/0.897192180156708/0.897192180156708/0.897192180156708/0.879355847835541/0.856239140033722/0.844358325004578/0.642991781234741/0.642991781234741/0.552715241909027,0.8971922,0.8971922,0.8793558,NA,0.6429918,0.6429918,0.5527152,0.8971922,0.8562391,NA,NA,NA,NA,NA,NA,NA,NA,NA,0.8443583,NA,NA,NA,NA,NA,NA,NA,NA,NA,NA,NA,6,ABCA6,23460,GWAS,1,16,0
0.509639142121254,ENSG00000261701,HPR,protein_coding,0.838317690308624,NA,NA,GCST90479546/GCST90475208/GCST90475205/GCST90475721/GCST90475205/GCST90013932/GCST90013882/GCST90435755,0.910347104072571/0.908584177494049/0.88551253080368/0.819601058959961/0.789280533790588/0.719015598297119/0.719015598297119/0.694117665290833,NA,NA,NA,0.6941177,0.7892805,0.9085842,0.7190156,0.7190156,0.8196011,NA,NA,NA,NA,NA,NA,NA,NA,0.9103471,NA,NA,NA,NA,NA,NA,NA,NA,NA,NA,NA,NA,7,HPR,3250,GWAS,1,85,12
0.505951851189464,ENSG00000141505,ASGR1,protein_coding,0.824220931425312,NA,NA,GCST90475205/GCST90475208,0.954531371593475/0.952792823314667,NA,NA,NA,NA,0.9545314,0.9527928,NA,NA,NA,NA,NA,NA,NA,NA,NA,NA,NA,NA,NA,NA,NA,NA,NA,NA,NA,NA,NA,NA,NA,NA,2,ASGR1,432,GWAS,1,68,8
0.500195243297889,ENSG00000132855,ANGPTL3,protein_coding,0.528188402292024,NA,NA,GCST90475242/GCST90479546,0.612970232963562/0.516870200634003,NA,NA,NA,NA,NA,NA,NA,NA,NA,NA,NA,NA,NA,NA,NA,NA,NA,0.5168702,NA,NA,NA,0.6129702,NA,NA,NA,NA,NA,NA,NA,NA,2,ANGPTL3,27329,GWAS,1,75,27
0.497660287696285,ENSG00000165029,ABCA1,protein_coding,0.81117493842909,NA,NA,GCST90475208/GCST90013932/GCST90479547/GCST90013882/GCST90475205/GCST90479546,0.888899624347687/0.859651923179626/0.859651923179626/0.859651923179626/0.859651923179626/0.802325785160065,NA,NA,NA,NA,0.8596519,0.8888996,0.8596519,0.8596519,NA,NA,NA,NA,NA,NA,NA,NA,NA,0.8023258,NA,NA,NA,NA,NA,0.8596519,NA,NA,NA,NA,NA,NA,3,ABCA1,19,GWAS,1,227,25
0.497281916024127,ENSG00000173334,TRIB1,protein_coding,0.814571380964792,NA,NA,GCST90475205/GCST90479547/GCST90479546/GCST90479694/GCST90475202/GCST90475205/GCST90475208/GCST90435755/GCST90475721/GCST90013932/GCST90013882/GCST90479924/GCST90013932/GCST90013882/GCST90475206/GCST90475205/GCST90475208/GCST90475489/GCST90476371/GCST90475242/GCST90479572/GCST90480682/GCST90475208,0.924624443054199/0.707129001617432/0.696989417076111/0.688963890075684/0.678004741668701/0.662350535392761/0.662350535392761/0.662350535392761/0.662350535392761/0.662350535392761/0.662350535392761/0.647498965263367/0.635909736156464/0.635909736156464/0.633969128131866/0.631100594997406/0.631100594997406/0.625023066997528/0.625023066997528/0.608211696147919/0.608211696147919/0.590917348861694/0.516154170036316,NA,NA,NA,0.6623505,0.6311006,0.5161542,0.6359097,0.6359097,0.6623505,NA,0.6780047,0.6339691,NA,0.6250231,0.6082117,NA,0.5909173,0.6969894,0.647499,NA,0.6889639,0.6082117,0.6250231,0.707129,NA,NA,NA,NA,NA,NA,14,TRIB1,10221,GWAS,1,88,17
0.496789426289856,ENSG00000104447,TRPS1,protein_coding,0.817180883484754,NA,NA,GCST90475205/GCST90475208/GCST90479546/GCST90013882/GCST90479547/GCST90013932,0.907011151313782/0.898161292076111/0.891809284687042/0.884158909320831/0.884158909320831/0.8255814909935,NA,NA,NA,NA,0.9070112,0.8981613,0.8841589,0.8255815,NA,NA,NA,NA,NA,NA,NA,NA,NA,0.8918093,NA,NA,NA,NA,NA,0.8841589,NA,NA,NA,NA,NA,NA,5,TRPS1,7227,GWAS,1,48,1
0.495358417022636,ENSG00000135100,HNF1A,protein_coding,0.810226555194537,NA,NA,GCST90013882/GCST90013932/GCST90435755/GCST90479547/GCST90475208/GCST90479546,0.906112968921661/0.899359941482544/0.833484411239624/0.794179141521454/0.77971076965332/0.767466306686401,NA,NA,NA,0.8334844,NA,0.7797108,0.906113,0.8993599,NA,NA,NA,NA,NA,NA,NA,NA,NA,0.7674663,NA,NA,NA,NA,NA,0.7941791,NA,NA,NA,NA,NA,NA,6,HNF1A,6927,GWAS,1,171,11
0.490959457845055,ENSG00000091583,APOH,protein_coding,0.806041648895065,NA,NA,GCST90475208/GCST90475205/GCST90479547,0.974692344665527/0.973523557186127/0.970236659049988,NA,NA,NA,NA,0.9735236,0.9746923,NA,NA,NA,NA,NA,NA,NA,NA,NA,NA,NA,NA,NA,NA,NA,NA,NA,0.9702367,NA,NA,NA,NA,NA,NA,3,APOH,350,GWAS,1,180,17
0.489842057052855,ENSG00000105877,DNAH11,protein_coding,0.805752988625183,NA,NA,GCST90479547/GCST90013882/GCST90475205/GCST90475208/GCST90013932/GCST90479546,0.893600523471832/0.857519030570984/0.854367911815643/0.844055712223053/0.843432724475861/0.821934700012207,NA,NA,NA,NA,0.8543679,0.8440557,0.857519,0.8434327,NA,NA,NA,NA,NA,NA,NA,NA,NA,0.8219347,NA,NA,NA,NA,NA,0.8936005,NA,NA,NA,NA,NA,NA,6,DNAH11,8701,GWAS,1,85,0
0.489684881354307,ENSG00000148737,TCF7L2,protein_coding,0.80549444653591,NA,NA,GCST90475208/GCST90475205/GCST90479546/GCST90479547/GCST90013882/GCST90013932/GCST90475207,0.873066782951355/0.862990200519562/0.857156753540039/0.855202496051788/0.852667331695557/0.852667331695557/0.846398770809174,NA,NA,NA,NA,0.8629902,0.8730668,0.8526673,0.8526673,NA,NA,NA,NA,0.8463988,NA,NA,NA,NA,0.8571568,NA,NA,NA,NA,NA,0.8552025,NA,NA,NA,NA,NA,NA,6,TCF7L2,6934,GWAS,1,247,7
0.486078171047241,ENSG00000162402,USP24,protein_coding,0.799561681949487,NA,NA,GCST90475205/GCST90475205/GCST90475208/GCST90475205/GCST90475208/GCST90475205/GCST90475205/GCST90475208,0.878455817699432/0.845236957073212/0.845236957073212/0.809935033321381/0.753055453300476/0.564140379428864/0.5466148853302/0.522563397884369,NA,NA,NA,NA,0.5466149,0.5225634,NA,NA,NA,NA,NA,NA,NA,NA,NA,NA,NA,NA,NA,NA,NA,NA,NA,NA,NA,NA,NA,NA,NA,NA,7,USP24,23358,GWAS,1,49,1
0.481730395238757,ENSG00000110243,APOA5,protein_coding,0.790180508723539,NA,NA,GCST90475204/GCST90479694/GCST90479572/GCST90475203/GCST90480682/GCST90475489/GCST90476371/GCST90475208/GCST90475205/GCST90475242/GCST90435755/GCST90013882/GCST90013932,0.938825190067291/0.664326012134552/0.641037940979004/0.607207834720612/0.55267471075058/0.55267471075058/0.547075748443604/0.547075748443604/0.527663588523865/0.520536482334137/0.51807177066803/0.51807177066803/0.51807177066803,NA,NA,NA,0.5180718,0.5276636,0.5470757,0.5180718,0.5180718,NA,NA,NA,NA,NA,0.5470757,0.6410379,0.9388252,0.5526747,NA,NA,NA,0.664326,0.5205365,0.5526747,NA,NA,NA,NA,0.6072078,NA,NA,9,APOA5,116519,GWAS,1,146,34
0.480763762606999,ENSG00000122194,PLG,protein_coding,0.787150092458056,NA,NA,GCST90475205/GCST90475208/GCST90475489/GCST90013882/GCST90013932,0.796782732009888/0.782592415809631/0.767238795757294/0.606267750263214/0.573714256286621,NA,NA,NA,NA,0.7967827,0.7825924,0.6062678,0.5737143,NA,NA,NA,NA,NA,NA,NA,NA,NA,NA,NA,NA,NA,NA,0.7672388,NA,NA,NA,NA,NA,NA,NA,5,PLG,5340,GWAS,1,372,13
0.477232964962509,ENSG00000100344,PNPLA3,protein_coding,0.783492162590008,NA,NA,GCST90475208/GCST90479546/GCST90475205/GCST90479547,0.934160053730011/0.840830206871033/0.839187860488892/0.81879061460495,NA,NA,NA,NA,0.8391879,0.9341601,NA,NA,NA,NA,NA,NA,NA,NA,NA,NA,NA,0.8408302,NA,NA,NA,NA,NA,0.8187906,NA,NA,NA,NA,NA,NA,4,PNPLA3,80339,GWAS,1,105,13
0.476675107694444,ENSG00000109917,ZPR1,protein_coding,0.784094356737903,NA,NA,GCST90480682/GCST90475489/GCST90013882/GCST90475208/GCST90475205/GCST90435755/GCST90476371/GCST90013932/GCST90475242/GCST90013932/GCST90013882/GCST90475203,0.829232573509216/0.829232573509216/0.786962866783142/0.786962866783142/0.786962866783142/0.786962866783142/0.786962866783142/0.786962866783142/0.784880220890045/0.66968446969986/0.66968446969986/0.616478860378265,NA,NA,NA,0.7869629,0.7869629,0.7869629,0.6696845,0.6696845,NA,NA,NA,NA,NA,0.7869629,NA,NA,0.8292326,NA,NA,NA,NA,0.7848802,0.8292326,NA,NA,NA,NA,0.6164789,NA,NA,5,ZPR1,8882,GWAS,1,110,6
0.470461873095452,ENSG00000109758,HGFAC,protein_coding,0.773874057612735,NA,NA,GCST90475208/GCST90476371/GCST90013932,0.928062438964844/0.916900992393494/0.879471242427826,NA,NA,NA,NA,NA,0.9280624,NA,0.8794712,NA,NA,NA,NA,NA,0.916901,NA,NA,NA,NA,NA,NA,NA,NA,NA,NA,NA,NA,NA,NA,NA,NA,3,HGFAC,3083,GWAS,1,58,2
0.470409861739856,ENSG00000183087,GAS6,protein_coding,0.773788502882163,NA,NA,GCST90479547/GCST90479546/GCST90475208/GCST90475205,0.85197389125824/0.85197389125824/0.572237253189087/0.540977716445923,NA,NA,NA,NA,0.5409777,0.5722373,NA,NA,NA,NA,NA,NA,NA,NA,NA,NA,NA,0.8519739,NA,NA,NA,NA,NA,0.8519739,NA,NA,NA,NA,NA,NA,3,GAS6,2621,GWAS,1,95,2
0.464596974806888,ENSG00000139597,N4BP2L1,protein_coding,0.764226745267967,NA,NA,GCST90479547/GCST90475205/GCST90479546/GCST90435755,0.895498931407928/0.877199232578278/0.833436489105225/0.745062410831451,NA,NA,NA,0.7450624,0.8771992,NA,NA,NA,NA,NA,NA,NA,NA,NA,NA,NA,NA,0.8334365,NA,NA,NA,NA,NA,0.8954989,NA,NA,NA,NA,NA,NA,4,N4BP2L1,90634,GWAS,1,43,0
0.463052442431481,ENSG00000134222,PSRC1,protein_coding,0.761686106791555,NA,NA,GCST90475208/GCST90475205/GCST90475202/GCST90475204/GCST90475206/GCST90475242/GCST90480682/GCST90475208/GCST90013882/GCST90013932/GCST90479924/GCST90475721/GCST90435755/GCST90475720/GCST90475719/GCST90475207/GCST90475489/GCST90476371/GCST90479572/GCST90479694/GCST90479546/GCST90479547,0.817856669425964/0.799009382724762/0.687926173210144/0.687926173210144/0.687690913677216/0.677724480628967/0.667099058628082/0.665917932987213/0.642323076725006/0.642323076725006/0.642323076725006/0.628204643726349/0.624030351638794/0.620802342891693/0.618523001670837/0.589461624622345/0.576445996761322/0.559454083442688/0.558296203613281/0.546368837356567/0.540942966938019/0.540942966938019,NA,NA,NA,0.6240304,0.7990094,0.6659179,0.6423231,0.6423231,0.6282046,0.6208023,0.6879262,0.6876909,0.5894616,0.5594541,0.5582962,0.6879262,0.6670991,0.540943,0.6423231,NA,0.5463688,0.6777245,0.576446,0.540943,NA,0.618523,NA,NA,NA,NA,18,PSRC1,84722,GWAS,1,81,14
0.461907453226825,ENSG00000110080,ST3GAL4,protein_coding,0.759802686492479,NA,NA,GCST90475205/GCST90479547/GCST90479546/GCST90475205/GCST90475208,0.860224485397339/0.847971081733704/0.840156495571136/0.826739132404327/0.814463794231415,NA,NA,NA,NA,0.8267391,0.8144638,NA,NA,NA,NA,NA,NA,NA,NA,NA,NA,NA,0.8401565,NA,NA,NA,NA,NA,0.8479711,NA,NA,NA,NA,NA,NA,5,ST3GAL4,6484,GWAS,1,82,4
0.460968198938364,ENSG00000137656,BUD13,protein_coding,0.757345788312034,NA,NA,GCST90475206/GCST90475202/GCST90479547/GCST90479546,0.832155108451843/0.832155108451843/0.832155108451843/0.832155108451843,NA,NA,NA,NA,NA,NA,NA,NA,NA,NA,0.8321551,0.8321551,NA,NA,NA,NA,NA,0.8321551,NA,NA,NA,NA,NA,0.8321551,NA,NA,NA,NA,NA,NA,1,BUD13,84811,GWAS,1,172,8
0.459487887854851,ENSG00000087237,CETP,protein_coding,0.519002976091118,NA,NA,GCST90475205,0.853720486164093,NA,NA,NA,NA,0.8537205,NA,NA,NA,NA,NA,NA,NA,NA,NA,NA,NA,NA,NA,NA,NA,NA,NA,NA,NA,NA,NA,NA,NA,NA,NA,1,CETP,1071,GWAS,1,113,31
0.457957734094963,ENSG00000149485,FADS1,protein_coding,0.751557897391857,NA,NA,GCST90475205/GCST90475208/GCST90475721/GCST90479924,0.887353122234344/0.803930342197418/0.718498885631561/0.668089091777802,NA,NA,NA,NA,0.8873531,0.8039303,NA,NA,0.7184989,NA,NA,NA,NA,NA,NA,NA,NA,NA,0.6680891,NA,NA,NA,NA,NA,NA,NA,NA,NA,NA,NA,4,FADS1,3992,GWAS,1,59,1
0.455766571047438,ENSG00000213996,TM6SF2,protein_coding,0.749701401603619,NA,NA,GCST90475205/GCST90475208/GCST90475721/GCST90479547/GCST90475202/GCST90013932/GCST90013882/GCST90475206/GCST90013932/GCST90013882/GCST90475208/GCST90475205/GCST90435755,0.787875056266785/0.787875056266785/0.751706182956696/0.751706182956696/0.751706182956696/0.751706182956696/0.751706182956696/0.746672451496124/0.731845021247864/0.731845021247864/0.536901414394379/0.536901414394379/0.526842057704926,NA,NA,NA,0.5268421,0.5369014,0.5369014,0.731845,0.731845,0.7517062,NA,0.7517062,0.7466725,NA,NA,NA,NA,NA,NA,NA,NA,NA,NA,NA,0.7517062,NA,NA,NA,NA,NA,NA,6,TM6SF2,53345,GWAS,1,35,9
0.454514223422741,ENSG00000197081,IGF2R,protein_coding,0.747641384855631,NA,NA,GCST90475208/GCST90479547/GCST90479546/GCST90475205,0.916869699954987/0.752053380012512/0.707764267921448/0.638218522071838,NA,NA,NA,NA,0.6382185,0.9168697,NA,NA,NA,NA,NA,NA,NA,NA,NA,NA,NA,0.7077643,NA,NA,NA,NA,NA,0.7520534,NA,NA,NA,NA,NA,NA,4,IGF2R,3482,GWAS,1,277,9
0.452310456114962,ENSG00000112339,HBS1L,protein_coding,0.744016354973222,NA,NA,GCST90013882/GCST90013932/GCST90475208/GCST90475205/GCST90479546/GCST90479547,0.820984601974487/0.820984601974487/0.819422245025635/0.819422245025635/0.819422245025635/0.812950551509857,NA,NA,NA,NA,0.8194222,0.8194222,0.8209846,0.8209846,NA,NA,NA,NA,NA,NA,NA,NA,NA,0.8194222,NA,NA,NA,NA,NA,0.8129506,NA,NA,NA,NA,NA,NA,3,HBS1L,10767,GWAS,1,198,2
0.451124380013184,ENSG00000140718,FTO,protein_coding,0.736754398852434,NA,NA,GCST90296604/GCST90475205/GCST90475208/GCST90479547/GCST90479546,0.84169739484787/0.835882365703583/0.795634508132935/0.734434366226196/0.673276841640472,NA,NA,NA,NA,0.8358824,0.7956345,NA,NA,NA,NA,NA,NA,NA,NA,NA,NA,NA,0.6732768,NA,NA,NA,NA,NA,0.7344344,NA,NA,NA,NA,0.8416974,NA,5,FTO,79068,GWAS,1,177,11
0.449689165528901,ENSG00000125629,INSIG2,protein_coding,0.737500781860534,NA,NA,GCST90475205/GCST90475208/GCST90479547/GCST90479546,0.891159176826477/0.874147772789001/0.575553417205811/0.575553417205811,NA,NA,NA,NA,0.8911592,0.8741478,NA,NA,NA,NA,NA,NA,NA,NA,NA,NA,NA,0.5755534,NA,NA,NA,NA,NA,0.5755534,NA,NA,NA,NA,NA,NA,3,INSIG2,51141,GWAS,1,70,8
0.446249287000148,ENSG00000173068,BNC2,protein_coding,0.734046192022724,NA,NA,GCST90479547/GCST90475205/GCST90475208,0.891329169273376/0.887179255485535/0.848936378955841,NA,NA,NA,NA,0.8871793,0.8489364,NA,NA,NA,NA,NA,NA,NA,NA,NA,NA,NA,NA,NA,NA,NA,NA,NA,0.8913292,NA,NA,NA,NA,NA,NA,3,BNC2,54796,GWAS,1,35,1
0.442262223340601,ENSG00000132170,PPARG,protein_coding,0.588976887047664,NA,NA,GCST90479547/GCST90475205,0.770781397819519/0.558230042457581,NA,NA,NA,NA,0.55823,NA,NA,NA,NA,NA,NA,NA,NA,NA,NA,NA,NA,NA,NA,NA,NA,NA,NA,0.7707814,NA,NA,NA,NA,NA,NA,2,PPARG,5468,GWAS,1,500,25
0.439810021520052,ENSG00000007944,MYLIP,protein_coding,0.714317099072246,NA,NA,GCST90013882/GCST90013932/GCST90475205,0.867083132266998/0.855467736721039/0.846425890922546,NA,NA,NA,NA,0.8464259,NA,0.8670831,0.8554677,NA,NA,NA,NA,NA,NA,NA,NA,NA,NA,NA,NA,NA,NA,NA,NA,NA,NA,NA,NA,NA,NA,3,MYLIP,29116,GWAS,1,64,10
0.438007200562961,ENSG00000130208,APOC1,protein_coding,0.718534932514748,NA,NA,GCST90475208,0.906284272670746,NA,NA,NA,NA,NA,0.9062843,NA,NA,NA,NA,NA,NA,NA,NA,NA,NA,NA,NA,NA,NA,NA,NA,NA,NA,NA,NA,NA,NA,NA,NA,1,APOC1,341,GWAS,1,104,21
0.436423251670589,ENSG00000167772,ANGPTL4,protein_coding,0.716105756792256,NA,NA,GCST90013882/GCST90013932,0.942734062671661/0.940822124481201,NA,NA,NA,NA,NA,NA,0.9427341,0.9408221,NA,NA,NA,NA,NA,NA,NA,NA,NA,NA,NA,NA,NA,NA,NA,NA,NA,NA,NA,NA,NA,NA,2,ANGPTL4,51129,GWAS,1,162,13
0.43622251577705,ENSG00000171132,PRKCE,protein_coding,0.71664101852815,NA,NA,GCST90475205/GCST90475208,0.943056046962738/0.943056046962738,NA,NA,NA,NA,0.943056,0.943056,NA,NA,NA,NA,NA,NA,NA,NA,NA,NA,NA,NA,NA,NA,NA,NA,NA,NA,NA,NA,NA,NA,NA,NA,1,PRKCE,5581,GWAS,1,142,4
0.432032395644982,ENSG00000197888,UGT2B17,protein_coding,0.710660485276135,NA,NA,GCST90479546/GCST90435755/GCST90013882/GCST90013932,0.827136933803558/0.730612635612488/0.726737797260284/0.722752094268799,NA,NA,NA,0.7306126,NA,NA,0.7267378,0.7227521,NA,NA,NA,NA,NA,NA,NA,NA,NA,0.8271369,NA,NA,NA,NA,NA,NA,NA,NA,NA,NA,NA,NA,4,UGT2B17,7367,GWAS,1,105,2
0.431064471929695,ENSG00000124181,PLCG1,protein_coding,0.709068324261938,NA,NA,GCST90475208/GCST90013932/GCST90013882/GCST90435755,0.871844589710236/0.61215478181839/0.61215478181839/0.518107533454895,NA,NA,NA,0.5181075,NA,0.8718446,0.6121548,0.6121548,NA,NA,NA,NA,NA,NA,NA,NA,NA,NA,NA,NA,NA,NA,NA,NA,NA,NA,NA,NA,NA,NA,3,PLCG1,5335,GWAS,1,494,3
0.426457070536095,ENSG00000154127,UBASH3B,protein_coding,0.701489498823745,NA,NA,GCST90475208/GCST90479547/GCST90475205,0.851710379123688/0.84008663892746/0.829484283924103,NA,NA,NA,NA,0.8294843,0.8517104,NA,NA,NA,NA,NA,NA,NA,NA,NA,NA,NA,NA,NA,NA,NA,NA,NA,0.8400866,NA,NA,NA,NA,NA,NA,3,UBASH3B,84959,GWAS,1,69,0
0.426029752811003,ENSG00000154265,ABCA5,protein_coding,0.700786593613528,NA,NA,GCST90479547/GCST90479546/GCST90475205,0.840281963348389/0.837269484996796/0.793481051921844,NA,NA,NA,NA,0.7934811,NA,NA,NA,NA,NA,NA,NA,NA,NA,NA,NA,NA,0.8372695,NA,NA,NA,NA,NA,0.840282,NA,NA,NA,NA,NA,NA,3,ABCA5,23461,GWAS,1,8,0
0.423615387239122,ENSG00000204103,MAFB,protein_coding,0.696207214780439,NA,NA,GCST90475205/GCST90475205/GCST90475205/GCST90475208/GCST90475208/GCST90475205,0.816584587097168/0.674110352993011/0.553572475910187/0.538105547428131/0.517718613147736/0.517718613147736,NA,NA,NA,NA,0.5177186,0.5177186,NA,NA,NA,NA,NA,NA,NA,NA,NA,NA,NA,NA,NA,NA,NA,NA,NA,NA,NA,NA,NA,NA,NA,NA,5,MAFB,9935,GWAS,1,180,0
0.416834565037433,ENSG00000267508,ZNF285,protein_coding,0.685661207945135,NA,NA,GCST90479547/GCST90479546/GCST90013932/GCST90013882,0.792253315448761/0.792253315448761/0.792253315448761/0.792253315448761,NA,NA,NA,NA,NA,NA,0.7922533,0.7922533,NA,NA,NA,NA,NA,NA,NA,NA,NA,0.7922533,NA,NA,NA,NA,NA,0.7922533,NA,NA,NA,NA,NA,NA,1,ZNF285,26974,GWAS,1,15,0
0.415113582660943,ENSG00000009950,MLXIPL,protein_coding,0.682222391817727,NA,NA,GCST90013932/GCST90013882,0.874074459075928/0.874074459075928,NA,NA,NA,NA,NA,NA,0.8740745,0.8740745,NA,NA,NA,NA,NA,NA,NA,NA,NA,NA,NA,NA,NA,NA,NA,NA,NA,NA,NA,NA,NA,NA,1,MLXIPL,51085,GWAS,1,155,21
0.414732602340777,ENSG00000175920,DOK7,protein_coding,0.682203638917682,NA,NA,GCST90475205/GCST90479546,0.859651923179626/0.859651923179626,NA,NA,NA,NA,0.8596519,NA,NA,NA,NA,NA,NA,NA,NA,NA,NA,NA,NA,0.8596519,NA,NA,NA,NA,NA,NA,NA,NA,NA,NA,NA,NA,1,DOK7,285489,GWAS,1,37,0
0.413050334918731,ENSG00000198900,TOP1,protein_coding,0.6794364367482,NA,NA,GCST90296604/GCST90435755,0.8144890666008/0.794949293136597,NA,NA,NA,0.7949493,NA,NA,NA,NA,NA,NA,NA,NA,NA,NA,NA,NA,NA,NA,NA,NA,NA,NA,NA,NA,NA,NA,NA,NA,0.8144891,NA,2,TOP1,7150,GWAS,1,309,3
0.411462351570899,ENSG00000266265,KLF14,protein_coding,0.675996863358101,NA,NA,GCST90479547/GCST90475208/GCST90475205,0.794596552848816/0.788452923297882/0.781158566474915,NA,NA,NA,NA,0.7811586,0.7884529,NA,NA,NA,NA,NA,NA,NA,NA,NA,NA,NA,NA,NA,NA,NA,NA,NA,0.7945966,NA,NA,NA,NA,NA,NA,3,KLF14,136259,GWAS,1,36,3
0.402192552806713,ENSG00000084734,GCKR,protein_coding,0.657937068336635,NA,NA,GCST90013882/GCST90479547/GCST90013932/GCST90475205/GCST90475208/GCST90479572/GCST90479546/GCST90475242,0.705193996429443/0.705193996429443/0.705193996429443/0.705193996429443/0.666431844234467/0.625199139118195/0.625199139118195/0.619578003883362,NA,NA,NA,NA,0.705194,0.6664318,0.705194,0.705194,NA,NA,NA,NA,NA,NA,0.6251991,NA,NA,0.6251991,NA,NA,NA,0.619578,NA,0.705194,NA,NA,NA,NA,NA,NA,4,GCKR,2646,GWAS,1,91,10
0.399948146782225,ENSG00000172009,THOP1,protein_coding,0.657884332153432,NA,NA,GCST90475208/GCST90475205,0.878926038742065/0.81297492980957,NA,NA,NA,NA,0.8129749,0.878926,NA,NA,NA,NA,NA,NA,NA,NA,NA,NA,NA,NA,NA,NA,NA,NA,NA,NA,NA,NA,NA,NA,NA,NA,2,THOP1,7064,GWAS,1,57,2
0.396547745290179,ENSG00000140455,USP3,protein_coding,0.65229092990205,NA,NA,GCST90475208/GCST90475205,0.860639691352844/0.84931743144989,NA,NA,NA,NA,0.8493174,0.8606397,NA,NA,NA,NA,NA,NA,NA,NA,NA,NA,NA,NA,NA,NA,NA,NA,NA,NA,NA,NA,NA,NA,NA,NA,2,USP3,9960,GWAS,1,120,0
0.395064064400115,ENSG00000137154,RPS6,protein_coding,0.649850387498386,NA,NA,GCST90475208/GCST90475205,0.855163633823395/0.855163633823395,NA,NA,NA,NA,0.8551636,0.8551636,NA,NA,NA,NA,NA,NA,NA,NA,NA,NA,NA,NA,NA,NA,NA,NA,NA,NA,NA,NA,NA,NA,NA,NA,1,RPS6,6194,GWAS,1,500,5
0.394064678164303,ENSG00000174579,MSL2,protein_coding,0.648206473026972,NA,NA,GCST90475208/GCST90475205/GCST90479547,0.77910441160202/0.778048455715179/0.650271952152252,NA,NA,NA,NA,0.7780485,0.7791044,NA,NA,NA,NA,NA,NA,NA,NA,NA,NA,NA,NA,NA,NA,NA,NA,NA,0.650272,NA,NA,NA,NA,NA,NA,3,MSL2,55167,GWAS,1,75,0
0.391603837320667,ENSG00000110245,APOC3,protein_coding,0.587899752220122,NA,NA,GCST90077883,0.937101483345032,0.9371015,NA,NA,NA,NA,NA,NA,NA,NA,NA,NA,NA,NA,NA,NA,NA,NA,NA,NA,NA,NA,NA,NA,NA,NA,NA,NA,NA,NA,NA,1,APOC3,345,GWAS,1,201,35
0.390945766140745,ENSG00000087128,TMPRSS11E,protein_coding,0.643076099576883,NA,NA,GCST90475205/GCST90475208/GCST90475208,0.796912312507629/0.713664352893829/0.596932709217072,NA,NA,NA,NA,0.7969123,0.5969327,NA,NA,NA,NA,NA,NA,NA,NA,NA,NA,NA,NA,NA,NA,NA,NA,NA,NA,NA,NA,NA,NA,NA,NA,3,TMPRSS11E,28983,GWAS,1,7,0
0.390392416885887,ENSG00000073060,SCARB1,protein_coding,0.631426617747176,NA,NA,GCST90475208/GCST90475205/GCST90435755/GCST90479546/GCST90013932/GCST90013882/GCST90479547/GCST90475205,0.693368017673492/0.691725611686707/0.612242698669434/0.603637397289276/0.59248012304306/0.59248012304306/0.59248012304306/0.587822914123535,NA,NA,NA,0.6122427,0.5878229,0.693368,0.5924801,0.5924801,NA,NA,NA,NA,NA,NA,NA,NA,NA,0.6036374,NA,NA,NA,NA,NA,0.5924801,NA,NA,NA,NA,NA,NA,6,SCARB1,949,GWAS,1,499,28
0.38616669069492,ENSG00000175164,ABO,protein_coding,0.634151004462703,NA,NA,GCST90079766/GCST90077883/GCST90435755,0.708011388778687/0.70517110824585/0.549951493740082,0.7051711,NA,0.7080114,0.5499515,NA,NA,NA,NA,NA,NA,NA,NA,NA,NA,NA,NA,NA,NA,NA,NA,NA,NA,NA,NA,NA,NA,NA,NA,NA,NA,3,ABO,28,GWAS,1,9,1
0.384434351116869,ENSG00000176920,FUT2,protein_coding,0.632365316294547,NA,NA,GCST90475205/GCST90077883/GCST90475208/GCST90079766/GCST90077884/GCST90479547/GCST90013882/GCST90013932,0.718145668506622/0.608046770095825/0.608046770095825/0.604065954685211/0.604065954685211/0.603624820709229/0.603624820709229/0.599628746509552,0.6080468,0.604066,0.604066,NA,0.7181457,0.6080468,0.6036248,0.5996287,NA,NA,NA,NA,NA,NA,NA,NA,NA,NA,NA,NA,NA,NA,NA,0.6036248,NA,NA,NA,NA,NA,NA,5,FUT2,2524,GWAS,1,87,2
0.384028646509684,ENSG00000182853,VMO1,protein_coding,0.631697963022137,NA,NA,GCST90479547,0.9347243309021,NA,NA,NA,NA,NA,NA,NA,NA,NA,NA,NA,NA,NA,NA,NA,NA,NA,NA,NA,NA,NA,NA,NA,0.9347243,NA,NA,NA,NA,NA,NA,1,VMO1,284013,GWAS,1,6,0
0.383669484669376,ENSG00000073734,ABCB11,protein_coding,0.624466369451526,NA,NA,GCST90479547/GCST90475205,0.822809100151062/0.817562639713287,NA,NA,NA,NA,0.8175626,NA,NA,NA,NA,NA,NA,NA,NA,NA,NA,NA,NA,NA,NA,NA,NA,NA,NA,0.8228091,NA,NA,NA,NA,NA,NA,2,ABCB11,8647,GWAS,1,138,9
0.383576771004096,ENSG00000116641,DOCK7,protein_coding,0.630954662127753,NA,NA,GCST90475202/GCST90475242,0.780491948127747/0.575984537601471,NA,NA,NA,NA,NA,NA,NA,NA,NA,NA,0.7804919,NA,NA,NA,NA,NA,NA,NA,NA,NA,NA,0.5759845,NA,NA,NA,NA,NA,NA,NA,NA,2,DOCK7,85440,GWAS,1,55,2
0.382511843975553,ENSG00000184185,KCNJ12,protein_coding,0.629202938029012,NA,NA,GCST90475205/GCST90475208,0.828841626644135/0.824597716331482,NA,NA,NA,NA,0.8288416,0.8245977,NA,NA,NA,NA,NA,NA,NA,NA,NA,NA,NA,NA,NA,NA,NA,NA,NA,NA,NA,NA,NA,NA,NA,NA,2,KCNJ12,3768,GWAS,1,96,0
0.382401392194316,ENSG00000114030,KPNA1,protein_coding,0.629021253235824,NA,NA,GCST90475208/GCST90475205,0.828107595443726/0.826338410377502,NA,NA,NA,NA,0.8263384,0.8281076,NA,NA,NA,NA,NA,NA,NA,NA,NA,NA,NA,NA,NA,NA,NA,NA,NA,NA,NA,NA,NA,NA,NA,NA,2,KPNA1,3836,GWAS,1,184,0
0.380179750659772,ENSG00000143001,TMEM61,protein_coding,0.625366821607631,NA,NA,GCST90475208/GCST90475205,0.828207314014435/0.80189448595047,NA,NA,NA,NA,0.8018945,0.8282073,NA,NA,NA,NA,NA,NA,NA,NA,NA,NA,NA,NA,NA,NA,NA,NA,NA,NA,NA,NA,NA,NA,NA,NA,2,TMEM61,199964,GWAS,1,15,0
0.37940196459232,ENSG00000174306,ZHX3,protein_coding,0.624087422586382,NA,NA,GCST90479547/GCST90475205,0.801794350147247/0.750884532928467,NA,NA,NA,NA,0.7508845,NA,NA,NA,NA,NA,NA,NA,NA,NA,NA,NA,NA,NA,NA,NA,NA,NA,NA,0.8017944,NA,NA,NA,NA,NA,NA,2,ZHX3,23051,GWAS,1,20,1
0.377399395052105,ENSG00000198265,HELZ,protein_coding,0.620793347754045,NA,NA,GCST90479547/GCST90475205/GCST90475208/GCST90479546,0.752025663852692/0.647166311740875/0.641136348247528/0.577652871608734,NA,NA,NA,NA,0.6471663,0.6411363,NA,NA,NA,NA,NA,NA,NA,NA,NA,NA,NA,0.5776529,NA,NA,NA,NA,NA,0.7520257,NA,NA,NA,NA,NA,NA,4,HELZ,9931,GWAS,1,62,0
0.375734316935569,ENSG00000218819,TDRD15,protein_coding,0.618054420686889,NA,NA,GCST90475720/GCST90475205,0.713851690292358/0.684349238872528,NA,NA,NA,NA,0.6843492,NA,NA,NA,NA,0.7138517,NA,NA,NA,NA,NA,NA,NA,NA,NA,NA,NA,NA,NA,NA,NA,NA,NA,NA,NA,NA,2,TDRD15,100129278,GWAS,1,21,0
0.37432869230634,ENSG00000141279,NPEPPS,protein_coding,0.613095242890645,NA,NA,GCST90013882/GCST90013932,0.699744343757629/0.699744343757629,NA,NA,NA,NA,NA,NA,0.6997443,0.6997443,NA,NA,NA,NA,NA,NA,NA,NA,NA,NA,NA,NA,NA,NA,NA,NA,NA,NA,NA,NA,NA,NA,1,NPEPPS,9520,GWAS,1,53,2
0.370733243114672,ENSG00000109323,MANBA,protein_coding,0.609828033998561,NA,NA,GCST90479694/GCST90476898,0.811646401882172/0.765897631645203,NA,NA,NA,NA,NA,NA,NA,NA,NA,NA,NA,NA,NA,NA,NA,NA,NA,NA,NA,0.7658976,0.8116464,NA,NA,NA,NA,NA,NA,NA,NA,NA,2,MANBA,4126,GWAS,1,61,0
0.36958044135381,ENSG00000167910,CYP7A1,protein_coding,0.596685709539321,NA,NA,GCST90479547/GCST90479546,0.715239703655243/0.700084865093231,NA,NA,NA,NA,NA,NA,NA,NA,NA,NA,NA,NA,NA,NA,NA,NA,NA,0.7000849,NA,NA,NA,NA,NA,0.7152397,NA,NA,NA,NA,NA,NA,2,CYP7A1,1581,GWAS,1,238,21
0.368812103725164,ENSG00000215114,UBXN2B,protein_coding,0.605148078586864,NA,NA,GCST90435755,0.86358255147934,NA,NA,NA,0.8635826,NA,NA,NA,NA,NA,NA,NA,NA,NA,NA,NA,NA,NA,NA,NA,NA,NA,NA,NA,NA,NA,NA,NA,NA,NA,NA,1,UBXN2B,137886,GWAS,1,51,0
0.360571701269592,ENSG00000164330,EBF1,protein_coding,0.593113069260796,NA,NA,GCST90475205/GCST90296604,0.806377351284027/0.676994442939758,NA,NA,NA,NA,0.8063774,NA,NA,NA,NA,NA,NA,NA,NA,NA,NA,NA,NA,NA,NA,NA,NA,NA,NA,NA,NA,NA,NA,NA,0.6769944,NA,2,EBF1,1879,GWAS,1,181,2
0.357013706629767,ENSG00000160447,PKN3,protein_coding,0.587260438247853,NA,NA,GCST90475205,0.965998828411102,NA,NA,NA,NA,0.9659988,NA,NA,NA,NA,NA,NA,NA,NA,NA,NA,NA,NA,NA,NA,NA,NA,NA,NA,NA,NA,NA,NA,NA,NA,NA,1,PKN3,29941,GWAS,1,70,0
0.350899698549963,ENSG00000114054,PCCB,protein_coding,0.577203359212172,NA,NA,GCST90479546/GCST90475208/GCST90435755,0.681585907936096/0.58421003818512/0.546523749828339,NA,NA,NA,0.5465237,NA,0.58421,NA,NA,NA,NA,NA,NA,NA,NA,NA,NA,NA,0.6815859,NA,NA,NA,NA,NA,NA,NA,NA,NA,NA,NA,NA,3,PCCB,5096,GWAS,1,198,0
0.348765421842424,ENSG00000169047,IRS1,protein_coding,0.573692636090522,NA,NA,GCST90296604,0.75626015663147,NA,NA,NA,NA,NA,NA,NA,NA,NA,NA,NA,NA,NA,NA,NA,NA,NA,NA,NA,NA,NA,NA,NA,NA,NA,NA,NA,NA,0.7562602,NA,1,IRS1,3667,GWAS,1,422,13
0.347866198345425,ENSG00000140829,DHX38,protein_coding,0.572213481718788,NA,NA,GCST90475489/GCST90475205,0.751855731010437/0.586252748966217,NA,NA,NA,NA,0.5862527,NA,NA,NA,NA,NA,NA,NA,NA,NA,NA,NA,NA,NA,NA,NA,NA,NA,0.7518557,NA,NA,NA,NA,NA,NA,NA,2,DHX38,9785,GWAS,1,250,2
0.347187220945957,ENSG00000183166,CALN1,protein_coding,0.571096615453523,NA,NA,GCST90475208,0.850757539272308,NA,NA,NA,NA,NA,0.8507575,NA,NA,NA,NA,NA,NA,NA,NA,NA,NA,NA,NA,NA,NA,NA,NA,NA,NA,NA,NA,NA,NA,NA,NA,1,CALN1,83698,GWAS,1,16,0
0.336330384499162,ENSG00000127616,SMARCA4,protein_coding,0.5526300130942,NA,NA,GCST90475207,0.845542430877686,NA,NA,NA,NA,NA,NA,NA,NA,NA,NA,NA,NA,0.8455424,NA,NA,NA,NA,NA,NA,NA,NA,NA,NA,NA,NA,NA,NA,NA,NA,NA,1,SMARCA4,6597,GWAS,1,500,8
0.336113147693327,ENSG00000101670,LIPG,protein_coding,0.55144521368065,NA,NA,GCST90475205,0.799467086791992,NA,NA,NA,NA,0.7994671,NA,NA,NA,NA,NA,NA,NA,NA,NA,NA,NA,NA,NA,NA,NA,NA,NA,NA,NA,NA,NA,NA,NA,NA,NA,1,LIPG,9388,GWAS,1,93,17
0.33495433233841,ENSG00000163710,PCOLCE2,protein_coding,0.550974442575283,NA,NA,GCST90475208,0.852154910564423,NA,NA,NA,NA,NA,0.8521549,NA,NA,NA,NA,NA,NA,NA,NA,NA,NA,NA,NA,NA,NA,NA,NA,NA,NA,NA,NA,NA,NA,NA,NA,1,PCOLCE2,26577,GWAS,1,30,2
0.331583781079076,ENSG00000179399,GPC5,protein_coding,0.54543014169009,NA,NA,GCST90296604/GCST90296604,0.717752933502197/0.717752933502197,NA,NA,NA,NA,NA,NA,NA,NA,NA,NA,NA,NA,NA,NA,NA,NA,NA,NA,NA,NA,NA,NA,NA,NA,NA,NA,NA,NA,0.7177529,NA,1,GPC5,2262,GWAS,1,88,4
0.33125444689698,ENSG00000139618,BRCA2,protein_coding,0.542988628225373,NA,NA,GCST90475208,0.829680800437927,NA,NA,NA,NA,NA,0.8296808,NA,NA,NA,NA,NA,NA,NA,NA,NA,NA,NA,NA,NA,NA,NA,NA,NA,NA,NA,NA,NA,NA,NA,NA,1,BRCA2,675,GWAS,1,500,2
0.330732559997175,ENSG00000065308,TRAM2,protein_coding,0.54402994764622,NA,NA,GCST90013882/GCST90013932,0.722165703773499/0.690889000892639,NA,NA,NA,NA,NA,NA,0.7221657,0.690889,NA,NA,NA,NA,NA,NA,NA,NA,NA,NA,NA,NA,NA,NA,NA,NA,NA,NA,NA,NA,NA,NA,2,TRAM2,9697,GWAS,1,23,0
0.329939979250666,ENSG00000215262,KCNU1,protein_coding,0.542726212501327,NA,NA,GCST90296604,0.892743408679962,NA,NA,NA,NA,NA,NA,NA,NA,NA,NA,NA,NA,NA,NA,NA,NA,NA,NA,NA,NA,NA,NA,NA,NA,NA,NA,NA,NA,0.8927434,NA,1,KCNU1,157855,GWAS,1,41,0
0.329603799626922,ENSG00000152684,PELO,protein_coding,0.54217322254743,NA,NA,GCST90475205,0.891833782196045,NA,NA,NA,NA,0.8918338,NA,NA,NA,NA,NA,NA,NA,NA,NA,NA,NA,NA,NA,NA,NA,NA,NA,NA,NA,NA,NA,NA,NA,NA,NA,1,PELO,53918,GWAS,1,126,3
0.329041209271717,ENSG00000184564,SLITRK6,protein_coding,0.541247804132349,NA,NA,GCST90296604,0.890311539173126,NA,NA,NA,NA,NA,NA,NA,NA,NA,NA,NA,NA,NA,NA,NA,NA,NA,NA,NA,NA,NA,NA,NA,NA,NA,NA,NA,NA,0.8903115,NA,1,SLITRK6,84189,GWAS,1,19,0
0.329041209271717,ENSG00000110693,SOX6,protein_coding,0.541247804132349,NA,NA,GCST90296604,0.890311539173126,NA,NA,NA,NA,NA,NA,NA,NA,NA,NA,NA,NA,NA,NA,NA,NA,NA,NA,NA,NA,NA,NA,NA,NA,NA,NA,NA,NA,0.8903115,NA,1,SOX6,55553,GWAS,1,97,0
0.328616165969173,ENSG00000107614,TRDMT1,protein_coding,0.540548640174519,NA,NA,GCST90475205,0.889161467552185,NA,NA,NA,NA,0.8891615,NA,NA,NA,NA,NA,NA,NA,NA,NA,NA,NA,NA,NA,NA,NA,NA,NA,NA,NA,NA,NA,NA,NA,NA,NA,1,TRDMT1,1787,GWAS,1,95,1
0.328141359887647,ENSG00000196104,SPOCK3,protein_coding,0.539767620223908,NA,NA,GCST90296604,0.887876749038696,NA,NA,NA,NA,NA,NA,NA,NA,NA,NA,NA,NA,NA,NA,NA,NA,NA,NA,NA,NA,NA,NA,NA,NA,NA,NA,NA,NA,0.8878767,NA,1,SPOCK3,50859,GWAS,1,11,0
0.328141359887647,ENSG00000198961,PJA2,protein_coding,0.539767620223908,NA,NA,GCST90296604,0.887876749038696,NA,NA,NA,NA,NA,NA,NA,NA,NA,NA,NA,NA,NA,NA,NA,NA,NA,NA,NA,NA,NA,NA,NA,NA,NA,NA,NA,NA,0.8878767,NA,1,PJA2,9867,GWAS,1,45,0
0.328141359887647,ENSG00000152127,MGAT5,protein_coding,0.539767620223908,NA,NA,GCST90296604,0.887876749038696,NA,NA,NA,NA,NA,NA,NA,NA,NA,NA,NA,NA,NA,NA,NA,NA,NA,NA,NA,NA,NA,NA,NA,NA,NA,NA,NA,NA,0.8878767,NA,1,MGAT5,4249,GWAS,1,70,1
0.327698364438015,ENSG00000185305,ARL15,protein_coding,0.539038926347281,NA,NA,GCST90475205/GCST90475208,0.673363924026489/0.673363924026489,NA,NA,NA,NA,0.6733639,0.6733639,NA,NA,NA,NA,NA,NA,NA,NA,NA,NA,NA,NA,NA,NA,NA,NA,NA,NA,NA,NA,NA,NA,NA,NA,1,ARL15,54622,GWAS,1,32,0
0.326187834875315,ENSG00000150867,PIP4K2A,protein_coding,0.536554219915835,NA,NA,GCST90475205,0.88259094953537,NA,NA,NA,NA,0.8825909,NA,NA,NA,NA,NA,NA,NA,NA,NA,NA,NA,NA,NA,NA,NA,NA,NA,NA,NA,NA,NA,NA,NA,NA,NA,1,PIP4K2A,5305,GWAS,1,104,1
0.325475471552294,ENSG00000026652,AGPAT4,protein_coding,0.535382436341423,NA,NA,GCST90479547,0.880663454532623,NA,NA,NA,NA,NA,NA,NA,NA,NA,NA,NA,NA,NA,NA,NA,NA,NA,NA,NA,NA,NA,NA,NA,0.8806635,NA,NA,NA,NA,NA,NA,1,AGPAT4,56895,GWAS,1,54,0
0.323149407507151,ENSG00000156006,NAT2,protein_coding,0.530948306814808,NA,NA,GCST90475205/GCST90013882/GCST90475208/GCST90013932/GCST90479546/GCST90479547,0.590315103530884/0.579099535942078/0.575167059898376/0.575167059898376/0.568610966205597/0.564473867416382,NA,NA,NA,NA,0.5903151,0.5751671,0.5790995,0.5751671,NA,NA,NA,NA,NA,NA,NA,NA,NA,0.568611,NA,NA,NA,NA,NA,0.5644739,NA,NA,NA,NA,NA,NA,5,NAT2,10,GWAS,1,66,1
0.322364229819365,ENSG00000204160,ZDHHC18,protein_coding,0.53026467993699,NA,NA,GCST90475205,0.765339434146881,NA,NA,NA,NA,0.7653394,NA,NA,NA,NA,NA,NA,NA,NA,NA,NA,NA,NA,NA,NA,NA,NA,NA,NA,NA,NA,NA,NA,NA,NA,NA,1,ZDHHC18,84243,GWAS,1,10,0
0.318850369287618,ENSG00000136720,HS6ST1,protein_coding,0.524484646180595,NA,NA,GCST90296604,0.862737417221069,NA,NA,NA,NA,NA,NA,NA,NA,NA,NA,NA,NA,NA,NA,NA,NA,NA,NA,NA,NA,NA,NA,NA,NA,NA,NA,NA,NA,0.8627374,NA,1,HS6ST1,9394,GWAS,1,74,1
0.318594566795264,ENSG00000080503,SMARCA2,protein_coding,0.524063870504549,NA,NA,GCST90296604,0.79406327009201,NA,NA,NA,NA,NA,NA,NA,NA,NA,NA,NA,NA,NA,NA,NA,NA,NA,NA,NA,NA,NA,NA,NA,NA,NA,NA,NA,NA,0.7940633,NA,1,SMARCA2,6595,GWAS,1,255,2
0.318351984262067,ENSG00000213463,SYNJ2BP,protein_coding,0.523664840657484,NA,NA,GCST90475205,0.767082452774048,NA,NA,NA,NA,0.7670825,NA,NA,NA,NA,NA,NA,NA,NA,NA,NA,NA,NA,NA,NA,NA,NA,NA,NA,NA,NA,NA,NA,NA,NA,NA,1,SYNJ2BP,55333,GWAS,1,46,0
0.317825727454264,ENSG00000100347,SAMM50,protein_coding,0.522799188168961,NA,NA,GCST90296604,0.859964966773987,NA,NA,NA,NA,NA,NA,NA,NA,NA,NA,NA,NA,NA,NA,NA,NA,NA,NA,NA,NA,NA,NA,NA,NA,NA,NA,NA,NA,0.859965,NA,1,SAMM50,25813,GWAS,1,186,3
0.317170352315938,ENSG00000130635,COL5A1,protein_coding,0.521721145831082,NA,NA,GCST90296604,0.858191668987274,NA,NA,NA,NA,NA,NA,NA,NA,NA,NA,NA,NA,NA,NA,NA,NA,NA,NA,NA,NA,NA,NA,NA,NA,NA,NA,NA,NA,0.8581917,NA,1,COL5A1,1289,GWAS,1,193,4
0.316707838235595,ENSG00000169330,MINAR1,protein_coding,0.520960345289046,NA,NA,GCST90296604,0.85694020986557,NA,NA,NA,NA,NA,NA,NA,NA,NA,NA,NA,NA,NA,NA,NA,NA,NA,NA,NA,NA,NA,NA,NA,NA,NA,NA,NA,NA,0.8569402,NA,1,MINAR1,23251,GWAS,1,7,1
0.31661992178986,ENSG00000138095,LRPPRC,protein_coding,0.52081572941158,NA,NA,GCST90475205,0.856702327728271,NA,NA,NA,NA,0.8567023,NA,NA,NA,NA,NA,NA,NA,NA,NA,NA,NA,NA,NA,NA,NA,NA,NA,NA,NA,NA,NA,NA,NA,NA,NA,1,LRPPRC,10128,GWAS,1,188,1
0.316560896683599,ENSG00000161944,ASGR2,protein_coding,0.520718637593739,NA,NA,GCST90475205/GCST90475208,0.628047585487366/0.521280944347382,NA,NA,NA,NA,0.6280476,0.5212809,NA,NA,NA,NA,NA,NA,NA,NA,NA,NA,NA,NA,NA,NA,NA,NA,NA,NA,NA,NA,NA,NA,NA,NA,2,ASGR2,433,GWAS,1,26,7
0.31571707650586,ENSG00000154928,EPHB1,protein_coding,0.519330617475243,NA,NA,GCST90479374,0.854259431362152,NA,NA,NA,NA,NA,NA,NA,NA,NA,NA,NA,NA,NA,NA,NA,NA,NA,NA,NA,NA,NA,NA,NA,NA,NA,NA,NA,NA,NA,0.8542594,1,EPHB1,2047,GWAS,1,98,0
0.315579132937032,ENSG00000087302,RTRAF,protein_coding,0.519103710779004,NA,NA,GCST90296604,0.853886187076569,NA,NA,NA,NA,NA,NA,NA,NA,NA,NA,NA,NA,NA,NA,NA,NA,NA,NA,NA,NA,NA,NA,NA,NA,NA,NA,NA,NA,0.8538862,NA,1,RTRAF,51637,GWAS,1,94,0
0.315579132937032,ENSG00000147421,HMBOX1,protein_coding,0.519103710779004,NA,NA,GCST90296604,0.853886187076569,NA,NA,NA,NA,NA,NA,NA,NA,NA,NA,NA,NA,NA,NA,NA,NA,NA,NA,NA,NA,NA,NA,NA,NA,NA,NA,NA,NA,0.8538862,NA,1,HMBOX1,79618,GWAS,1,27,0
0.315341860914573,ENSG00000204217,BMPR2,protein_coding,0.517497554723636,NA,NA,GCST90475205/GCST90013932/GCST90013882,0.624930858612061/0.600029528141022/0.58777928352356,NA,NA,NA,NA,0.6249309,NA,0.5877793,0.6000295,NA,NA,NA,NA,NA,NA,NA,NA,NA,NA,NA,NA,NA,NA,NA,NA,NA,NA,NA,NA,NA,NA,3,BMPR2,659,GWAS,1,169,3
0.315050356599418,ENSG00000137251,TINAG,protein_coding,0.518233913855255,NA,NA,GCST90296604,0.85245543718338,NA,NA,NA,NA,NA,NA,NA,NA,NA,NA,NA,NA,NA,NA,NA,NA,NA,NA,NA,NA,NA,NA,NA,NA,NA,NA,NA,NA,0.8524554,NA,1,TINAG,27283,GWAS,1,15,0
0.314721887012258,ENSG00000121210,TMEM131L,protein_coding,0.517693606326093,NA,NA,GCST90296604,0.851566672325134,NA,NA,NA,NA,NA,NA,NA,NA,NA,NA,NA,NA,NA,NA,NA,NA,NA,NA,NA,NA,NA,NA,NA,NA,NA,NA,NA,NA,0.8515667,NA,1,TMEM131L,23240,GWAS,1,24,0
0.314651967994778,ENSG00000159398,CES5A,protein_coding,0.517578594851506,NA,NA,GCST90296604,0.851377487182617,NA,NA,NA,NA,NA,NA,NA,NA,NA,NA,NA,NA,NA,NA,NA,NA,NA,NA,NA,NA,NA,NA,NA,NA,NA,NA,NA,NA,0.8513775,NA,1,CES5A,221223,GWAS,1,14,0
0.314570946524617,ENSG00000138050,THUMPD2,protein_coding,0.517445320685303,NA,NA,GCST90296604,0.851158261299133,NA,NA,NA,NA,NA,NA,NA,NA,NA,NA,NA,NA,NA,NA,NA,NA,NA,NA,NA,NA,NA,NA,NA,NA,NA,NA,NA,NA,0.8511583,NA,1,THUMPD2,80745,GWAS,1,45,0
0.314570946524617,ENSG00000164600,NEUROD6,protein_coding,0.517445320685303,NA,NA,GCST90296604,0.851158261299133,NA,NA,NA,NA,NA,NA,NA,NA,NA,NA,NA,NA,NA,NA,NA,NA,NA,NA,NA,NA,NA,NA,NA,NA,NA,NA,NA,NA,0.8511583,NA,1,NEUROD6,63974,GWAS,1,60,0
0.313676714452915,ENSG00000129354,AP1M2,protein_coding,0.515974376829168,NA,NA,GCST90479547,0.848738670349121,NA,NA,NA,NA,NA,NA,NA,NA,NA,NA,NA,NA,NA,NA,NA,NA,NA,NA,NA,NA,NA,NA,NA,0.8487387,NA,NA,NA,NA,NA,NA,1,AP1M2,10053,GWAS,1,150,2
0.312627026015001,ENSG00000215595,C20orf202,protein_coding,0.514247719054899,NA,NA,GCST90296604,0.845898449420929,NA,NA,NA,NA,NA,NA,NA,NA,NA,NA,NA,NA,NA,NA,NA,NA,NA,NA,NA,NA,NA,NA,NA,NA,NA,NA,NA,NA,0.8458984,NA,1,C20orf202,400831,GWAS,1,NA,0
0.312331585269743,ENSG00000118007,STAG1,protein_coding,0.51376174146268,NA,NA,GCST90296604/GCST90013932/GCST90013882,0.630763113498688/0.515871584415436/0.515871584415436,NA,NA,NA,NA,NA,NA,0.5158716,0.5158716,NA,NA,NA,NA,NA,NA,NA,NA,NA,NA,NA,NA,NA,NA,NA,NA,NA,NA,NA,NA,0.6307631,NA,2,STAG1,10274,GWAS,1,123,0
0.310345512374935,ENSG00000170509,HSD17B13,protein_coding,0.510494802359397,NA,NA,GCST90475205,0.724946975708008,NA,NA,NA,NA,0.724947,NA,NA,NA,NA,NA,NA,NA,NA,NA,NA,NA,NA,NA,NA,NA,NA,NA,NA,NA,NA,NA,NA,NA,NA,NA,1,HSD17B13,345275,GWAS,1,29,5
0.310041679277133,ENSG00000184304,PRKD1,protein_coding,0.509387089186891,NA,NA,GCST90296604,0.837903082370758,NA,NA,NA,NA,NA,NA,NA,NA,NA,NA,NA,NA,NA,NA,NA,NA,NA,NA,NA,NA,NA,NA,NA,NA,NA,NA,NA,NA,0.8379031,NA,1,PRKD1,5587,GWAS,1,133,4
0.309089749344912,ENSG00000105866,SP4,protein_coding,0.508429167528991,NA,NA,GCST90013882/GCST90013932,0.669061899185181/0.669061899185181,NA,NA,NA,NA,NA,NA,0.6690619,0.6690619,NA,NA,NA,NA,NA,NA,NA,NA,NA,NA,NA,NA,NA,NA,NA,NA,NA,NA,NA,NA,NA,NA,1,SP4,6671,GWAS,1,18,0
0.307486700567018,ENSG00000119771,KLHL29,protein_coding,0.505792274013822,NA,NA,GCST90475207,0.831989884376526,NA,NA,NA,NA,NA,NA,NA,NA,NA,NA,NA,NA,0.8319899,NA,NA,NA,NA,NA,NA,NA,NA,NA,NA,NA,NA,NA,NA,NA,NA,NA,1,KLHL29,114818,GWAS,1,10,0
0.30707929795056,ENSG00000119965,C10orf88,protein_coding,0.505122127645092,NA,NA,GCST90475205/GCST90475208,0.626408219337463/0.610891401767731,NA,NA,NA,NA,0.6264082,0.6108914,NA,NA,NA,NA,NA,NA,NA,NA,NA,NA,NA,NA,NA,NA,NA,NA,NA,NA,NA,NA,NA,NA,NA,NA,2,C10orf88,80007,GWAS,1,19,0
0.304828478210898,ENSG00000197498,RPF2,protein_coding,0.501419700085073,NA,NA,GCST90296604,0.824797332286835,NA,NA,NA,NA,NA,NA,NA,NA,NA,NA,NA,NA,NA,NA,NA,NA,NA,NA,NA,NA,NA,NA,NA,NA,NA,NA,NA,NA,0.8247973,NA,1,RPF2,84154,GWAS,1,422,3
0.304061792172973,ENSG00000028203,VEZT,protein_coding,0.500158559769535,NA,NA,GCST90296604,0.822722852230072,NA,NA,NA,NA,NA,NA,NA,NA,NA,NA,NA,NA,NA,NA,NA,NA,NA,NA,NA,NA,NA,NA,NA,NA,NA,NA,NA,NA,0.8227229,NA,1,VEZT,55591,GWAS,1,245,2
