score,target.id,target.approvedSymbol,target.biotype,gwas_credible_sets,clingen,geneburden,GWAS.id,L2G,GCST90472771,GCST90480460,GCST90480458,GCST90480461,GCST90476186,GCST90476187,GCST90476190,GCST90274859,GCST90014456,GCST90014457,FINNGEN_R12_L12_PSORIASIS,GCST90019017,FINNGEN_R12_PSORI_STRICT,GCST90019016,FINNGEN_R12_L12_PSORI_VULG,GCST000321,GCST000833,GCST90435380,GCST90478800,GCST90476188,GCST90476185,GCST002874,GCST003268,GCST011990,FINNGEN_R12_L12_PSORI_NAS,GCST90436607,GCST90436606,GCST90019015,GCST90436608,GCST002740_3,GCST000836,GCST005527,GCST90565134,GCST90018907,GCST90558097,GCST90473937,GCST90558096,GCST011991,GCST003097_2,GCST000322,GCST005537,GCST90624214,GCST90244705,GCST002738,GCST003269,GCST008479,GCST006036,GCST004346,GCST000834,GCST002889,GCST001473,GCST002740_2,GCST90435379,GCST011109,GWAS.count,name,NCBI.id,list.name,list.count,N.PPI,degree
0.841465400183132,ENSG00000141527,CARD14,protein_coding,0.668692300561577,NA,NA,GCST90472771/GCST90480460/GCST90480458/GCST90480461/GCST90476186/GCST90476187/GCST90476190,0.779256820678711/0.671921730041504/0.611388087272644/0.60256028175354/0.5517418384552/0.525805830955505/0.511725962162018,0.7792568,0.6719217,0.6113881,0.6025603,0.5517418,0.5258058,0.511726,NA,NA,NA,NA,NA,NA,NA,NA,NA,NA,NA,NA,NA,NA,NA,NA,NA,NA,NA,NA,NA,NA,NA,NA,NA,NA,NA,NA,NA,NA,NA,NA,NA,NA,NA,NA,NA,NA,NA,NA,NA,NA,NA,NA,NA,NA,NA,7,CARD14,79092,GWAS,1,63,12
0.817407236384914,ENSG00000136695,IL36RN,protein_coding,0.529576023707761,NA,NA,GCST90274859,0.87111234664917,NA,NA,NA,NA,NA,NA,NA,0.8711123,NA,NA,NA,NA,NA,NA,NA,NA,NA,NA,NA,NA,NA,NA,NA,NA,NA,NA,NA,NA,NA,NA,NA,NA,NA,NA,NA,NA,NA,NA,NA,NA,NA,NA,NA,NA,NA,NA,NA,NA,NA,NA,NA,NA,NA,NA,1,IL36RN,26525,GWAS,1,48,3
0.776648635723774,ENSG00000113302,IL12B,protein_coding,0.919589717554556,NA,NA,GCST90014456/GCST90014457/GCST90476186/FINNGEN_R12_L12_PSORIASIS/GCST90476187/GCST90019017/FINNGEN_R12_PSORI_STRICT/GCST90019016/FINNGEN_R12_L12_PSORIASIS/FINNGEN_R12_L12_PSORI_VULG/GCST000321/GCST90019017/GCST000833/GCST90435380/GCST90476190/GCST90478800/GCST90476188/GCST90476185/GCST002874/GCST003268/GCST011990/FINNGEN_R12_L12_PSORI_NAS/GCST90436607/GCST90436606/GCST90019015/GCST90476186/GCST90436608/GCST90476190/GCST002740_3/GCST000836/GCST005527/GCST90476187/GCST90476186/GCST90014457/GCST90019016/GCST90476190/GCST90014456/GCST90019017/GCST90476187/GCST90476186/GCST90565134/GCST90476190/GCST90476190/GCST90476187/GCST90480460/GCST90472771/FINNGEN_R12_L12_PSORI_NAS/FINNGEN_R12_L12_PSORI_VULG/GCST90436607/GCST90436606/FINNGEN_R12_L12_PSORI_VULG/GCST90018907/GCST90014456/GCST90014457/FINNGEN_R12_L12_PSORIASIS/GCST90558097/GCST90476190/GCST90473937/GCST90480458/GCST90019016/GCST90558096/GCST90019017/GCST011991/GCST90480461/FINNGEN_R12_PSORI_STRICT/GCST90476186/GCST90476187/FINNGEN_R12_L12_PSORIASIS/GCST003097_2/GCST000322/GCST005537/FINNGEN_R12_L12_PSORI_VULG/GCST90476190/GCST90019016/GCST90019017/GCST90624214/GCST90436608,0.935873448848724/0.93507581949234/0.931505441665649/0.930303931236267/0.922294914722443/0.9100102186203/0.906037569046021/0.906037569046021/0.889695882797241/0.889695882797241/0.875581085681915/0.869589030742645/0.869589030742645/0.860948801040649/0.859846830368042/0.858555138111115/0.858555138111115/0.858555138111115/0.857923269271851/0.849585711956024/0.847734212875366/0.844414532184601/0.843976676464081/0.839174628257751/0.838468968868256/0.833407819271088/0.824168741703033/0.818693697452545/0.818464875221252/0.818464875221252/0.812772691249847/0.810958385467529/0.810958385467529/0.79768180847168/0.782379627227783/0.774577975273132/0.761666297912598/0.748129427433014/0.668949365615845/0.613256752490997/0.613256752490997/0.613256752490997/0.613256752490997/0.613256752490997/0.606474578380585/0.606474578380585/0.606474578380585/0.587658703327179/0.585709929466248/0.585709929466248/0.585709929466248/0.573846638202667/0.573846638202667/0.573846638202667/0.573846638202667/0.573846638202667/0.573846638202667/0.573846638202667/0.573846638202667/0.573846638202667/0.573846638202667/0.573846638202667/0.573846638202667/0.573846638202667/0.570644021034241/0.532708942890167/0.532708942890167/0.532708942890167/0.527859270572662/0.52658599615097/0.524782598018646/0.523423492908478/0.523423492908478/0.519219517707825/0.518082201480865/0.511819303035736/0.509555041790009,0.6064746,0.6064746,0.5738466,0.5738466,0.5327089,0.5327089,0.5234235,NA,0.5738466,0.5738466,0.5327089,0.5180822,0.570644,0.5192195,0.5234235,0.8755811,0.869589,0.8609488,0.8585551,0.8585551,0.8585551,0.8579233,0.8495857,0.8477342,0.6064746,0.5857099,0.5857099,0.838469,0.509555,0.8184649,0.8184649,0.8127727,0.6132568,0.5738466,0.5738466,0.5738466,0.5738466,0.5738466,0.5278593,0.526586,0.5247826,0.5118193,NA,NA,NA,NA,NA,NA,NA,NA,NA,NA,NA,NA,47,IL12B,3593,GWAS,1,90,15
0.729458524780116,ENSG00000105397,TYK2,protein_coding,0.893735729026154,NA,NA,GCST90014456/GCST90480460/GCST90472771/GCST90019016/GCST90476186/FINNGEN_R12_L12_PSORI_VULG/GCST90473937/GCST90019017/FINNGEN_R12_L12_PSORIASIS/GCST90480458/GCST90480461/GCST90014457/GCST90476187/GCST90476190/GCST011991/GCST011990/GCST005527/GCST90014457/GCST003268/GCST90014456/GCST90624214/GCST90018907/GCST90565134/GCST90019016/GCST90476186/GCST90019017/GCST90476190/GCST000833/GCST90476187,0.91415148973465/0.91083300113678/0.91083300113678/0.91083300113678/0.91083300113678/0.91083300113678/0.91083300113678/0.91083300113678/0.91083300113678/0.91083300113678/0.91083300113678/0.910416126251221/0.908879399299622/0.908879399299622/0.906984806060791/0.906984806060791/0.904930114746094/0.904004633426666/0.902970731258392/0.900238692760468/0.895050823688507/0.895050823688507/0.878319501876831/0.697571516036987/0.682645082473755/0.647647142410278/0.638873100280762/0.637269973754883/0.635298728942871,0.910833,0.910833,0.910833,0.910833,0.6826451,0.6352987,0.6388731,NA,0.9002387,0.9040046,0.910833,0.6476471,NA,0.6975715,0.910833,NA,0.63727,NA,NA,NA,NA,NA,0.9029707,0.9069848,NA,NA,NA,NA,NA,NA,NA,0.9049301,0.8783195,0.8950508,NA,0.910833,NA,0.9069848,NA,NA,NA,0.8950508,NA,NA,NA,NA,NA,NA,NA,NA,NA,NA,NA,NA,17,TYK2,7297,GWAS,1,289,34
0.702118454674927,ENSG00000056972,TRAF3IP2,protein_coding,0.933108446793623,NA,NA,GCST90436607/GCST90436606/FINNGEN_R12_L12_PSORIASIS/GCST90014456/GCST90019016/GCST003268/GCST90480461/GCST90624214/GCST90480458/GCST90476186/GCST90019017/GCST90480460/GCST90476190/GCST90472771/GCST90476187/GCST011991/GCST011990/GCST002740_3/GCST000836/GCST90565134/GCST90018907/GCST90473937/FINNGEN_R12_L12_PSORI_VULG/GCST002874/GCST90558096/FINNGEN_R12_PSORI_STRICT,0.956804811954498/0.956804811954498/0.956804811954498/0.956804811954498/0.951283812522888/0.94407057762146/0.94407057762146/0.94407057762146/0.94407057762146/0.94407057762146/0.94407057762146/0.94407057762146/0.94407057762146/0.94407057762146/0.94407057762146/0.941129982471466/0.941129982471466/0.941129982471466/0.940373480319977/0.933638453483582/0.921929121017456/0.912980198860168/0.909574210643768/0.859254598617554/0.855088949203491/0.740576386451721,0.9440706,0.9440706,0.9440706,0.9440706,0.9440706,0.9440706,0.9440706,NA,0.9568048,NA,0.9568048,0.9440706,0.7405764,0.9512838,0.9095742,NA,NA,NA,NA,NA,NA,0.8592546,0.9440706,0.94113,NA,0.9568048,0.9568048,NA,NA,0.94113,0.9403735,NA,0.9336385,0.9219291,NA,0.9129802,0.8550889,0.94113,NA,NA,NA,0.9440706,NA,NA,NA,NA,NA,NA,NA,NA,NA,NA,NA,NA,12,TRAF3IP2,10758,GWAS,1,50,13
0.609537467613042,ENSG00000115267,IFIH1,protein_coding,0.888640304372845,NA,NA,FINNGEN_R12_L12_PSORIASIS/GCST90476190/GCST002874/GCST90476190/GCST90476187/GCST011990/GCST90244705/GCST90019016/GCST90476186/GCST90476187/FINNGEN_R12_L12_PSORIASIS/GCST002740_3/GCST005537/GCST90480460/GCST011991/GCST90476186/GCST90019017/GCST90480458/GCST90480461/GCST90473937,0.923676788806915/0.908552706241608/0.90660572052002/0.874674916267395/0.874674916267395/0.870476067066193/0.870476067066193/0.870476067066193/0.863656580448151/0.863656580448151/0.835399091243744/0.796544373035431/0.796544373035431/0.796544373035431/0.796544373035431/0.790404498577118/0.790404498577118/0.749075412750244/0.749075412750244/0.706256806850433,NA,0.7965444,0.7490754,0.7490754,0.7904045,0.8636566,0.8746749,NA,NA,NA,0.8353991,0.7904045,NA,0.8704761,NA,NA,NA,NA,NA,NA,NA,0.9066057,NA,0.8704761,NA,NA,NA,NA,NA,0.7965444,NA,NA,NA,NA,NA,0.7062568,NA,0.7965444,NA,NA,0.7965444,NA,0.8704761,NA,NA,NA,NA,NA,NA,NA,NA,NA,NA,NA,11,IFIH1,64135,GWAS,1,384,23
0.583687483647207,ENSG00000118503,TNFAIP3,protein_coding,0.921007242370808,NA,NA,GCST90019017/GCST90019016/GCST90476190/GCST90476186/GCST90476187/GCST90472771/GCST90624214/GCST002738/GCST002874/GCST90480460/GCST005537/GCST90480461/GCST011991/GCST90480458/GCST002740_3/GCST90019017/GCST90019016/GCST90558096/GCST90476190/GCST90476187/GCST90476186/GCST003269/GCST003268/GCST90565134/GCST000322/FINNGEN_R12_L12_PSORIASIS/GCST011990/FINNGEN_R12_L12_PSORI_VULG/GCST90473937,0.943853557109833/0.943853557109833/0.943371474742889/0.942766726016998/0.942766726016998/0.940849781036377/0.918465912342072/0.912092745304108/0.912092745304108/0.91087931394577/0.91087931394577/0.910732507705688/0.910732507705688/0.910732507705688/0.910732507705688/0.864800930023193/0.864800930023193/0.854492902755737/0.853988587856293/0.853988587856293/0.853988587856293/0.838838338851929/0.824158787727356/0.816859185695648/0.783406019210815/0.780476331710815/0.766129195690155/0.68149745464325/0.601345777511597,0.9408498,0.9108793,0.9107325,0.9107325,0.8539886,0.8539886,0.8539886,NA,NA,NA,0.7804763,0.8648009,NA,0.8648009,0.6814975,NA,NA,NA,NA,NA,NA,0.9120927,0.8241588,0.7661292,NA,NA,NA,NA,NA,0.9107325,NA,NA,0.8168592,NA,NA,0.6013458,0.8544929,0.9107325,NA,0.783406,0.9108793,0.9184659,NA,0.9120927,0.8388383,NA,NA,NA,NA,NA,NA,NA,NA,NA,19,TNFAIP3,7128,GWAS,1,243,30
0.579726277493015,ENSG00000162594,IL23R,protein_coding,0.926314485180993,NA,NA,GCST90476186/GCST90019016/GCST90476187/GCST90476190/GCST90480461/GCST005527/GCST90019017/FINNGEN_R12_L12_PSORIASIS/GCST90624214/GCST011990/GCST005537/GCST011991/GCST90473937/GCST90019016/GCST003268/GCST90565134/GCST90019017/GCST90472771/GCST003097_2/GCST002874/GCST90476190/GCST90476187,0.957100391387939/0.952755987644196/0.952755987644196/0.951077461242676/0.93980485200882/0.933442950248718/0.930815935134888/0.914621472358704/0.913383066654205/0.903722763061523/0.895778477191925/0.895729005336761/0.881414830684662/0.847880184650421/0.847398996353149/0.843433380126953/0.840724170207977/0.818782210350037/0.803474247455597/0.784946322441101/0.748682737350464/0.633976638317108,0.8187822,NA,NA,0.9398049,0.9571004,0.6339766,0.7486827,NA,NA,NA,0.9146215,0.8407242,NA,0.8478802,NA,NA,NA,NA,NA,NA,NA,0.7849463,0.847399,0.9037228,NA,NA,NA,NA,NA,NA,NA,0.933443,0.8434334,NA,NA,0.8814148,NA,0.895729,0.8034742,NA,0.8957785,0.9133831,NA,NA,NA,NA,NA,NA,NA,NA,NA,NA,NA,NA,21,IL23R,149233,GWAS,1,196,35
0.568520490421982,ENSG00000107201,RIGI,protein_coding,0.901891983527207,NA,NA,GCST002738/GCST90014456/GCST90019017/GCST011991/GCST90019016/GCST002740_3/GCST90565134/GCST90472771/GCST90476190/GCST90476187/GCST90476186/GCST90480460/GCST90480458,0.957584977149963/0.932668268680573/0.919130563735962/0.919130563735962/0.919130563735962/0.916900992393494/0.914204895496368/0.914204895496368/0.865926444530487/0.865926444530487/0.865926444530487/0.830532729625702/0.82076621055603,0.9142049,0.8305327,0.8207662,NA,0.8659264,0.8659264,0.8659264,NA,0.9326683,NA,NA,0.9191306,NA,0.9191306,NA,NA,NA,NA,NA,NA,NA,NA,NA,NA,NA,NA,NA,NA,NA,0.916901,NA,NA,0.9142049,NA,NA,NA,NA,0.9191306,NA,NA,NA,NA,NA,0.957585,NA,NA,NA,NA,NA,NA,NA,NA,NA,NA,8,DDX58,23586,GWAS,1,1,NA
0.551142522099594,ENSG00000164307,ERAP1,protein_coding,0.877293446560034,NA,NA,GCST90019017/GCST90019016/GCST011991/GCST002740_3/GCST005537/GCST008479/GCST90473937/GCST005527/GCST90472771/GCST90565134/GCST000833,0.939553618431091/0.939553618431091/0.920255661010742/0.882729470729828/0.8584104180336/0.854141235351562/0.851415574550629/0.814453840255737/0.814453840255737/0.722393751144409/0.698739349842072,0.8144538,NA,NA,NA,NA,NA,NA,NA,NA,NA,NA,0.9395536,NA,0.9395536,NA,NA,0.6987393,NA,NA,NA,NA,NA,NA,NA,NA,NA,NA,NA,NA,0.8827295,NA,0.8144538,0.7223938,NA,NA,0.8514156,NA,0.9202557,NA,NA,0.8584104,NA,NA,NA,NA,0.8541412,NA,NA,NA,NA,NA,NA,NA,NA,9,ERAP1,51752,GWAS,1,101,12
0.547494287882868,ENSG00000169194,IL13,protein_coding,0.88383794290538,NA,NA,FINNGEN_R12_L12_PSORIASIS/FINNGEN_R12_L12_PSORI_VULG/GCST000322/GCST90565134/GCST90472771/GCST002874/GCST90624214/GCST011990/GCST90019017/GCST011991/GCST90019016/GCST90473937/GCST003268/GCST90476190,0.924614012241364/0.924614012241364/0.899126648902893/0.899126648902893/0.899126648902893/0.899126648902893/0.899126648902893/0.899126648902893/0.899126648902893/0.899126648902893/0.899126648902893/0.899126648902893/0.899126648902893/0.506087005138397,0.8991266,NA,NA,NA,NA,NA,0.506087,NA,NA,NA,0.924614,0.8991266,NA,0.8991266,0.924614,NA,NA,NA,NA,NA,NA,0.8991266,0.8991266,0.8991266,NA,NA,NA,NA,NA,NA,NA,NA,0.8991266,NA,NA,0.8991266,NA,0.8991266,NA,0.8991266,NA,0.8991266,NA,NA,NA,NA,NA,NA,NA,NA,NA,NA,NA,NA,3,IL13,3596,GWAS,1,463,31
0.530462526707098,ENSG00000100906,NFKBIA,protein_coding,0.848629231702898,NA,NA,GCST90019017/FINNGEN_R12_L12_PSORI_VULG/GCST90565134/FINNGEN_R12_L12_PSORIASIS/GCST90624214,0.945689797401428/0.880519509315491/0.880519509315491/0.880519509315491/0.880519509315491,NA,NA,NA,NA,NA,NA,NA,NA,NA,NA,0.8805195,0.9456898,NA,NA,0.8805195,NA,NA,NA,NA,NA,NA,NA,NA,NA,NA,NA,NA,NA,NA,NA,NA,NA,0.8805195,NA,NA,NA,NA,NA,NA,NA,NA,0.8805195,NA,NA,NA,NA,NA,NA,NA,NA,NA,NA,NA,NA,2,NFKBIA,4792,GWAS,1,500,25
0.525305539884555,ENSG00000137414,FAM8A1,protein_coding,0.86408772503108,NA,NA,GCST90480458/GCST90476186/GCST90476187/GCST90480460/GCST90480461/GCST90476190,0.953043639659882/0.953043639659882/0.953043639659882/0.953043639659882/0.953043639659882/0.953043639659882,NA,0.9530436,0.9530436,0.9530436,0.9530436,0.9530436,0.9530436,NA,NA,NA,NA,NA,NA,NA,NA,NA,NA,NA,NA,NA,NA,NA,NA,NA,NA,NA,NA,NA,NA,NA,NA,NA,NA,NA,NA,NA,NA,NA,NA,NA,NA,NA,NA,NA,NA,NA,NA,NA,NA,NA,NA,NA,NA,NA,1,FAM8A1,51439,GWAS,1,46,0
0.522950925965901,ENSG00000145901,TNIP1,protein_coding,0.82492211306917,NA,NA,GCST90476187/GCST008479/GCST006036/GCST002738/GCST90624214/FINNGEN_R12_PSORI_STRICT/FINNGEN_R12_L12_PSORIASIS/GCST90018907/GCST90019016/GCST90014457/GCST003268/GCST90480458/GCST011990/GCST90480461/GCST90019017/GCST011991/GCST90472771/GCST90480460/GCST90014456/FINNGEN_R12_L12_PSORI_VULG/GCST90476187/GCST90019016/GCST90476190/GCST90019017/GCST90476186/GCST90565134/GCST90476190/GCST90476186,0.843708157539368/0.843508303165436/0.840392231941223/0.840392231941223/0.838449060916901/0.838449060916901/0.838449060916901/0.838449060916901/0.838449060916901/0.825726687908173/0.823431015014648/0.823431015014648/0.823431015014648/0.823431015014648/0.823431015014648/0.823431015014648/0.823431015014648/0.823431015014648/0.823431015014648/0.821325242519379/0.815884649753571/0.815884649753571/0.815884649753571/0.815884649753571/0.815884649753571/0.814250648021698/0.69294148683548/0.69294148683548,0.823431,0.823431,0.823431,0.823431,0.6929415,0.8158846,0.6929415,NA,0.823431,0.8257267,0.8384491,0.8158846,0.8384491,0.8158846,0.8213252,NA,NA,NA,NA,NA,NA,NA,0.823431,0.823431,NA,NA,NA,NA,NA,NA,NA,NA,0.8142506,0.8384491,NA,NA,NA,0.823431,NA,NA,NA,0.8384491,NA,0.8403922,NA,0.8435083,0.8403922,NA,NA,NA,NA,NA,NA,NA,10,TNIP1,10318,GWAS,1,92,19
0.519104051590882,ENSG00000185436,IFNLR1,protein_coding,0.847596390523279,NA,NA,GCST003268/GCST90019016/GCST011990/GCST011991/GCST90019017/GCST90472771,0.867234826087952/0.864433526992798/0.856570422649384/0.856092035770416/0.852441549301147/0.842682301998138,0.8426823,NA,NA,NA,NA,NA,NA,NA,NA,NA,NA,0.8524415,NA,0.8644335,NA,NA,NA,NA,NA,NA,NA,NA,0.8672348,0.8565704,NA,NA,NA,NA,NA,NA,NA,NA,NA,NA,NA,NA,NA,0.856092,NA,NA,NA,NA,NA,NA,NA,NA,NA,NA,NA,NA,NA,NA,NA,NA,6,IFNLR1,163702,GWAS,1,119,14
0.518769679608583,ENSG00000111252,SH2B3,protein_coding,0.848529180643802,NA,NA,GCST90558096/GCST90014456/FINNGEN_R12_L12_PSORIASIS/GCST90472771/GCST005537/GCST90624214,0.945603847503662/0.910033524036407/0.902244389057159/0.888598620891571/0.85775226354599/0.847999513149261,0.8885986,NA,NA,NA,NA,NA,NA,NA,0.9100335,NA,0.9022444,NA,NA,NA,NA,NA,NA,NA,NA,NA,NA,NA,NA,NA,NA,NA,NA,NA,NA,NA,NA,NA,NA,NA,NA,NA,0.9456038,NA,NA,NA,0.8577523,0.8479995,NA,NA,NA,NA,NA,NA,NA,NA,NA,NA,NA,NA,6,SH2B3,10019,GWAS,1,100,12
0.517443456875251,ENSG00000149289,ZC3H12C,protein_coding,0.835185618502843,NA,NA,GCST90019016/GCST011990/GCST011991/GCST90019017/GCST90624214/GCST90476190/GCST003268/GCST90472771/GCST90480460/GCST90480458/GCST005537/GCST90480461/GCST90565134/GCST90476186/GCST90476187/FINNGEN_R12_L12_PSORIASIS/FINNGEN_R12_L12_PSORI_VULG,0.86984920501709/0.862994074821472/0.862994074821472/0.86106288433075/0.859104156494141/0.853839337825775/0.849531352519989/0.846317529678345/0.841716408729553/0.841716408729553/0.841716408729553/0.824402093887329/0.822560608386993/0.81011974811554/0.81011974811554/0.798578798770905/0.769025444984436,0.8463175,0.8417164,0.8417164,0.8244021,0.8101197,0.8101197,0.8538393,NA,NA,NA,0.7985788,0.8610629,NA,0.8698492,0.7690254,NA,NA,NA,NA,NA,NA,NA,0.8495314,0.8629941,NA,NA,NA,NA,NA,NA,NA,NA,0.8225606,NA,NA,NA,NA,0.8629941,NA,NA,0.8417164,0.8591042,NA,NA,NA,NA,NA,NA,NA,NA,NA,NA,NA,NA,13,ZC3H12C,85463,GWAS,1,20,3
0.516753025984596,ENSG00000169926,KLF13,protein_coding,0.846064689309236,NA,NA,GCST90472771/GCST90565134/GCST004346/GCST90019017/GCST90019016,0.951003313064575/0.951003313064575/0.951003313064575/0.949563801288605/0.948581397533417,0.9510033,NA,NA,NA,NA,NA,NA,NA,NA,NA,NA,0.9495638,NA,0.9485814,NA,NA,NA,NA,NA,NA,NA,NA,NA,NA,NA,NA,NA,NA,NA,NA,NA,NA,0.9510033,NA,NA,NA,NA,NA,NA,NA,NA,NA,NA,NA,NA,NA,NA,0.9510033,NA,NA,NA,NA,NA,NA,3,KLF13,51621,GWAS,1,35,1
0.507924513829245,ENSG00000020633,RUNX3,protein_coding,0.802297607370919,NA,NA,GCST005527/GCST90558096/FINNGEN_R12_L12_PSORIASIS/GCST90018907/GCST90480461/FINNGEN_R12_L12_PSORI_VULG/GCST90480458/GCST90480460/GCST011990/GCST005537/GCST90473937/GCST90019017/GCST90624214/GCST90476186/GCST011991/GCST90019016/GCST90476187/GCST90472771/GCST90476190/GCST90565134,0.840660393238068/0.814237594604492/0.804151296615601/0.804151296615601/0.804151296615601/0.804151296615601/0.795549929141998/0.795549929141998/0.795549929141998/0.783439636230469/0.783439636230469/0.783439636230469/0.763321995735168/0.753953278064728/0.740183770656586/0.733938455581665/0.730166852474213/0.730166852474213/0.730166852474213/0.730166852474213,0.7301669,0.7955499,0.7955499,0.8041513,0.7539533,0.7301669,0.7301669,NA,NA,NA,0.8041513,0.7834396,NA,0.7339385,0.8041513,NA,NA,NA,NA,NA,NA,NA,NA,0.7955499,NA,NA,NA,NA,NA,NA,NA,0.8406604,0.7301669,0.8041513,NA,0.7834396,0.8142376,0.7401838,NA,NA,0.7834396,0.763322,NA,NA,NA,NA,NA,NA,NA,NA,NA,NA,NA,NA,10,RUNX3,864,GWAS,1,262,14
0.507589287727782,ENSG00000007171,NOS2,protein_coding,0.803036566685012,NA,NA,FINNGEN_R12_L12_PSORIASIS/GCST002874/GCST002740_3/GCST000834/FINNGEN_R12_PSORI_STRICT/FINNGEN_R12_L12_PSORI_VULG/GCST90565134/GCST90476190/GCST90476187/GCST90473937/GCST90480460/GCST90476186/GCST90019016/GCST011990/GCST90480461/FINNGEN_R12_L12_PSORIASIS/GCST90624214/GCST90480458/GCST011991/GCST003268/GCST90019017/GCST90472771,0.806508183479309/0.805365860462189/0.805365860462189/0.80175656080246/0.799891233444214/0.799891233444214/0.784007549285889/0.775641024112701/0.775641024112701/0.775641024112701/0.775641024112701/0.775641024112701/0.775641024112701/0.775641024112701/0.775641024112701/0.775641024112701/0.775641024112701/0.775641024112701/0.775641024112701/0.775641024112701/0.775641024112701/0.775641024112701,0.775641,0.775641,0.775641,0.775641,0.775641,0.775641,0.775641,NA,NA,NA,0.775641,0.775641,0.7998912,0.775641,0.7998912,NA,NA,NA,NA,NA,NA,0.8053659,0.775641,0.775641,NA,NA,NA,NA,NA,0.8053659,NA,NA,0.7840075,NA,NA,0.775641,NA,0.775641,NA,NA,NA,0.775641,NA,NA,NA,NA,NA,NA,0.8017566,NA,NA,NA,NA,NA,6,NOS2,4843,GWAS,1,213,9
0.507551267239648,ENSG00000154822,PLCL2,protein_coding,0.832451571476752,NA,NA,GCST90472771/GCST90473937/GCST90019016/GCST002889/GCST011990/GCST90565134/GCST90019017,0.853916525840759/0.848166465759277/0.823888897895813/0.823241949081421/0.815779447555542/0.80659407377243/0.771656394004822,0.8539165,NA,NA,NA,NA,NA,NA,NA,NA,NA,NA,0.7716564,NA,0.8238889,NA,NA,NA,NA,NA,NA,NA,NA,NA,0.8157794,NA,NA,NA,NA,NA,NA,NA,NA,0.8065941,NA,NA,0.8481665,NA,NA,NA,NA,NA,NA,NA,NA,NA,NA,NA,NA,NA,0.8232419,NA,NA,NA,NA,7,PLCL2,23228,GWAS,1,7,1
0.499546801126422,ENSG00000213047,DENND1B,protein_coding,0.816886881731008,NA,NA,GCST90472771/GCST90480458/GCST90480461/GCST90480460/GCST90558096/GCST005527/GCST005537/GCST90476190/GCST90476186/GCST90476187,0.870743215084076/0.860948622226715/0.860948622226715/0.860948622226715/0.839220821857452/0.832147777080536/0.798720896244049/0.793056905269623/0.762222230434418/0.762222230434418,0.8707432,0.8609486,0.8609486,0.8609486,0.7622222,0.7622222,0.7930569,NA,NA,NA,NA,NA,NA,NA,NA,NA,NA,NA,NA,NA,NA,NA,NA,NA,NA,NA,NA,NA,NA,NA,NA,0.8321478,NA,NA,NA,NA,0.8392208,NA,NA,NA,0.7987209,NA,NA,NA,NA,NA,NA,NA,NA,NA,NA,NA,NA,NA,7,DENND1B,163486,GWAS,1,53,3
0.498628347571288,ENSG00000185338,SOCS1,protein_coding,0.813987976138406,NA,NA,GCST90019017/FINNGEN_R12_L12_PSORI_VULG/GCST90473937/GCST90480461/GCST90565134/GCST90624214/FINNGEN_R12_L12_PSORIASIS/GCST90480458/GCST90480460/GCST001473/GCST90472771/GCST90019016/GCST90476187/GCST90476186/GCST90476190,0.849420428276062/0.847379267215729/0.842628419399261/0.842628419399261/0.838822662830353/0.838332831859589/0.834340572357178/0.831865251064301/0.831865251064301/0.829624116420746/0.823431015014648/0.823431015014648/0.786008179187775/0.782877087593079/0.773795247077942,0.823431,0.8318653,0.8318653,0.8426284,0.7828771,0.7860082,0.7737952,NA,NA,NA,0.8343406,0.8494204,NA,0.823431,0.8473793,NA,NA,NA,NA,NA,NA,NA,NA,NA,NA,NA,NA,NA,NA,NA,NA,NA,0.8388227,NA,NA,0.8426284,NA,NA,NA,NA,NA,0.8383328,NA,NA,NA,NA,NA,NA,NA,NA,0.8296241,NA,NA,NA,12,SOCS1,8651,GWAS,1,316,26
0.498340144560817,ENSG00000175354,PTPN2,protein_coding,0.813130165040885,NA,NA,GCST90476187/GCST90476186/GCST90476190/GCST90019017/GCST90472771/GCST005537/GCST90565134/GCST90480461/GCST90480460/GCST90480458/GCST004346/GCST90473937,0.856804013252258/0.856804013252258/0.856804013252258/0.832155108451843/0.832155108451843/0.817501127719879/0.812973380088806/0.800887882709503/0.797014355659485/0.797014355659485/0.788242816925049/0.763791263103485,0.8321551,0.7970144,0.7970144,0.8008879,0.856804,0.856804,0.856804,NA,NA,NA,NA,0.8321551,NA,NA,NA,NA,NA,NA,NA,NA,NA,NA,NA,NA,NA,NA,NA,NA,NA,NA,NA,NA,0.8129734,NA,NA,0.7637913,NA,NA,NA,NA,0.8175011,NA,NA,NA,NA,NA,NA,0.7882428,NA,NA,NA,NA,NA,NA,8,PTPN2,5771,GWAS,1,106,16
0.496202386111214,ENSG00000164691,TAGAP,protein_coding,0.814556574434126,NA,NA,GCST90476187/GCST90473937/GCST90476190/GCST90476190/GCST90476187/GCST90480458/GCST90476186/GCST90472771/GCST005537/GCST90019016/GCST90019017/GCST90476186/GCST90565134/GCST90480461/GCST90480460/GCST90436607/GCST90018907/GCST90436606/GCST90436608/FINNGEN_R12_L12_PSORIASIS,0.849198579788208/0.846371829509735/0.820036351680756/0.81000679731369/0.791483700275421/0.789646565914154/0.788167059421539/0.784745097160339/0.777284383773804/0.776374101638794/0.776374101638794/0.775374174118042/0.773435592651367/0.768895208835602/0.768895208835602/0.759208977222443/0.759208977222443/0.758375227451324/0.758375227451324/0.638391673564911,0.7847451,0.7688952,0.7896466,0.7688952,0.7753742,0.7914837,0.8100068,NA,NA,NA,0.6383917,0.7763741,NA,0.7763741,NA,NA,NA,NA,NA,NA,NA,NA,NA,NA,NA,0.759209,0.7583752,NA,0.7583752,NA,NA,NA,0.7734356,0.759209,NA,0.8463718,NA,NA,NA,NA,0.7772844,NA,NA,NA,NA,NA,NA,NA,NA,NA,NA,NA,NA,NA,16,TAGAP,117289,GWAS,1,91,15
0.49406255425928,ENSG00000155849,ELMO1,protein_coding,0.81117555906028,NA,NA,GCST90019017/GCST90476190/GCST90019016/GCST002740_3/GCST90624214/FINNGEN_R12_L12_PSORI_VULG/GCST90476187/GCST90476186/FINNGEN_R12_L12_PSORIASIS/GCST90565134/GCST005527/GCST90472771,0.85461562871933/0.852638125419617/0.852071940898895/0.850421965122223/0.850138247013092/0.849514901638031/0.847263872623444/0.844903886318207/0.839300692081451/0.828062176704407/0.78841906785965/0.787233471870422,0.7872335,NA,NA,NA,0.8449039,0.8472639,0.8526381,NA,NA,NA,0.8393007,0.8546156,NA,0.8520719,0.8495149,NA,NA,NA,NA,NA,NA,NA,NA,NA,NA,NA,NA,NA,NA,0.850422,NA,0.7884191,0.8280622,NA,NA,NA,NA,NA,NA,NA,NA,0.8501382,NA,NA,NA,NA,NA,NA,NA,NA,NA,NA,NA,NA,12,ELMO1,9844,GWAS,1,113,1
0.49174015984522,ENSG00000135362,PRR5L,protein_coding,0.808115310092777,NA,NA,GCST90476187/GCST90476186/FINNGEN_R12_L12_PSORIASIS/GCST90472771/GCST90480460/GCST90480461/FINNGEN_R12_L12_PSORIASIS/GCST90480458/FINNGEN_R12_L12_PSORI_VULG/GCST90565134/GCST90476186/GCST90476190/GCST90476187,0.863795101642609/0.862136423587799/0.7825688123703/0.742008090019226/0.741707384586334/0.741707384586334/0.741707384586334/0.741707384586334/0.730917453765869/0.691945135593414/0.67719441652298/0.67719441652298/0.676433444023132,0.7420081,0.7417074,0.7417074,0.7417074,0.6771944,0.6764334,0.6771944,NA,NA,NA,0.7417074,NA,NA,NA,0.7309175,NA,NA,NA,NA,NA,NA,NA,NA,NA,NA,NA,NA,NA,NA,NA,NA,NA,0.6919451,NA,NA,NA,NA,NA,NA,NA,NA,NA,NA,NA,NA,NA,NA,NA,NA,NA,NA,NA,NA,NA,9,PRR5L,79899,GWAS,1,12,0
0.486505033757859,ENSG00000134954,ETS1,protein_coding,0.795148748845917,NA,NA,GCST011991/GCST90473937/GCST90480461/GCST90480460/GCST90480458/GCST002874/GCST90476187/GCST90472771/GCST90565134/GCST90476190/GCST011990/GCST90476186/GCST90558096/GCST90014456,0.83087819814682/0.83087819814682/0.83087819814682/0.83087819814682/0.810532748699188/0.796648144721985/0.766499817371368/0.745186150074005/0.726531386375427/0.725529432296753/0.725529432296753/0.725529432296753/0.699791491031647/0.695457577705383,0.7451862,0.8308782,0.8105327,0.8308782,0.7255294,0.7664998,0.7255294,NA,0.6954576,NA,NA,NA,NA,NA,NA,NA,NA,NA,NA,NA,NA,0.7966481,NA,0.7255294,NA,NA,NA,NA,NA,NA,NA,NA,0.7265314,NA,NA,0.8308782,0.6997915,0.8308782,NA,NA,NA,NA,NA,NA,NA,NA,NA,NA,NA,NA,NA,NA,NA,NA,9,ETS1,2113,GWAS,1,246,12
0.484840227666598,ENSG00000145996,CDKAL1,protein_coding,0.789751758940066,NA,NA,GCST011991/GCST90565134/GCST90019017/GCST003268/GCST90472771/GCST90019016/GCST90473937/GCST011990/GCST005537,0.848099231719971/0.838986396789551/0.838076114654541/0.836221694946289/0.833004355430603/0.833004355430603/0.830157697200775/0.816361010074615/0.785343706607819,0.8330044,NA,NA,NA,NA,NA,NA,NA,NA,NA,NA,0.8380761,NA,0.8330044,NA,NA,NA,NA,NA,NA,NA,NA,0.8362217,0.816361,NA,NA,NA,NA,NA,NA,NA,NA,0.8389864,NA,NA,0.8301577,NA,0.8480992,NA,NA,0.7853437,NA,NA,NA,NA,NA,NA,NA,NA,NA,NA,NA,NA,NA,8,CDKAL1,54901,GWAS,1,103,6
0.477908345534149,ENSG00000096968,JAK2,protein_coding,0.508488050215256,NA,NA,GCST005537,0.836424231529236,NA,NA,NA,NA,NA,NA,NA,NA,NA,NA,NA,NA,NA,NA,NA,NA,NA,NA,NA,NA,NA,NA,NA,NA,NA,NA,NA,NA,NA,NA,NA,NA,NA,NA,NA,NA,NA,NA,NA,NA,0.8364242,NA,NA,NA,NA,NA,NA,NA,NA,NA,NA,NA,NA,NA,1,JAK2,3717,GWAS,1,500,35
0.473733732982283,ENSG00000101751,POLI,protein_coding,0.776485392868596,NA,NA,GCST90472771/GCST90473937/GCST002740_3/GCST90480460/GCST90480458/GCST90476186/GCST90476187/GCST90476190/GCST90480461/GCST90019017/GCST90565134,0.825231432914734/0.815381407737732/0.808153808116913/0.802682995796204/0.802682995796204/0.800929129123688/0.800929129123688/0.800929129123688/0.800929129123688/0.800929129123688/0.772535979747772,0.8252314,0.802683,0.802683,0.8009291,0.8009291,0.8009291,0.8009291,NA,NA,NA,NA,0.8009291,NA,NA,NA,NA,NA,NA,NA,NA,NA,NA,NA,NA,NA,NA,NA,NA,NA,0.8081538,NA,NA,0.772536,NA,NA,0.8153814,NA,NA,NA,NA,NA,NA,NA,NA,NA,NA,NA,NA,NA,NA,NA,NA,NA,NA,6,POLI,11201,GWAS,1,200,0
0.470877268308531,ENSG00000162924,REL,protein_coding,0.74144681276714,NA,NA,GCST003268/GCST011991/GCST011990/GCST90476186/GCST90476190/GCST002874/GCST90480461/FINNGEN_R12_L12_PSORIASIS/GCST002740_3/GCST90480460/GCST002738/GCST000833/GCST90480458/FINNGEN_R12_L12_PSORI_VULG/GCST90018907/GCST90624214/GCST90472771/GCST90019016/GCST90019017/GCST002740_2/GCST90476187/GCST90014456/GCST90473937/FINNGEN_R12_L12_PSORI_NAS/GCST90565134,0.789313137531281/0.712859630584717/0.712859630584717/0.712595283985138/0.712595283985138/0.710980951786041/0.707170903682709/0.701981246471405/0.701305270195007/0.701305270195007/0.701068758964539/0.701068758964539/0.701068758964539/0.698094487190247/0.697183668613434/0.697183668613434/0.697183668613434/0.697183668613434/0.685817182064056/0.685045599937439/0.677988827228546/0.677988827228546/0.667474269866943/0.667474269866943/0.665936946868896,0.6971837,0.7013053,0.7010688,0.7071709,0.7125953,0.6779888,0.7125953,NA,0.6779888,NA,0.7019812,0.6858172,NA,0.6971837,0.6980945,NA,0.7010688,NA,NA,NA,NA,0.710981,0.7893131,0.7128596,0.6674743,NA,NA,NA,NA,0.7013053,NA,NA,0.6659369,0.6971837,NA,0.6674743,NA,0.7128596,NA,NA,NA,0.6971837,NA,0.7010688,NA,NA,NA,NA,NA,NA,NA,0.6850456,NA,NA,15,REL,5966,GWAS,1,328,25
0.470175783554324,ENSG00000158480,SPATA2,protein_coding,0.728591797420985,NA,NA,GCST90476186/FINNGEN_R12_L12_PSORIASIS/GCST90476187/GCST90476190/GCST90565134/GCST90480460/GCST90480461/GCST90480458/GCST002738,0.778820991516113/0.771108567714691/0.771108567714691/0.766462981700897/0.751407086849213/0.697079002857208/0.697079002857208/0.697079002857208/0.63728529214859,NA,0.697079,0.697079,0.697079,0.778821,0.7711086,0.766463,NA,NA,NA,0.7711086,NA,NA,NA,NA,NA,NA,NA,NA,NA,NA,NA,NA,NA,NA,NA,NA,NA,NA,NA,NA,NA,0.7514071,NA,NA,NA,NA,NA,NA,NA,NA,NA,NA,0.6372853,NA,NA,NA,NA,NA,NA,NA,NA,NA,NA,6,SPATA2,9825,GWAS,1,35,5
0.468082573538451,ENSG00000263528,IKBKE,protein_coding,0.765635992258116,NA,NA,GCST90472771/GCST90019016/GCST90019017,0.947440505027771/0.863924026489258/0.863924026489258,0.9474405,NA,NA,NA,NA,NA,NA,NA,NA,NA,NA,0.863924,NA,0.863924,NA,NA,NA,NA,NA,NA,NA,NA,NA,NA,NA,NA,NA,NA,NA,NA,NA,NA,NA,NA,NA,NA,NA,NA,NA,NA,NA,NA,NA,NA,NA,NA,NA,NA,NA,NA,NA,NA,NA,NA,2,IKBKE,9641,GWAS,1,189,18
0.46793140254506,ENSG00000148660,CAMK2G,protein_coding,0.739703486055046,NA,NA,GCST90476186/GCST90476190/GCST90476187/GCST011991/GCST90472771/GCST90019016/GCST002889/FINNGEN_R12_L12_PSORIASIS/GCST90019017/GCST90565134/GCST90480458/GCST90480461/GCST90480460,0.782100021839142/0.779958784580231/0.779958784580231/0.771934986114502/0.75873202085495/0.715889632701874/0.70586621761322/0.583586931228638/0.579950749874115/0.56106036901474/0.560423076152802/0.560423076152802/0.555868089199066,0.758732,0.5558681,0.5604231,0.5604231,0.7821,0.7799588,0.7799588,NA,NA,NA,0.5835869,0.5799507,NA,0.7158896,NA,NA,NA,NA,NA,NA,NA,NA,NA,NA,NA,NA,NA,NA,NA,NA,NA,NA,0.5610604,NA,NA,NA,NA,0.771935,NA,NA,NA,NA,NA,NA,NA,NA,NA,NA,NA,0.7058662,NA,NA,NA,NA,11,CAMK2G,818,GWAS,1,149,5
0.461622345021258,ENSG00000153814,JAZF1,protein_coding,0.752122970405134,NA,NA,GCST005537/GCST011991/GCST90480458/GCST90480460/GCST90480461,0.858518302440643/0.851741015911102/0.775856733322144/0.775856733322144/0.775856733322144,NA,0.7758567,0.7758567,0.7758567,NA,NA,NA,NA,NA,NA,NA,NA,NA,NA,NA,NA,NA,NA,NA,NA,NA,NA,NA,NA,NA,NA,NA,NA,NA,NA,NA,NA,NA,NA,NA,NA,NA,0.851741,NA,NA,0.8585183,NA,NA,NA,NA,NA,NA,NA,NA,NA,NA,NA,NA,NA,3,JAZF1,221895,GWAS,1,115,5
0.459903675772312,ENSG00000182095,TNRC18,protein_coding,0.754378866941201,NA,NA,GCST90624214/FINNGEN_R12_L12_PSORI_NAS/FINNGEN_R12_L12_PSORI_VULG/FINNGEN_R12_L12_PSORIASIS/GCST90435379,0.8614382147789/0.823371529579163/0.823371529579163/0.801259815692902/0.801259815692902,NA,NA,NA,NA,NA,NA,NA,NA,NA,NA,0.8012598,NA,NA,NA,0.8233715,NA,NA,NA,NA,NA,NA,NA,NA,NA,0.8233715,NA,NA,NA,NA,NA,NA,NA,NA,NA,NA,NA,NA,NA,NA,NA,NA,0.8614382,NA,NA,NA,NA,NA,NA,NA,NA,NA,NA,0.8012598,NA,3,TNRC18,84629,GWAS,1,19,0
0.458071137920952,ENSG00000116824,CD2,protein_coding,0.501419700085073,NA,NA,GCST005527,0.824797332286835,NA,NA,NA,NA,NA,NA,NA,NA,NA,NA,NA,NA,NA,NA,NA,NA,NA,NA,NA,NA,NA,NA,NA,NA,NA,NA,NA,NA,NA,NA,NA,0.8247973,NA,NA,NA,NA,NA,NA,NA,NA,NA,NA,NA,NA,NA,NA,NA,NA,NA,NA,NA,NA,NA,NA,1,CD2,914,GWAS,1,326,15
0.448972145775309,ENSG00000134460,IL2RA,protein_coding,0.711398833025514,NA,NA,GCST005537/GCST90565134/GCST90480461/GCST90480458/GCST90476190/GCST90480460/GCST003097_2/GCST90472771/GCST90476186/GCST90476187,0.757792472839355/0.756125390529633/0.756125390529633/0.756125390529633/0.749406218528748/0.7301265001297/0.72719544172287/0.715645432472229/0.71096932888031/0.704384922981262,0.7156454,0.7301265,0.7561254,0.7561254,0.7109693,0.7043849,0.7494062,NA,NA,NA,NA,NA,NA,NA,NA,NA,NA,NA,NA,NA,NA,NA,NA,NA,NA,NA,NA,NA,NA,NA,NA,NA,0.7561254,NA,NA,NA,NA,NA,0.7271954,NA,0.7577925,NA,NA,NA,NA,NA,NA,NA,NA,NA,NA,NA,NA,NA,8,IL2RA,3559,GWAS,1,322,33
0.446405987995542,ENSG00000112685,EXOC2,protein_coding,0.734303953261355,NA,NA,GCST90565134/GCST90472771/GCST90476190/GCST90476186/GCST90476187,0.735110461711884/0.704916179180145/0.69683563709259/0.69683563709259/0.692524671554565,0.7049162,NA,NA,NA,0.6968356,0.6925247,0.6968356,NA,NA,NA,NA,NA,NA,NA,NA,NA,NA,NA,NA,NA,NA,NA,NA,NA,NA,NA,NA,NA,NA,NA,NA,NA,0.7351105,NA,NA,NA,NA,NA,NA,NA,NA,NA,NA,NA,NA,NA,NA,NA,NA,NA,NA,NA,NA,NA,4,EXOC2,55770,GWAS,1,140,4
0.443995070505376,ENSG00000181634,TNFSF15,protein_coding,0.712950136000805,NA,NA,GCST005537/GCST90472771,0.870560884475708/0.75270539522171,0.7527054,NA,NA,NA,NA,NA,NA,NA,NA,NA,NA,NA,NA,NA,NA,NA,NA,NA,NA,NA,NA,NA,NA,NA,NA,NA,NA,NA,NA,NA,NA,NA,NA,NA,NA,NA,NA,NA,NA,NA,0.8705609,NA,NA,NA,NA,NA,NA,NA,NA,NA,NA,NA,NA,NA,2,TNFSF15,9966,GWAS,1,82,15
0.443512857613474,ENSG00000164330,EBF1,protein_coding,0.728025146473187,NA,NA,GCST90476187/GCST90476190/GCST90472771/GCST90476186/GCST90480458/GCST90480460,0.789509832859039/0.789509832859039/0.729126513004303/0.723418593406677/0.722957909107208/0.722957909107208,0.7291265,0.7229579,0.7229579,NA,0.7234186,0.7895098,0.7895098,NA,NA,NA,NA,NA,NA,NA,NA,NA,NA,NA,NA,NA,NA,NA,NA,NA,NA,NA,NA,NA,NA,NA,NA,NA,NA,NA,NA,NA,NA,NA,NA,NA,NA,NA,NA,NA,NA,NA,NA,NA,NA,NA,NA,NA,NA,NA,4,EBF1,1879,GWAS,1,181,9
0.442578403966476,ENSG00000100368,CSF2RB,protein_coding,0.723380304296087,NA,NA,GCST90476187/GCST90476190/GCST90476186/GCST90480461/GCST90480458/GCST90480460,0.806390225887299/0.794094204902649/0.794094204902649/0.742714583873749/0.742714583873749/0.742714583873749,NA,0.7427146,0.7427146,0.7427146,0.7940942,0.8063902,0.7940942,NA,NA,NA,NA,NA,NA,NA,NA,NA,NA,NA,NA,NA,NA,NA,NA,NA,NA,NA,NA,NA,NA,NA,NA,NA,NA,NA,NA,NA,NA,NA,NA,NA,NA,NA,NA,NA,NA,NA,NA,NA,NA,NA,NA,NA,NA,NA,3,CSF2RB,1439,GWAS,1,177,13
0.441911827867116,ENSG00000112182,BACH2,protein_coding,0.707495395933055,NA,NA,GCST005537/GCST005527,0.956388533115387/0.829550683498383,NA,NA,NA,NA,NA,NA,NA,NA,NA,NA,NA,NA,NA,NA,NA,NA,NA,NA,NA,NA,NA,NA,NA,NA,NA,NA,NA,NA,NA,NA,NA,0.8295507,NA,NA,NA,NA,NA,NA,NA,NA,0.9563885,NA,NA,NA,NA,NA,NA,NA,NA,NA,NA,NA,NA,NA,2,BACH2,60468,GWAS,1,105,14
0.43430174773893,ENSG00000125347,IRF1,protein_coding,0.707329184211969,NA,NA,GCST90480458/GCST90480461/GCST90480460,0.699724555015564/0.699724555015564/0.690865278244019,NA,0.6908653,0.6997246,0.6997246,NA,NA,NA,NA,NA,NA,NA,NA,NA,NA,NA,NA,NA,NA,NA,NA,NA,NA,NA,NA,NA,NA,NA,NA,NA,NA,NA,NA,NA,NA,NA,NA,NA,NA,NA,NA,NA,NA,NA,NA,NA,NA,NA,NA,NA,NA,NA,NA,NA,NA,2,IRF1,3659,GWAS,1,377,27
0.433291121252861,ENSG00000162613,FUBP1,protein_coding,0.708112368719734,NA,NA,GCST90472771/GCST004346,0.932488441467285/0.929210543632507,0.9324884,NA,NA,NA,NA,NA,NA,NA,NA,NA,NA,NA,NA,NA,NA,NA,NA,NA,NA,NA,NA,NA,NA,NA,NA,NA,NA,NA,NA,NA,NA,NA,NA,NA,NA,NA,NA,NA,NA,NA,NA,NA,NA,NA,NA,NA,NA,0.9292105,NA,NA,NA,NA,NA,NA,2,FUBP1,8880,GWAS,1,151,1
0.428528466642673,ENSG00000134242,PTPN22,protein_coding,0.667227791515501,NA,NA,GCST005537/GCST003097_2,0.908314943313599/0.756896436214447,NA,NA,NA,NA,NA,NA,NA,NA,NA,NA,NA,NA,NA,NA,NA,NA,NA,NA,NA,NA,NA,NA,NA,NA,NA,NA,NA,NA,NA,NA,NA,NA,NA,NA,NA,NA,NA,NA,0.7568964,NA,0.9083149,NA,NA,NA,NA,NA,NA,NA,NA,NA,NA,NA,NA,NA,2,PTPN22,26191,GWAS,1,157,23
0.426221430312179,ENSG00000148737,TCF7L2,protein_coding,0.674056652172334,NA,NA,GCST011990/GCST011991,0.890505313873291/0.873066782951355,NA,NA,NA,NA,NA,NA,NA,NA,NA,NA,NA,NA,NA,NA,NA,NA,NA,NA,NA,NA,NA,NA,NA,0.8905053,NA,NA,NA,NA,NA,NA,NA,NA,NA,NA,NA,NA,NA,0.8730668,NA,NA,NA,NA,NA,NA,NA,NA,NA,NA,NA,NA,NA,NA,NA,NA,2,TCF7L2,6934,GWAS,1,247,8
0.42589692805771,ENSG00000128604,IRF5,protein_coding,0.683219957691058,NA,NA,GCST005537/GCST90472771,0.900340437889099/0.894018054008484,0.8940181,NA,NA,NA,NA,NA,NA,NA,NA,NA,NA,NA,NA,NA,NA,NA,NA,NA,NA,NA,NA,NA,NA,NA,NA,NA,NA,NA,NA,NA,NA,NA,NA,NA,NA,NA,NA,NA,NA,NA,0.9003404,NA,NA,NA,NA,NA,NA,NA,NA,NA,NA,NA,NA,NA,2,IRF5,3663,GWAS,1,186,22
0.41198052105686,ENSG00000124226,RNF114,protein_coding,0.668841834782329,NA,NA,GCST90019016/GCST90019017/GCST90472771,0.763987302780151/0.763987302780151/0.721373379230499,0.7213734,NA,NA,NA,NA,NA,NA,NA,NA,NA,NA,0.7639873,NA,0.7639873,NA,NA,NA,NA,NA,NA,NA,NA,NA,NA,NA,NA,NA,NA,NA,NA,NA,NA,NA,NA,NA,NA,NA,NA,NA,NA,NA,NA,NA,NA,NA,NA,NA,NA,NA,NA,NA,NA,NA,NA,2,RNF114,55905,GWAS,1,49,10
0.410176699859559,ENSG00000152377,SPOCK1,protein_coding,0.674709525279885,NA,NA,GCST90480458/GCST90480460,0.887876749038696/0.887876749038696,NA,0.8878767,0.8878767,NA,NA,NA,NA,NA,NA,NA,NA,NA,NA,NA,NA,NA,NA,NA,NA,NA,NA,NA,NA,NA,NA,NA,NA,NA,NA,NA,NA,NA,NA,NA,NA,NA,NA,NA,NA,NA,NA,NA,NA,NA,NA,NA,NA,NA,NA,NA,NA,NA,NA,NA,1,SPOCK1,6695,GWAS,1,32,0
0.399478371262862,ENSG00000145860,RNF145,protein_coding,0.657111587095592,NA,NA,GCST008479/GCST90476187/GCST90476186,0.79780650138855/0.737796306610107/0.733987212181091,NA,NA,NA,NA,0.7339872,0.7377963,NA,NA,NA,NA,NA,NA,NA,NA,NA,NA,NA,NA,NA,NA,NA,NA,NA,NA,NA,NA,NA,NA,NA,NA,NA,NA,NA,NA,NA,NA,NA,NA,NA,NA,NA,NA,NA,NA,NA,0.7978065,NA,NA,NA,NA,NA,NA,NA,NA,3,RNF145,153830,GWAS,1,32,0
0.399466295301879,ENSG00000085978,ATG16L1,protein_coding,0.648697181663126,NA,NA,GCST005537/GCST003097_2,0.84836333990097/0.809019088745117,NA,NA,NA,NA,NA,NA,NA,NA,NA,NA,NA,NA,NA,NA,NA,NA,NA,NA,NA,NA,NA,NA,NA,NA,NA,NA,NA,NA,NA,NA,NA,NA,NA,NA,NA,NA,NA,NA,0.8090191,NA,0.8483633,NA,NA,NA,NA,NA,NA,NA,NA,NA,NA,NA,NA,NA,2,ATG16L1,55054,GWAS,1,177,10
0.397754679283643,ENSG00000077238,IL4R,protein_coding,0.647288585009599,NA,NA,GCST90435379,0.935944736003876,NA,NA,NA,NA,NA,NA,NA,NA,NA,NA,NA,NA,NA,NA,NA,NA,NA,NA,NA,NA,NA,NA,NA,NA,NA,NA,NA,NA,NA,NA,NA,NA,NA,NA,NA,NA,NA,NA,NA,NA,NA,NA,NA,NA,NA,NA,NA,NA,NA,NA,NA,NA,0.9359447,NA,1,IL4R,3566,GWAS,1,233,21
0.396013514715834,ENSG00000138684,IL21,protein_coding,0.609110465050619,NA,NA,GCST90476190/GCST90476187/GCST90476190/GCST90476186/GCST90476187/GCST90476186,0.678377330303192/0.606105208396912/0.606105208396912/0.606105208396912/0.531000435352325/0.531000435352325,NA,NA,NA,NA,0.5310004,0.5310004,0.6061052,NA,NA,NA,NA,NA,NA,NA,NA,NA,NA,NA,NA,NA,NA,NA,NA,NA,NA,NA,NA,NA,NA,NA,NA,NA,NA,NA,NA,NA,NA,NA,NA,NA,NA,NA,NA,NA,NA,NA,NA,NA,NA,NA,NA,NA,NA,NA,3,IL21,59067,GWAS,1,113,16
0.395690247137066,ENSG00000137709,POU2F3,protein_coding,0.648980626810136,NA,NA,GCST90472771,0.937246799468994,0.9372468,NA,NA,NA,NA,NA,NA,NA,NA,NA,NA,NA,NA,NA,NA,NA,NA,NA,NA,NA,NA,NA,NA,NA,NA,NA,NA,NA,NA,NA,NA,NA,NA,NA,NA,NA,NA,NA,NA,NA,NA,NA,NA,NA,NA,NA,NA,NA,NA,NA,NA,NA,NA,NA,1,POU2F3,25833,GWAS,1,55,1
0.394633998559453,ENSG00000119919,NKX2-3,protein_coding,0.64914296184673,NA,NA,GCST005537/GCST003097_2,0.862370729446411/0.82168060541153,NA,NA,NA,NA,NA,NA,NA,NA,NA,NA,NA,NA,NA,NA,NA,NA,NA,NA,NA,NA,NA,NA,NA,NA,NA,NA,NA,NA,NA,NA,NA,NA,NA,NA,NA,NA,NA,NA,0.8216806,NA,0.8623707,NA,NA,NA,NA,NA,NA,NA,NA,NA,NA,NA,NA,NA,2,NKX2-3,159296,GWAS,1,17,6
0.392039545651886,ENSG00000078098,FAP,protein_coding,0.636143334081008,NA,NA,GCST90472771,0.841705501079559,0.8417055,NA,NA,NA,NA,NA,NA,NA,NA,NA,NA,NA,NA,NA,NA,NA,NA,NA,NA,NA,NA,NA,NA,NA,NA,NA,NA,NA,NA,NA,NA,NA,NA,NA,NA,NA,NA,NA,NA,NA,NA,NA,NA,NA,NA,NA,NA,NA,NA,NA,NA,NA,NA,NA,1,FAP,2191,GWAS,1,54,1
0.389306488365992,ENSG00000184611,KCNH7,protein_coding,0.640379612112861,NA,NA,GCST000833/GCST003268/GCST90472771/GCST002738/GCST90565134,0.729188978672028/0.729188978672028/0.701515316963196/0.635634064674377/0.605408430099487,0.7015153,NA,NA,NA,NA,NA,NA,NA,NA,NA,NA,NA,NA,NA,NA,NA,0.729189,NA,NA,NA,NA,NA,0.729189,NA,NA,NA,NA,NA,NA,NA,NA,NA,0.6054084,NA,NA,NA,NA,NA,NA,NA,NA,NA,NA,0.6356341,NA,NA,NA,NA,NA,NA,NA,NA,NA,NA,4,KCNH7,90134,GWAS,1,40,1
0.382711432358015,ENSG00000057657,PRDM1,protein_coding,0.614364769455378,NA,NA,GCST005537/GCST90480460/GCST90476186/GCST90476187/GCST90476190/GCST90480461/GCST90480458,0.739184260368347/0.506459534168243/0.506459534168243/0.506459534168243/0.506459534168243/0.506459534168243/0.506459534168243,NA,0.5064595,0.5064595,0.5064595,0.5064595,0.5064595,0.5064595,NA,NA,NA,NA,NA,NA,NA,NA,NA,NA,NA,NA,NA,NA,NA,NA,NA,NA,NA,NA,NA,NA,NA,NA,NA,NA,NA,NA,NA,NA,NA,NA,NA,0.7391843,NA,NA,NA,NA,NA,NA,NA,NA,NA,NA,NA,NA,NA,2,PRDM1,639,GWAS,1,215,20
0.381190150745933,ENSG00000168071,CCDC88B,protein_coding,0.625964974130734,NA,NA,GCST90472771/GCST90565134/GCST90476190/GCST90476187/GCST90476186,0.693519413471222/0.66738349199295/0.536758184432983/0.51337867975235/0.51337867975235,0.6935194,NA,NA,NA,0.5133787,0.5133787,0.5367582,NA,NA,NA,NA,NA,NA,NA,NA,NA,NA,NA,NA,NA,NA,NA,NA,NA,NA,NA,NA,NA,NA,NA,NA,NA,0.6673835,NA,NA,NA,NA,NA,NA,NA,NA,NA,NA,NA,NA,NA,NA,NA,NA,NA,NA,NA,NA,NA,4,CCDC88B,283234,GWAS,1,17,0
0.380038409659579,ENSG00000181523,SGSH,protein_coding,0.541590826648006,NA,NA,GCST90480458/GCST90476186/GCST90476187/GCST90480461/GCST90472771/GCST90476190/GCST90480460,0.597230970859528/0.582848310470581/0.582848310470581/0.561280071735382/0.559122323989868/0.554356515407562/0.506078064441681,0.5591223,0.5060781,0.597231,0.5612801,0.5828483,0.5828483,0.5543565,NA,NA,NA,NA,NA,NA,NA,NA,NA,NA,NA,NA,NA,NA,NA,NA,NA,NA,NA,NA,NA,NA,NA,NA,NA,NA,NA,NA,NA,NA,NA,NA,NA,NA,NA,NA,NA,NA,NA,NA,NA,NA,NA,NA,NA,NA,NA,6,SGSH,6448,GWAS,1,51,0
0.378840431172987,ENSG00000088305,DNMT3B,protein_coding,0.619744132013989,NA,NA,GCST005537,0.80996835231781,NA,NA,NA,NA,NA,NA,NA,NA,NA,NA,NA,NA,NA,NA,NA,NA,NA,NA,NA,NA,NA,NA,NA,NA,NA,NA,NA,NA,NA,NA,NA,NA,NA,NA,NA,NA,NA,NA,NA,NA,0.8099684,NA,NA,NA,NA,NA,NA,NA,NA,NA,NA,NA,NA,NA,1,DNMT3B,1789,GWAS,1,302,3
0.376460622643655,ENSG00000079263,SP140,protein_coding,0.617729311432016,NA,NA,GCST005537/GCST90472771,0.82775741815567/0.753441572189331,0.7534416,NA,NA,NA,NA,NA,NA,NA,NA,NA,NA,NA,NA,NA,NA,NA,NA,NA,NA,NA,NA,NA,NA,NA,NA,NA,NA,NA,NA,NA,NA,NA,NA,NA,NA,NA,NA,NA,NA,NA,0.8277574,NA,NA,NA,NA,NA,NA,NA,NA,NA,NA,NA,NA,NA,2,SP140,11262,GWAS,1,32,2
0.375236345934463,ENSG00000143185,XCL2,protein_coding,0.615715469208523,NA,NA,GCST90019017/GCST90472771,0.81839919090271/0.777624011039734,0.777624,NA,NA,NA,NA,NA,NA,NA,NA,NA,NA,0.8183992,NA,NA,NA,NA,NA,NA,NA,NA,NA,NA,NA,NA,NA,NA,NA,NA,NA,NA,NA,NA,NA,NA,NA,NA,NA,NA,NA,NA,NA,NA,NA,NA,NA,NA,NA,NA,NA,NA,NA,NA,NA,NA,2,XCL2,6846,GWAS,1,92,3
0.373058944167232,ENSG00000166501,PRKCB,protein_coding,0.579866620863499,NA,NA,GCST005537,0.953836560249329,NA,NA,NA,NA,NA,NA,NA,NA,NA,NA,NA,NA,NA,NA,NA,NA,NA,NA,NA,NA,NA,NA,NA,NA,NA,NA,NA,NA,NA,NA,NA,NA,NA,NA,NA,NA,NA,NA,NA,NA,0.9538366,NA,NA,NA,NA,NA,NA,NA,NA,NA,NA,NA,NA,NA,1,PRKCB,5579,GWAS,1,263,8
0.371431760010786,ENSG00000136634,IL10,protein_coding,0.583417373669493,NA,NA,GCST005537,0.959677278995514,NA,NA,NA,NA,NA,NA,NA,NA,NA,NA,NA,NA,NA,NA,NA,NA,NA,NA,NA,NA,NA,NA,NA,NA,NA,NA,NA,NA,NA,NA,NA,NA,NA,NA,NA,NA,NA,NA,NA,NA,0.9596773,NA,NA,NA,NA,NA,NA,NA,NA,NA,NA,NA,NA,NA,1,IL10,3586,GWAS,1,500,45
0.370754857964449,ENSG00000101017,CD40,protein_coding,0.574468509835269,NA,NA,GCST005537,0.944957077503204,NA,NA,NA,NA,NA,NA,NA,NA,NA,NA,NA,NA,NA,NA,NA,NA,NA,NA,NA,NA,NA,NA,NA,NA,NA,NA,NA,NA,NA,NA,NA,NA,NA,NA,NA,NA,NA,NA,NA,NA,0.9449571,NA,NA,NA,NA,NA,NA,NA,NA,NA,NA,NA,NA,NA,1,CD40,958,GWAS,1,500,35
0.369714540763073,ENSG00000173334,TRIB1,protein_coding,0.60815234598341,NA,NA,GCST90472771,0.914688646793365,0.9146886,NA,NA,NA,NA,NA,NA,NA,NA,NA,NA,NA,NA,NA,NA,NA,NA,NA,NA,NA,NA,NA,NA,NA,NA,NA,NA,NA,NA,NA,NA,NA,NA,NA,NA,NA,NA,NA,NA,NA,NA,NA,NA,NA,NA,NA,NA,NA,NA,NA,NA,NA,NA,NA,1,TRIB1,10221,GWAS,1,88,2
0.364867028820134,ENSG00000159128,IFNGR2,protein_coding,0.590825504076046,NA,NA,GCST005537,0.971863090991974,NA,NA,NA,NA,NA,NA,NA,NA,NA,NA,NA,NA,NA,NA,NA,NA,NA,NA,NA,NA,NA,NA,NA,NA,NA,NA,NA,NA,NA,NA,NA,NA,NA,NA,NA,NA,NA,NA,NA,NA,0.9718631,NA,NA,NA,NA,NA,NA,NA,NA,NA,NA,NA,NA,NA,1,IFNGR2,3460,GWAS,1,130,12
0.364682103466377,ENSG00000169220,RGS14,protein_coding,0.590677461805001,NA,NA,GCST90565134/FINNGEN_R12_L12_PSORIASIS/GCST90624214,0.710992038249969/0.688730180263519/0.647657573223114,NA,NA,NA,NA,NA,NA,NA,NA,NA,NA,0.6887302,NA,NA,NA,NA,NA,NA,NA,NA,NA,NA,NA,NA,NA,NA,NA,NA,NA,NA,NA,NA,NA,0.710992,NA,NA,NA,NA,NA,NA,NA,NA,0.6476576,NA,NA,NA,NA,NA,NA,NA,NA,NA,NA,NA,NA,3,RGS14,10636,GWAS,1,80,2
0.363719801910899,ENSG00000205592,MUC19,protein_coding,0.598291455770699,NA,NA,GCST005527,0.84024041891098,NA,NA,NA,NA,NA,NA,NA,NA,NA,NA,NA,NA,NA,NA,NA,NA,NA,NA,NA,NA,NA,NA,NA,NA,NA,NA,NA,NA,NA,NA,NA,0.8402404,NA,NA,NA,NA,NA,NA,NA,NA,NA,NA,NA,NA,NA,NA,NA,NA,NA,NA,NA,NA,NA,NA,1,MUC19,283463,GWAS,1,73,0
0.362972498966137,ENSG00000182185,RAD51B,protein_coding,0.597062199171597,NA,NA,GCST90476187/GCST90476190/GCST90476186,0.727333188056946/0.727333188056946/0.656599462032318,NA,NA,NA,NA,0.6565995,0.7273332,0.7273332,NA,NA,NA,NA,NA,NA,NA,NA,NA,NA,NA,NA,NA,NA,NA,NA,NA,NA,NA,NA,NA,NA,NA,NA,NA,NA,NA,NA,NA,NA,NA,NA,NA,NA,NA,NA,NA,NA,NA,NA,NA,NA,NA,NA,NA,NA,NA,2,RAD51B,5890,GWAS,1,195,1
0.361108672274662,ENSG00000178175,ZNF366,protein_coding,0.593996345790262,NA,NA,GCST90476187/GCST90476186,0.78234738111496/0.778926014900208,NA,NA,NA,NA,0.778926,0.7823474,NA,NA,NA,NA,NA,NA,NA,NA,NA,NA,NA,NA,NA,NA,NA,NA,NA,NA,NA,NA,NA,NA,NA,NA,NA,NA,NA,NA,NA,NA,NA,NA,NA,NA,NA,NA,NA,NA,NA,NA,NA,NA,NA,NA,NA,NA,NA,NA,2,ZNF366,167465,GWAS,1,19,1
0.361041641196028,ENSG00000115263,GCG,protein_coding,0.573904435483046,NA,NA,GCST90435380,0.842560410499573,NA,NA,NA,NA,NA,NA,NA,NA,NA,NA,NA,NA,NA,NA,NA,NA,NA,0.8425604,NA,NA,NA,NA,NA,NA,NA,NA,NA,NA,NA,NA,NA,NA,NA,NA,NA,NA,NA,NA,NA,NA,NA,NA,NA,NA,NA,NA,NA,NA,NA,NA,NA,NA,NA,NA,1,GCG,2641,GWAS,1,412,6
0.36053932714307,ENSG00000067182,TNFRSF1A,protein_coding,0.584257674896861,NA,NA,GCST005537,0.961059510707855,NA,NA,NA,NA,NA,NA,NA,NA,NA,NA,NA,NA,NA,NA,NA,NA,NA,NA,NA,NA,NA,NA,NA,NA,NA,NA,NA,NA,NA,NA,NA,NA,NA,NA,NA,NA,NA,NA,NA,NA,0.9610595,NA,NA,NA,NA,NA,NA,NA,NA,NA,NA,NA,NA,NA,1,TNFRSF1A,7132,GWAS,1,427,27
0.360002672145242,ENSG00000013725,CD6,protein_coding,0.58460133237165,NA,NA,GCST005537,0.961624801158905,NA,NA,NA,NA,NA,NA,NA,NA,NA,NA,NA,NA,NA,NA,NA,NA,NA,NA,NA,NA,NA,NA,NA,NA,NA,NA,NA,NA,NA,NA,NA,NA,NA,NA,NA,NA,NA,NA,NA,NA,0.9616248,NA,NA,NA,NA,NA,NA,NA,NA,NA,NA,NA,NA,NA,1,CD6,923,GWAS,1,134,9
0.358883200741186,ENSG00000171522,PTGER4,protein_coding,0.580085906026398,NA,NA,GCST003097_2/GCST005527/GCST002889/GCST005537,0.733230292797089/0.53031450510025/0.509116888046265/0.509116888046265,NA,NA,NA,NA,NA,NA,NA,NA,NA,NA,NA,NA,NA,NA,NA,NA,NA,NA,NA,NA,NA,NA,NA,NA,NA,NA,NA,NA,NA,NA,NA,0.5303145,NA,NA,NA,NA,NA,NA,0.7332303,NA,0.5091169,NA,NA,NA,NA,NA,NA,NA,NA,0.5091169,NA,NA,NA,NA,3,PTGER4,5734,GWAS,1,129,4
0.355865075218903,ENSG00000166949,SMAD3,protein_coding,0.57553502928439,NA,NA,GCST003097_2/GCST005537,0.7606360912323/0.744301319122314,NA,NA,NA,NA,NA,NA,NA,NA,NA,NA,NA,NA,NA,NA,NA,NA,NA,NA,NA,NA,NA,NA,NA,NA,NA,NA,NA,NA,NA,NA,NA,NA,NA,NA,NA,NA,NA,NA,0.7606361,NA,0.7443013,NA,NA,NA,NA,NA,NA,NA,NA,NA,NA,NA,NA,NA,2,SMAD3,4088,GWAS,1,500,18
0.351354600355884,ENSG00000116688,MFN2,protein_coding,0.577951638140807,NA,NA,GCST90019017/GCST90472771,0.785646736621857/0.660159289836884,0.6601593,NA,NA,NA,NA,NA,NA,NA,NA,NA,NA,0.7856467,NA,NA,NA,NA,NA,NA,NA,NA,NA,NA,NA,NA,NA,NA,NA,NA,NA,NA,NA,NA,NA,NA,NA,NA,NA,NA,NA,NA,NA,NA,NA,NA,NA,NA,NA,NA,NA,NA,NA,NA,NA,NA,2,MFN2,9927,GWAS,1,283,1
0.350933123451919,ENSG00000138780,GSTCD,protein_coding,0.575434548244999,NA,NA,GCST011109,0.946546137332916,NA,NA,NA,NA,NA,NA,NA,NA,NA,NA,NA,NA,NA,NA,NA,NA,NA,NA,NA,NA,NA,NA,NA,NA,NA,NA,NA,NA,NA,NA,NA,NA,NA,NA,NA,NA,NA,NA,NA,NA,NA,NA,NA,NA,NA,NA,NA,NA,NA,NA,NA,NA,NA,0.9465461,1,GSTCD,79807,GWAS,1,47,1
0.350721114716338,ENSG00000116288,PARK7,protein_coding,0.57569374077106,NA,NA,GCST005537,0.946972489356995,NA,NA,NA,NA,NA,NA,NA,NA,NA,NA,NA,NA,NA,NA,NA,NA,NA,NA,NA,NA,NA,NA,NA,NA,NA,NA,NA,NA,NA,NA,NA,NA,NA,NA,NA,NA,NA,NA,NA,NA,0.9469725,NA,NA,NA,NA,NA,NA,NA,NA,NA,NA,NA,NA,NA,1,PARK7,11315,GWAS,1,400,3
0.350520173892474,ENSG00000101096,NFATC2,protein_coding,0.574755277576252,NA,NA,GCST90472771,0.945428788661957,0.9454288,NA,NA,NA,NA,NA,NA,NA,NA,NA,NA,NA,NA,NA,NA,NA,NA,NA,NA,NA,NA,NA,NA,NA,NA,NA,NA,NA,NA,NA,NA,NA,NA,NA,NA,NA,NA,NA,NA,NA,NA,NA,NA,NA,NA,NA,NA,NA,NA,NA,NA,NA,NA,NA,1,NFATC2,4773,GWAS,1,152,10
0.348292069188461,ENSG00000160185,UBASH3A,protein_coding,0.572914006917888,NA,NA,GCST005537,0.94240003824234,NA,NA,NA,NA,NA,NA,NA,NA,NA,NA,NA,NA,NA,NA,NA,NA,NA,NA,NA,NA,NA,NA,NA,NA,NA,NA,NA,NA,NA,NA,NA,NA,NA,NA,NA,NA,NA,NA,NA,NA,0.9424,NA,NA,NA,NA,NA,NA,NA,NA,NA,NA,NA,NA,NA,1,UBASH3A,53347,GWAS,1,79,10
0.347013612080626,ENSG00000138686,BBS7,protein_coding,0.568987249659878,NA,NA,GCST011109,0.916118919849396,NA,NA,NA,NA,NA,NA,NA,NA,NA,NA,NA,NA,NA,NA,NA,NA,NA,NA,NA,NA,NA,NA,NA,NA,NA,NA,NA,NA,NA,NA,NA,NA,NA,NA,NA,NA,NA,NA,NA,NA,NA,NA,NA,NA,NA,NA,NA,NA,NA,NA,NA,NA,NA,0.9161189,1,BBS7,55212,GWAS,1,113,1
0.346859508479322,ENSG00000124216,SNAI1,protein_coding,0.56994962253252,NA,NA,GCST002740_3,0.731144368648529,NA,NA,NA,NA,NA,NA,NA,NA,NA,NA,NA,NA,NA,NA,NA,NA,NA,NA,NA,NA,NA,NA,NA,NA,NA,NA,NA,NA,NA,0.7311444,NA,NA,NA,NA,NA,NA,NA,NA,NA,NA,NA,NA,NA,NA,NA,NA,NA,NA,NA,NA,NA,NA,NA,NA,1,SNAI1,6615,GWAS,1,421,5
0.346489695215199,ENSG00000160712,IL6R,protein_coding,0.556062216934994,NA,NA,GCST005537,0.914680123329163,NA,NA,NA,NA,NA,NA,NA,NA,NA,NA,NA,NA,NA,NA,NA,NA,NA,NA,NA,NA,NA,NA,NA,NA,NA,NA,NA,NA,NA,NA,NA,NA,NA,NA,NA,NA,NA,NA,NA,NA,0.9146801,NA,NA,NA,NA,NA,NA,NA,NA,NA,NA,NA,NA,NA,1,IL6R,3570,GWAS,1,257,22
0.346085688784069,ENSG00000181004,BBS12,protein_coding,0.56928467868997,NA,NA,GCST90476187/GCST90476186/GCST90565134,0.682023286819458/0.682023286819458/0.600038707256317,NA,NA,NA,NA,0.6820233,0.6820233,NA,NA,NA,NA,NA,NA,NA,NA,NA,NA,NA,NA,NA,NA,NA,NA,NA,NA,NA,NA,NA,NA,NA,NA,NA,NA,0.6000387,NA,NA,NA,NA,NA,NA,NA,NA,NA,NA,NA,NA,NA,NA,NA,NA,NA,NA,NA,NA,NA,2,BBS12,166379,GWAS,1,57,1
0.345368453803451,ENSG00000163362,INAVA,protein_coding,0.56491324492127,NA,NA,GCST005537,0.929239392280579,NA,NA,NA,NA,NA,NA,NA,NA,NA,NA,NA,NA,NA,NA,NA,NA,NA,NA,NA,NA,NA,NA,NA,NA,NA,NA,NA,NA,NA,NA,NA,NA,NA,NA,NA,NA,NA,NA,NA,NA,0.9292394,NA,NA,NA,NA,NA,NA,NA,NA,NA,NA,NA,NA,NA,1,INAVA,55765,GWAS,1,17,0
0.344863421426673,ENSG00000137309,HMGA1,protein_coding,0.567274141697606,NA,NA,FINNGEN_R12_L12_PSORI_NAS/FINNGEN_R12_L12_PSORI_NAS,0.754771709442139/0.713404715061188,NA,NA,NA,NA,NA,NA,NA,NA,NA,NA,NA,NA,NA,NA,NA,NA,NA,NA,NA,NA,NA,NA,NA,NA,0.7134047,NA,NA,NA,NA,NA,NA,NA,NA,NA,NA,NA,NA,NA,NA,NA,NA,NA,NA,NA,NA,NA,NA,NA,NA,NA,NA,NA,NA,NA,2,HMGA1,3159,GWAS,1,96,2
0.344351029136319,ENSG00000178562,CD28,protein_coding,0.543692105969059,NA,NA,GCST005527,0.798671960830688,NA,NA,NA,NA,NA,NA,NA,NA,NA,NA,NA,NA,NA,NA,NA,NA,NA,NA,NA,NA,NA,NA,NA,NA,NA,NA,NA,NA,NA,NA,NA,0.798672,NA,NA,NA,NA,NA,NA,NA,NA,NA,NA,NA,NA,NA,NA,NA,NA,NA,NA,NA,NA,NA,NA,1,CD28,940,GWAS,1,406,27
0.34370811405977,ENSG00000169508,GPR183,protein_coding,0.560231347533986,NA,NA,GCST90019016/GCST90019017/GCST90472771,0.672837138175964/0.665311098098755/0.656376540660858,0.6563765,NA,NA,NA,NA,NA,NA,NA,NA,NA,NA,0.6653111,NA,0.6728371,NA,NA,NA,NA,NA,NA,NA,NA,NA,NA,NA,NA,NA,NA,NA,NA,NA,NA,NA,NA,NA,NA,NA,NA,NA,NA,NA,NA,NA,NA,NA,NA,NA,NA,NA,NA,NA,NA,NA,NA,3,GPR183,1880,GWAS,1,122,10
0.343640601402178,ENSG00000137077,CCL21,protein_coding,0.562276605054596,NA,NA,GCST005537,0.924902319908142,NA,NA,NA,NA,NA,NA,NA,NA,NA,NA,NA,NA,NA,NA,NA,NA,NA,NA,NA,NA,NA,NA,NA,NA,NA,NA,NA,NA,NA,NA,NA,NA,NA,NA,NA,NA,NA,NA,NA,NA,0.9249023,NA,NA,NA,NA,NA,NA,NA,NA,NA,NA,NA,NA,NA,1,CCL21,6366,GWAS,1,210,8
0.343431589445133,ENSG00000163568,AIM2,protein_coding,0.517579392032489,NA,NA,GCST008479,0.851378798484802,NA,NA,NA,NA,NA,NA,NA,NA,NA,NA,NA,NA,NA,NA,NA,NA,NA,NA,NA,NA,NA,NA,NA,NA,NA,NA,NA,NA,NA,NA,NA,NA,NA,NA,NA,NA,NA,NA,NA,NA,NA,NA,NA,NA,NA,0.8513788,NA,NA,NA,NA,NA,NA,NA,NA,1,AIM2,9447,GWAS,1,145,8
0.343290987001187,ENSG00000178623,GPR35,protein_coding,0.564687606467505,NA,NA,GCST005537,0.928868234157562,NA,NA,NA,NA,NA,NA,NA,NA,NA,NA,NA,NA,NA,NA,NA,NA,NA,NA,NA,NA,NA,NA,NA,NA,NA,NA,NA,NA,NA,NA,NA,NA,NA,NA,NA,NA,NA,NA,NA,NA,0.9288682,NA,NA,NA,NA,NA,NA,NA,NA,NA,NA,NA,NA,NA,1,GPR35,2859,GWAS,1,30,2
0.342802154772155,ENSG00000138031,ADCY3,protein_coding,0.563883514569294,NA,NA,GCST005537/GCST90472771,0.751486361026764/0.569162249565125,0.5691622,NA,NA,NA,NA,NA,NA,NA,NA,NA,NA,NA,NA,NA,NA,NA,NA,NA,NA,NA,NA,NA,NA,NA,NA,NA,NA,NA,NA,NA,NA,NA,NA,NA,NA,NA,NA,NA,NA,NA,0.7514864,NA,NA,NA,NA,NA,NA,NA,NA,NA,NA,NA,NA,NA,2,ADCY3,109,GWAS,1,235,2
0.34107409236969,ENSG00000167207,NOD2,protein_coding,0.54595196911464,NA,NA,GCST005537,0.898049533367157,NA,NA,NA,NA,NA,NA,NA,NA,NA,NA,NA,NA,NA,NA,NA,NA,NA,NA,NA,NA,NA,NA,NA,NA,NA,NA,NA,NA,NA,NA,NA,NA,NA,NA,NA,NA,NA,NA,NA,NA,0.8980495,NA,NA,NA,NA,NA,NA,NA,NA,NA,NA,NA,NA,NA,1,NOD2,64127,GWAS,1,288,30
0.338893305416747,ENSG00000137265,IRF4,protein_coding,0.533621690006146,NA,NA,GCST005527,0.810024082660675,NA,NA,NA,NA,NA,NA,NA,NA,NA,NA,NA,NA,NA,NA,NA,NA,NA,NA,NA,NA,NA,NA,NA,NA,NA,NA,NA,NA,NA,NA,NA,0.8100241,NA,NA,NA,NA,NA,NA,NA,NA,NA,NA,NA,NA,NA,NA,NA,NA,NA,NA,NA,NA,NA,NA,1,IRF4,3662,GWAS,1,363,34
0.337192217071367,ENSG00000102804,TSC22D1,protein_coding,0.549889415578192,NA,NA,GCST90476190/GCST90472771/GCST90565134,0.680812180042267/0.527261674404144/0.526125967502594,0.5272617,NA,NA,NA,NA,NA,0.6808122,NA,NA,NA,NA,NA,NA,NA,NA,NA,NA,NA,NA,NA,NA,NA,NA,NA,NA,NA,NA,NA,NA,NA,NA,NA,0.526126,NA,NA,NA,NA,NA,NA,NA,NA,NA,NA,NA,NA,NA,NA,NA,NA,NA,NA,NA,NA,NA,3,TSC22D1,8848,GWAS,1,17,0
0.335199616897985,ENSG00000152804,HHEX,protein_coding,0.548642228461314,NA,NA,GCST011990/GCST005537,0.769515872001648/0.531835734844208,NA,NA,NA,NA,NA,NA,NA,NA,NA,NA,NA,NA,NA,NA,NA,NA,NA,NA,NA,NA,NA,NA,NA,0.7695159,NA,NA,NA,NA,NA,NA,NA,NA,NA,NA,NA,NA,NA,NA,NA,NA,0.5318357,NA,NA,NA,NA,NA,NA,NA,NA,NA,NA,NA,NA,NA,2,HHEX,3087,GWAS,1,106,5
0.334315182696717,ENSG00000136040,PLXNC1,protein_coding,0.549923089947313,NA,NA,GCST90472771,0.904581725597382,0.9045817,NA,NA,NA,NA,NA,NA,NA,NA,NA,NA,NA,NA,NA,NA,NA,NA,NA,NA,NA,NA,NA,NA,NA,NA,NA,NA,NA,NA,NA,NA,NA,NA,NA,NA,NA,NA,NA,NA,NA,NA,NA,NA,NA,NA,NA,NA,NA,NA,NA,NA,NA,NA,NA,1,PLXNC1,10154,GWAS,1,32,0
0.334225746797994,ENSG00000173531,MST1,protein_coding,0.543347275369982,NA,NA,GCST005537,0.871540427207947,NA,NA,NA,NA,NA,NA,NA,NA,NA,NA,NA,NA,NA,NA,NA,NA,NA,NA,NA,NA,NA,NA,NA,NA,NA,NA,NA,NA,NA,NA,NA,NA,NA,NA,NA,NA,NA,NA,NA,NA,0.8715404,NA,NA,NA,NA,NA,NA,NA,NA,NA,NA,NA,NA,NA,1,MST1,4485,GWAS,1,25,0
0.333052711017004,ENSG00000179630,LACC1,protein_coding,0.547846419897576,NA,NA,GCST005537,0.81377100944519,NA,NA,NA,NA,NA,NA,NA,NA,NA,NA,NA,NA,NA,NA,NA,NA,NA,NA,NA,NA,NA,NA,NA,NA,NA,NA,NA,NA,NA,NA,NA,NA,NA,NA,NA,NA,NA,NA,NA,NA,0.813771,NA,NA,NA,NA,NA,NA,NA,NA,NA,NA,NA,NA,NA,1,LACC1,144811,GWAS,1,39,4
0.332721037397116,ENSG00000140030,GPR65,protein_coding,0.546516445721795,NA,NA,GCST005537,0.898978054523468,NA,NA,NA,NA,NA,NA,NA,NA,NA,NA,NA,NA,NA,NA,NA,NA,NA,NA,NA,NA,NA,NA,NA,NA,NA,NA,NA,NA,NA,NA,NA,NA,NA,NA,NA,NA,NA,NA,NA,NA,0.8989781,NA,NA,NA,NA,NA,NA,NA,NA,NA,NA,NA,NA,NA,1,GPR65,8477,GWAS,1,56,3
0.332188534320058,ENSG00000187486,KCNJ11,protein_coding,0.546424914850716,NA,NA,GCST011991,0.898827493190765,NA,NA,NA,NA,NA,NA,NA,NA,NA,NA,NA,NA,NA,NA,NA,NA,NA,NA,NA,NA,NA,NA,NA,NA,NA,NA,NA,NA,NA,NA,NA,NA,NA,NA,NA,NA,NA,0.8988275,NA,NA,NA,NA,NA,NA,NA,NA,NA,NA,NA,NA,NA,NA,NA,NA,1,KCNJ11,3767,GWAS,1,150,5
0.331521061032898,ENSG00000178078,STAP2,protein_coding,0.543427188234118,NA,NA,GCST90472771,0.893896460533142,0.8938965,NA,NA,NA,NA,NA,NA,NA,NA,NA,NA,NA,NA,NA,NA,NA,NA,NA,NA,NA,NA,NA,NA,NA,NA,NA,NA,NA,NA,NA,NA,NA,NA,NA,NA,NA,NA,NA,NA,NA,NA,NA,NA,NA,NA,NA,NA,NA,NA,NA,NA,NA,NA,NA,1,STAP2,55620,GWAS,1,28,1
0.330618745856068,ENSG00000054654,SYNE2,protein_coding,0.542123543677973,NA,NA,GCST008479,0.891752064228058,NA,NA,NA,NA,NA,NA,NA,NA,NA,NA,NA,NA,NA,NA,NA,NA,NA,NA,NA,NA,NA,NA,NA,NA,NA,NA,NA,NA,NA,NA,NA,NA,NA,NA,NA,NA,NA,NA,NA,NA,NA,NA,NA,NA,NA,0.8917521,NA,NA,NA,NA,NA,NA,NA,NA,1,SYNE2,23224,GWAS,1,80,0
0.328389950499895,ENSG00000180228,PRKRA,protein_coding,0.537744809714353,NA,NA,GCST002740_2,0.884549379348755,NA,NA,NA,NA,NA,NA,NA,NA,NA,NA,NA,NA,NA,NA,NA,NA,NA,NA,NA,NA,NA,NA,NA,NA,NA,NA,NA,NA,NA,NA,NA,NA,NA,NA,NA,NA,NA,NA,NA,NA,NA,NA,NA,NA,NA,NA,NA,NA,NA,NA,NA,0.8845494,NA,NA,1,PRKRA,8575,GWAS,1,96,2
0.32833123947693,ENSG00000151151,IPMK,protein_coding,0.539252496366717,NA,NA,GCST005527,0.887029409408569,NA,NA,NA,NA,NA,NA,NA,NA,NA,NA,NA,NA,NA,NA,NA,NA,NA,NA,NA,NA,NA,NA,NA,NA,NA,NA,NA,NA,NA,NA,NA,0.8870294,NA,NA,NA,NA,NA,NA,NA,NA,NA,NA,NA,NA,NA,NA,NA,NA,NA,NA,NA,NA,NA,NA,1,IPMK,253430,GWAS,1,31,0
0.328194647254781,ENSG00000166263,STXBP4,protein_coding,0.539855273896569,NA,NA,GCST90476186,0.888020932674408,NA,NA,NA,NA,0.8880209,NA,NA,NA,NA,NA,NA,NA,NA,NA,NA,NA,NA,NA,NA,NA,NA,NA,NA,NA,NA,NA,NA,NA,NA,NA,NA,NA,NA,NA,NA,NA,NA,NA,NA,NA,NA,NA,NA,NA,NA,NA,NA,NA,NA,NA,NA,NA,NA,NA,1,STXBP4,252983,GWAS,1,35,1
0.327882851099878,ENSG00000145623,OSMR,protein_coding,0.536554219915835,NA,NA,GCST005537,0.88259094953537,NA,NA,NA,NA,NA,NA,NA,NA,NA,NA,NA,NA,NA,NA,NA,NA,NA,NA,NA,NA,NA,NA,NA,NA,NA,NA,NA,NA,NA,NA,NA,NA,NA,NA,NA,NA,NA,NA,NA,NA,0.8825909,NA,NA,NA,NA,NA,NA,NA,NA,NA,NA,NA,NA,NA,1,OSMR,9180,GWAS,1,88,8
0.32786804231534,ENSG00000115604,IL18R1,protein_coding,0.517986606572945,NA,NA,GCST005537,0.852048635482788,NA,NA,NA,NA,NA,NA,NA,NA,NA,NA,NA,NA,NA,NA,NA,NA,NA,NA,NA,NA,NA,NA,NA,NA,NA,NA,NA,NA,NA,NA,NA,NA,NA,NA,NA,NA,NA,NA,NA,NA,0.8520486,NA,NA,NA,NA,NA,NA,NA,NA,NA,NA,NA,NA,NA,1,IL18R1,8809,GWAS,1,137,23
0.325929984168789,ENSG00000081985,IL12RB2,protein_coding,0.527868103732055,NA,NA,GCST002740_3,0.67993825674057,NA,NA,NA,NA,NA,NA,NA,NA,NA,NA,NA,NA,NA,NA,NA,NA,NA,NA,NA,NA,NA,NA,NA,NA,NA,NA,NA,NA,NA,0.6799383,NA,NA,NA,NA,NA,NA,NA,NA,NA,NA,NA,NA,NA,NA,NA,NA,NA,NA,NA,NA,NA,NA,NA,NA,1,IL12RB2,3595,GWAS,1,140,19
0.325738614307878,ENSG00000153064,BANK1,protein_coding,0.529583995517593,NA,NA,GCST005537,0.871125459671021,NA,NA,NA,NA,NA,NA,NA,NA,NA,NA,NA,NA,NA,NA,NA,NA,NA,NA,NA,NA,NA,NA,NA,NA,NA,NA,NA,NA,NA,NA,NA,NA,NA,NA,NA,NA,NA,NA,NA,NA,0.8711255,NA,NA,NA,NA,NA,NA,NA,NA,NA,NA,NA,NA,NA,1,BANK1,55024,GWAS,1,51,4
0.325256559515203,ENSG00000168685,IL7R,protein_coding,0.512806415837142,NA,NA,GCST90565134,0.843527615070343,NA,NA,NA,NA,NA,NA,NA,NA,NA,NA,NA,NA,NA,NA,NA,NA,NA,NA,NA,NA,NA,NA,NA,NA,NA,NA,NA,NA,NA,NA,NA,NA,0.8435276,NA,NA,NA,NA,NA,NA,NA,NA,NA,NA,NA,NA,NA,NA,NA,NA,NA,NA,NA,NA,NA,1,IL7R,3575,GWAS,1,454,34
0.325115153257899,ENSG00000100365,NCF4,protein_coding,0.534181809309616,NA,NA,GCST90472771,0.878688514232635,0.8786885,NA,NA,NA,NA,NA,NA,NA,NA,NA,NA,NA,NA,NA,NA,NA,NA,NA,NA,NA,NA,NA,NA,NA,NA,NA,NA,NA,NA,NA,NA,NA,NA,NA,NA,NA,NA,NA,NA,NA,NA,NA,NA,NA,NA,NA,NA,NA,NA,NA,NA,NA,NA,NA,1,NCF4,4689,GWAS,1,165,9
0.325060263304589,ENSG00000143184,XCL1,protein_coding,0.534091519504386,NA,NA,GCST90472771/GCST90019017,0.725752294063568/0.611150801181793,0.7257523,NA,NA,NA,NA,NA,NA,NA,NA,NA,NA,0.6111508,NA,NA,NA,NA,NA,NA,NA,NA,NA,NA,NA,NA,NA,NA,NA,NA,NA,NA,NA,NA,NA,NA,NA,NA,NA,NA,NA,NA,NA,NA,NA,NA,NA,NA,NA,NA,NA,NA,NA,NA,NA,NA,2,XCL1,6375,GWAS,1,144,8
0.324643500806999,ENSG00000197818,SLC9A8,protein_coding,0.532190115246697,NA,NA,GCST005537,0.841989815235138,NA,NA,NA,NA,NA,NA,NA,NA,NA,NA,NA,NA,NA,NA,NA,NA,NA,NA,NA,NA,NA,NA,NA,NA,NA,NA,NA,NA,NA,NA,NA,NA,NA,NA,NA,NA,NA,NA,NA,NA,0.8419898,NA,NA,NA,NA,NA,NA,NA,NA,NA,NA,NA,NA,NA,1,SLC9A8,23315,GWAS,1,24,0
0.323442107765248,ENSG00000176920,FUT2,protein_coding,0.520238201230543,NA,NA,GCST90472771/GCST90019016/GCST005537/GCST004346,0.603624820709229/0.59688812494278/0.592895865440369/0.592450678348541,0.6036248,NA,NA,NA,NA,NA,NA,NA,NA,NA,NA,NA,NA,0.5968881,NA,NA,NA,NA,NA,NA,NA,NA,NA,NA,NA,NA,NA,NA,NA,NA,NA,NA,NA,NA,NA,NA,NA,NA,NA,NA,0.5928959,NA,NA,NA,NA,NA,NA,0.5924507,NA,NA,NA,NA,NA,NA,4,FUT2,2524,GWAS,1,87,2
0.322808373592974,ENSG00000036828,CASR,protein_coding,0.528576204753865,NA,NA,GCST90014456/GCST008479,0.704597592353821/0.659480512142181,NA,NA,NA,NA,NA,NA,NA,NA,0.7045976,NA,NA,NA,NA,NA,NA,NA,NA,NA,NA,NA,NA,NA,NA,NA,NA,NA,NA,NA,NA,NA,NA,NA,NA,NA,NA,NA,NA,NA,NA,NA,NA,NA,NA,NA,NA,0.6594805,NA,NA,NA,NA,NA,NA,NA,NA,2,CASR,846,GWAS,1,237,3
0.322684393502517,ENSG00000198604,BAZ1A,protein_coding,0.530183394087141,NA,NA,GCST90480461,0.750808298587799,NA,NA,NA,0.7508083,NA,NA,NA,NA,NA,NA,NA,NA,NA,NA,NA,NA,NA,NA,NA,NA,NA,NA,NA,NA,NA,NA,NA,NA,NA,NA,NA,NA,NA,NA,NA,NA,NA,NA,NA,NA,NA,NA,NA,NA,NA,NA,NA,NA,NA,NA,NA,NA,NA,NA,1,BAZ1A,11177,GWAS,1,79,0
0.321827526417014,ENSG00000026103,FAS,protein_coding,0.518984133631513,NA,NA,GCST005537,0.85368949174881,NA,NA,NA,NA,NA,NA,NA,NA,NA,NA,NA,NA,NA,NA,NA,NA,NA,NA,NA,NA,NA,NA,NA,NA,NA,NA,NA,NA,NA,NA,NA,NA,NA,NA,NA,NA,NA,NA,NA,NA,0.8536895,NA,NA,NA,NA,NA,NA,NA,NA,NA,NA,NA,NA,NA,1,FAS,355,GWAS,1,270,14
0.320787258772557,ENSG00000197980,LEKR1,protein_coding,0.526758786112876,NA,NA,GCST90565134,0.866478204727173,NA,NA,NA,NA,NA,NA,NA,NA,NA,NA,NA,NA,NA,NA,NA,NA,NA,NA,NA,NA,NA,NA,NA,NA,NA,NA,NA,NA,NA,NA,NA,NA,0.8664782,NA,NA,NA,NA,NA,NA,NA,NA,NA,NA,NA,NA,NA,NA,NA,NA,NA,NA,NA,NA,NA,1,LEKR1,389170,GWAS,1,19,0
0.320237559069832,ENSG00000124203,ZNF831,protein_coding,0.526766468038715,NA,NA,GCST005537,0.866490840911865,NA,NA,NA,NA,NA,NA,NA,NA,NA,NA,NA,NA,NA,NA,NA,NA,NA,NA,NA,NA,NA,NA,NA,NA,NA,NA,NA,NA,NA,NA,NA,NA,NA,NA,NA,NA,NA,NA,NA,NA,0.8664908,NA,NA,NA,NA,NA,NA,NA,NA,NA,NA,NA,NA,NA,1,ZNF831,128611,GWAS,1,26,1
0.316707838235595,ENSG00000177076,ACER2,protein_coding,0.520960345289046,NA,NA,GCST90014457,0.85694020986557,NA,NA,NA,NA,NA,NA,NA,NA,NA,0.8569402,NA,NA,NA,NA,NA,NA,NA,NA,NA,NA,NA,NA,NA,NA,NA,NA,NA,NA,NA,NA,NA,NA,NA,NA,NA,NA,NA,NA,NA,NA,NA,NA,NA,NA,NA,NA,NA,NA,NA,NA,NA,NA,NA,NA,1,ACER2,340485,GWAS,1,48,0
0.31658300172896,ENSG00000006530,AGK,protein_coding,0.520754998714855,NA,NA,GCST011109,0.856602430343628,NA,NA,NA,NA,NA,NA,NA,NA,NA,NA,NA,NA,NA,NA,NA,NA,NA,NA,NA,NA,NA,NA,NA,NA,NA,NA,NA,NA,NA,NA,NA,NA,NA,NA,NA,NA,NA,NA,NA,NA,NA,NA,NA,NA,NA,NA,NA,NA,NA,NA,NA,NA,NA,0.8566024,1,AGK,55750,GWAS,1,125,2
0.316207589033342,ENSG00000178409,BEND3,protein_coding,0.520137473336812,NA,NA,GCST90565134,0.855586647987366,NA,NA,NA,NA,NA,NA,NA,NA,NA,NA,NA,NA,NA,NA,NA,NA,NA,NA,NA,NA,NA,NA,NA,NA,NA,NA,NA,NA,NA,NA,NA,NA,0.8555866,NA,NA,NA,NA,NA,NA,NA,NA,NA,NA,NA,NA,NA,NA,NA,NA,NA,NA,NA,NA,NA,1,BEND3,57673,GWAS,1,17,0
0.315785031647298,ENSG00000135898,GPR55,protein_coding,0.517893019337283,NA,NA,GCST90014457/GCST90014456,0.681515753269196/0.681515753269196,NA,NA,NA,NA,NA,NA,NA,NA,0.6815158,0.6815158,NA,NA,NA,NA,NA,NA,NA,NA,NA,NA,NA,NA,NA,NA,NA,NA,NA,NA,NA,NA,NA,NA,NA,NA,NA,NA,NA,NA,NA,NA,NA,NA,NA,NA,NA,NA,NA,NA,NA,NA,NA,NA,NA,NA,1,GPR55,9290,GWAS,1,63,1
0.31571707650586,ENSG00000171951,SCG2,protein_coding,0.519330617475243,NA,NA,GCST90014457,0.854259431362152,NA,NA,NA,NA,NA,NA,NA,NA,NA,0.8542594,NA,NA,NA,NA,NA,NA,NA,NA,NA,NA,NA,NA,NA,NA,NA,NA,NA,NA,NA,NA,NA,NA,NA,NA,NA,NA,NA,NA,NA,NA,NA,NA,NA,NA,NA,NA,NA,NA,NA,NA,NA,NA,NA,NA,1,SCG2,7857,GWAS,1,53,0
0.315144321546824,ENSG00000164512,ANKRD55,protein_coding,0.517476582862272,NA,NA,GCST90476186/GCST003097_2,0.680967748165131/0.680967748165131,NA,NA,NA,NA,0.6809677,NA,NA,NA,NA,NA,NA,NA,NA,NA,NA,NA,NA,NA,NA,NA,NA,NA,NA,NA,NA,NA,NA,NA,NA,NA,NA,NA,NA,NA,NA,NA,NA,NA,0.6809677,NA,NA,NA,NA,NA,NA,NA,NA,NA,NA,NA,NA,NA,NA,NA,1,ANKRD55,79722,GWAS,1,40,1
0.314598512290775,ENSG00000075426,FOSL2,protein_coding,0.514147274251006,NA,NA,GCST005537,0.845733225345612,NA,NA,NA,NA,NA,NA,NA,NA,NA,NA,NA,NA,NA,NA,NA,NA,NA,NA,NA,NA,NA,NA,NA,NA,NA,NA,NA,NA,NA,NA,NA,NA,NA,NA,NA,NA,NA,NA,NA,NA,0.8457332,NA,NA,NA,NA,NA,NA,NA,NA,NA,NA,NA,NA,NA,1,FOSL2,2355,GWAS,1,127,6
0.311504775118493,ENSG00000095110,NXPE1,protein_coding,0.512401701546134,NA,NA,GCST005537,0.842861890792847,NA,NA,NA,NA,NA,NA,NA,NA,NA,NA,NA,NA,NA,NA,NA,NA,NA,NA,NA,NA,NA,NA,NA,NA,NA,NA,NA,NA,NA,NA,NA,NA,NA,NA,NA,NA,NA,NA,NA,NA,0.8428619,NA,NA,NA,NA,NA,NA,NA,NA,NA,NA,NA,NA,NA,1,NXPE1,120400,GWAS,1,7,0
0.310327674884046,ENSG00000162927,PUS10,protein_coding,0.510465461041341,NA,NA,GCST005537,0.791160404682159,NA,NA,NA,NA,NA,NA,NA,NA,NA,NA,NA,NA,NA,NA,NA,NA,NA,NA,NA,NA,NA,NA,NA,NA,NA,NA,NA,NA,NA,NA,NA,NA,NA,NA,NA,NA,NA,NA,NA,NA,0.7911604,NA,NA,NA,NA,NA,NA,NA,NA,NA,NA,NA,NA,NA,1,PUS10,150962,GWAS,1,36,2
0.309609077451238,ENSG00000099917,MED15,protein_coding,0.507611613136271,NA,NA,GCST90476190/GCST90480458,0.678748548030853/0.624936044216156,NA,NA,0.624936,NA,NA,NA,0.6787485,NA,NA,NA,NA,NA,NA,NA,NA,NA,NA,NA,NA,NA,NA,NA,NA,NA,NA,NA,NA,NA,NA,NA,NA,NA,NA,NA,NA,NA,NA,NA,NA,NA,NA,NA,NA,NA,NA,NA,NA,NA,NA,NA,NA,NA,NA,NA,2,MED15,51586,GWAS,1,192,3
0.309419450423172,ENSG00000116833,NR5A2,protein_coding,0.505019950583028,NA,NA,GCST005537,0.830719470977783,NA,NA,NA,NA,NA,NA,NA,NA,NA,NA,NA,NA,NA,NA,NA,NA,NA,NA,NA,NA,NA,NA,NA,NA,NA,NA,NA,NA,NA,NA,NA,NA,NA,NA,NA,NA,NA,NA,NA,NA,0.8307195,NA,NA,NA,NA,NA,NA,NA,NA,NA,NA,NA,NA,NA,1,NR5A2,2494,GWAS,1,139,1
0.309002824189595,ENSG00000117114,ADGRL2,protein_coding,0.508286182248991,NA,NA,GCST003097_2,0.836092174053192,NA,NA,NA,NA,NA,NA,NA,NA,NA,NA,NA,NA,NA,NA,NA,NA,NA,NA,NA,NA,NA,NA,NA,NA,NA,NA,NA,NA,NA,NA,NA,NA,NA,NA,NA,NA,NA,NA,0.8360922,NA,NA,NA,NA,NA,NA,NA,NA,NA,NA,NA,NA,NA,NA,NA,1,ADGRL2,23266,GWAS,1,263,0
0.308871004592683,ENSG00000136193,SCRN1,protein_coding,0.508069349021541,NA,NA,GCST008479,0.835735499858856,NA,NA,NA,NA,NA,NA,NA,NA,NA,NA,NA,NA,NA,NA,NA,NA,NA,NA,NA,NA,NA,NA,NA,NA,NA,NA,NA,NA,NA,NA,NA,NA,NA,NA,NA,NA,NA,NA,NA,NA,NA,NA,NA,NA,NA,0.8357355,NA,NA,NA,NA,NA,NA,NA,NA,1,SCRN1,9805,GWAS,1,10,0
0.308721958571174,ENSG00000100376,FAM118A,protein_coding,0.507824179633686,NA,NA,GCST005537,0.835332214832306,NA,NA,NA,NA,NA,NA,NA,NA,NA,NA,NA,NA,NA,NA,NA,NA,NA,NA,NA,NA,NA,NA,NA,NA,NA,NA,NA,NA,NA,NA,NA,NA,NA,NA,NA,NA,NA,NA,NA,NA,0.8353322,NA,NA,NA,NA,NA,NA,NA,NA,NA,NA,NA,NA,NA,1,FAM118A,55007,GWAS,1,27,0
0.306461543101808,ENSG00000131507,NDFIP1,protein_coding,0.501247545228185,NA,NA,GCST005537,0.824514150619507,NA,NA,NA,NA,NA,NA,NA,NA,NA,NA,NA,NA,NA,NA,NA,NA,NA,NA,NA,NA,NA,NA,NA,NA,NA,NA,NA,NA,NA,NA,NA,NA,NA,NA,NA,NA,NA,NA,NA,NA,0.8245142,NA,NA,NA,NA,NA,NA,NA,NA,NA,NA,NA,NA,NA,1,NDFIP1,80762,GWAS,1,30,0
0.306354575008112,ENSG00000170035,UBE2E3,protein_coding,0.5025621691406,NA,NA,GCST005527,0.826676607131958,NA,NA,NA,NA,NA,NA,NA,NA,NA,NA,NA,NA,NA,NA,NA,NA,NA,NA,NA,NA,NA,NA,NA,NA,NA,NA,NA,NA,NA,NA,NA,0.8266766,NA,NA,NA,NA,NA,NA,NA,NA,NA,NA,NA,NA,NA,NA,NA,NA,NA,NA,NA,NA,NA,NA,1,UBE2E3,10477,GWAS,1,116,0
0.305247450440945,ENSG00000162426,SLC45A1,protein_coding,0.50058905059561,NA,NA,GCST90565134/GCST90472771/FINNGEN_R12_L12_PSORI_VULG/GCST90019017/GCST90019016,0.554388105869293/0.554388105869293/0.550222516059875/0.538417160511017/0.534093618392944,0.5543881,NA,NA,NA,NA,NA,NA,NA,NA,NA,NA,0.5384172,NA,0.5340936,0.5502225,NA,NA,NA,NA,NA,NA,NA,NA,NA,NA,NA,NA,NA,NA,NA,NA,NA,0.5543881,NA,NA,NA,NA,NA,NA,NA,NA,NA,NA,NA,NA,NA,NA,NA,NA,NA,NA,NA,NA,NA,4,SLC45A1,50651,GWAS,1,36,0
0.304680577680539,ENSG00000146047,H2BC1,protein_coding,0.501176414943178,NA,NA,GCST90019017,0.824397146701813,NA,NA,NA,NA,NA,NA,NA,NA,NA,NA,NA,0.8243971,NA,NA,NA,NA,NA,NA,NA,NA,NA,NA,NA,NA,NA,NA,NA,NA,NA,NA,NA,NA,NA,NA,NA,NA,NA,NA,NA,NA,NA,NA,NA,NA,NA,NA,NA,NA,NA,NA,NA,NA,NA,NA,1,H2BC1,255626,GWAS,1,500,4
