ID	Description	GeneRatio	BgRatio	RichFactor	FoldEnrichment	zScore	pvalue	p.adjust	qvalue	geneID	Count	method
hsa04724	Glutamatergic synapse	5/44	116/8265	0.0431034482758621	8.09659090909091	5.63100320680371	0.000350428007825657	0.0310753680248812	0.0252766151398555	775/2903/108/2913/22941	5	KEGG
hsa04971	Gastric acid secretion	4/44	76/8265	0.0526315789473684	9.88636363636364	5.69343818651536	0.00067832957442036	0.0310753680248812	0.0252766151398555	108/483/3773/481	4	KEGG
hsa04911	Insulin secretion	4/44	86/8265	0.0465116279069767	8.73678646934461	5.27617146348109	0.00108023823163756	0.0310753680248812	0.0252766151398555	775/108/483/481	4	KEGG
hsa04024	cAMP signaling pathway	6/44	225/8265	0.0266666666666667	5.00909090909091	4.46034351538583	0.00113098804989316	0.0310753680248812	0.0252766151398555	1813/775/2903/108/483/481	6	KEGG
hsa04976	Bile secretion	4/44	88/8265	0.0454545454545455	8.53822314049587	5.20082804030236	0.00117709727366974	0.0310753680248812	0.0252766151398555	108/483/366/481	4	KEGG
hsa04022	cGMP-PKG signaling pathway	5/44	165/8265	0.0303030303030303	5.69214876033058	4.45379684859171	0.00172747324091797	0.033083459625098	0.0269099910826156	775/108/483/481/4208	5	KEGG
hsa04925	Aldosterone synthesis and secretion	4/44	98/8265	0.0408163265306122	7.6669758812616	4.85701911269611	0.00175442588920974	0.033083459625098	0.0269099910826156	775/108/483/481	4	KEGG
hsa05030	Cocaine addiction	3/44	49/8265	0.0612244897959184	11.5004638218924	5.3930627823291	0.00218652543409343	0.0360776696625415	0.0293454729312539	1813/2903/2913	3	KEGG
hsa04082	Neuroactive ligand signaling	5/44	197/8265	0.0253807106598985	4.76753576372866	3.91531510887356	0.00373325294370581	0.0536954369719395	0.0436757142833958	1813/2903/108/2913/1136	5	KEGG
hsa05202	Transcriptional misregulation in cancer	5/44	201/8265	0.0248756218905473	4.67265943012212	3.85622703604901	0.00406783613423784	0.0536954369719395	0.0436757142833958	64919/958/5079/2119/4208	5	KEGG
hsa04964	Proximal tubule bicarbonate reclamation	2/44	22/8265	0.0909090909090909	17.0764462809917	5.52354520382102	0.0059801426603327	0.0717617119239924	0.0583707704644914	483/481	2	KEGG
hsa04918	Thyroid hormone synthesis	3/44	74/8265	0.0405405405405405	7.61517199017199	4.18165024417211	0.0070145702728363	0.0767879182956013	0.0624590722978576	108/483/481	3	KEGG
hsa04820	Cytoskeleton in muscle cells	5/44	233/8265	0.0214592274678112	4.03092079594226	3.43320602919666	0.00756244649880922	0.0767879182956013	0.0624590722978576	288/23345/6641/483/481	5	KEGG
hsa04261	Adrenergic signaling in cardiomyocytes	4/44	154/8265	0.025974025974026	4.87898465171193	3.55467900647175	0.00882335116486647	0.0786273613013049	0.0639552699579992	775/108/483/481	4	KEGG
hsa01040	Biosynthesis of unsaturated fatty acids	2/44	27/8265	0.0740740740740741	13.9141414141414	4.91694889519892	0.00893492742060283	0.0786273613013049	0.0639552699579992	9415/3992	2	KEGG
hsa04260	Cardiac muscle contraction	3/44	83/8265	0.036144578313253	6.789430449069	3.87796886492713	0.00961824618547041	0.0793505310301309	0.0645434941393409	775/483/481	3	KEGG
hsa04970	Salivary secretion	3/44	93/8265	0.032258064516129	6.05938416422287	3.58950134812121	0.0130937460840916	0.101669087241181	0.0826973436889993	108/483/481	3	KEGG
hsa04713	Circadian entrainment	3/44	97/8265	0.0309278350515464	5.80951265229616	3.48568584297318	0.014660190689582	0.107508065056935	0.0874467514817173	775/2903/108	3	KEGG
hsa04972	Pancreatic secretion	3/44	101/8265	0.0297029702970297	5.57943294329433	3.38750590775695	0.0163288513552245	0.113442546257349	0.0922738414533462	108/483/481	3	KEGG
hsa04960	Aldosterone-regulated sodium reabsorption	2/44	38/8265	0.0526315789473684	9.88636363636364	4.01656037044451	0.0172460558235668	0.113774344321838	0.0925437250464707	483/481	2	KEGG
hsa05414	Dilated cardiomyopathy	3/44	105/8265	0.0285714285714286	5.36688311688312	3.29443016911171	0.0181004638693832	0.113774344321838	0.0925437250464707	775/108/6641	3	KEGG
hsa04725	Cholinergic synapse	3/44	115/8265	0.0260869565217391	4.9001976284585	3.08117168441277	0.0229831174267854	0.137898704560713	0.112166410408235	775/108/1136	3	KEGG
hsa04973	Carbohydrate digestion and absorption	2/44	48/8265	0.0416666666666667	7.82670454545455	3.47003816136396	0.0267613139158197	0.153586671169052	0.124926957410234	483/481	2	KEGG
hsa04961	Endocrine and other factor-regulated calcium reabsorption	2/44	52/8265	0.0384615384615385	7.22465034965035	3.29400982433787	0.0310414524496454	0.169740857594792	0.138066726273276	483/481	2	KEGG
hsa04728	Dopaminergic synapse	3/44	131/8265	0.0229007633587786	4.30170020818876	2.78663680802465	0.0321478896959834	0.169740857594792	0.138066726273276	1813/775/2903	3	KEGG
hsa01212	Fatty acid metabolism	2/44	57/8265	0.0350877192982456	6.59090909090909	3.09856315919384	0.0367445952418502	0.186549483535547	0.151738814359057	9415/3992	2	KEGG
hsa04978	Mineral absorption	2/44	59/8265	0.0338983050847458	6.36748844375963	3.02684746714149	0.0391308356104374	0.191306307428805	0.15560800125788	483/481	2	KEGG
hsa04927	Cortisol synthesis and secretion	2/44	65/8265	0.0307692307692308	5.77972027972028	2.83016269388649	0.0466305790118833	0.21408966265649	0.174139916993318	775/108	2	KEGG
hsa04921	Oxytocin signaling pathway	3/44	154/8265	0.0194805194805195	3.65923848878394	2.43691070680317	0.0482016120219226	0.21408966265649	0.174139916993318	775/108/4208	3	KEGG
hsa04720	Long-term potentiation	2/44	67/8265	0.0298507462686567	5.60719131614654	2.76999419993466	0.0492394592949044	0.21408966265649	0.174139916993318	775/2903	2	KEGG
hsa05416	Viral myocarditis	2/44	68/8265	0.0294117647058824	5.52473262032086	2.74081093151295	0.0505635533324875	0.21408966265649	0.174139916993318	958/6641	2	KEGG
hsa05031	Amphetamine addiction	2/44	69/8265	0.0289855072463768	5.44466403162055	2.712199786827	0.0519005242803613	0.21408966265649	0.174139916993318	775/2903	2	KEGG
hsa04360	Axon guidance	3/44	182/8265	0.0164835164835165	3.09627872127872	2.09198034068755	0.072113839378659	0.288295314147698	0.234498580885687	2242/25791/57556	3	KEGG
hsa04742	Taste transduction	2/44	85/8265	0.0235294117647059	4.41978609625668	2.31841363179064	0.0749106273445178	0.288295314147698	0.234498580885687	6326/775	2	KEGG
hsa05412	Arrhythmogenic right ventricular cardiomyopathy	2/44	86/8265	0.0232558139534884	4.3683932346723	2.29710621237635	0.0764419393573441	0.288295314147698	0.234498580885687	775/6641	2	KEGG
hsa04540	Gap junction	2/44	89/8265	0.0224719101123595	4.22114402451481	2.23508412460243	0.0810956547860687	0.289314227885434	0.235327362394851	1813/108	2	KEGG
hsa04727	GABAergic synapse	2/44	89/8265	0.0224719101123595	4.22114402451481	2.23508412460243	0.0810956547860687	0.289314227885434	0.235327362394851	775/108	2	KEGG
hsa05207	Chemical carcinogenesis - receptor activation	3/44	196/8265	0.0153061224489796	2.8751159554731	1.94359366844831	0.085739941171722	0.290521976685682	0.236309741801751	775/108/1136	3	KEGG
hsa04912	GnRH signaling pathway	2/44	92/8265	0.0217391304347826	4.08349802371542	2.17573504479108	0.0858360385662242	0.290521976685682	0.236309741801751	775/108	2	KEGG
hsa05410	Hypertrophic cardiomyopathy	2/44	99/8265	0.0202020202020202	3.79476584022039	2.04652712031795	0.0972129246560837	0.31848831678396	0.259057482551547	775/6641	2	KEGG
hsa04015	Rap1 signaling pathway	3/44	210/8265	0.0142857142857143	2.68344155844156	1.80773217379117	0.1003881863259	0.31848831678396	0.259057482551547	1813/2903/108	3	KEGG
hsa04974	Protein digestion and absorption	2/44	103/8265	0.0194174757281553	3.64739629302736	1.97787318218117	0.10389887025199	0.31848831678396	0.259057482551547	483/481	2	KEGG
hsa04914	Progesterone-mediated oocyte maturation	2/44	104/8265	0.0192307692307692	3.61232517482518	1.96124290201046	0.105590066223481	0.31848831678396	0.259057482551547	108/8379	2	KEGG
hsa00770	Pantothenate and CoA biosynthesis	1/44	21/8265	0.0476190476190476	8.94480519480519	2.66675474837922	0.10616277226132	0.31848831678396	0.259057482551547	1806	1	KEGG
hsa05166	Human T-cell leukemia virus 1 infection	3/44	221/8265	0.0135746606334842	2.54987659399424	1.70850555008128	0.112565151203025	0.33019111019554	0.26857650111599	108/958/8379	3	KEGG
hsa00534	Glycosaminoglycan biosynthesis - heparan sulfate / heparin	1/44	24/8265	0.0416666666666667	7.82670454545455	2.45011201204468	0.120400045100957	0.34517033806636	0.280760562063546	9957	1	KEGG
hsa04928	Parathyroid hormone synthesis, secretion and action	2/44	114/8265	0.0175438596491228	3.29545454545455	1.80540584765295	0.122901559766052	0.34517033806636	0.280760562063546	108/4208	2	KEGG
hsa00592	alpha-Linolenic acid metabolism	1/44	26/8265	0.0384615384615385	7.22465034965035	2.3255385989603	0.129768183631925	0.34530571758739	0.280870679377303	9415	1	KEGG
hsa04950	Maturity onset diabetes of the young	1/44	26/8265	0.0384615384615385	7.22465034965035	2.3255385989603	0.129768183631925	0.34530571758739	0.280870679377303	5080	1	KEGG
hsa04080	Neuroactive ligand-receptor interaction	4/44	368/8265	0.0108695652173913	2.04174901185771	1.49559879271764	0.130797620298254	0.34530571758739	0.280870679377303	1813/2903/2913/1136	4	KEGG
hsa04935	Growth hormone synthesis, secretion and action	2/44	121/8265	0.0165289256198347	3.10480841472577	1.70626130709194	0.135409613248434	0.348327623342719	0.28332868884336	775/108	2	KEGG
hsa04919	Thyroid hormone signaling pathway	2/44	122/8265	0.0163934426229508	3.07935916542474	1.69268590308351	0.13721997283198	0.348327623342719	0.28332868884336	483/481	2	KEGG
hsa05310	Asthma	1/44	30/8265	0.0333333333333333	6.26136363636364	2.11196303625158	0.148212859896078	0.366633598661938	0.298218716614974	958	1	KEGG
hsa04020	Calcium signaling pathway	3/44	253/8265	0.0118577075098814	2.22736255839023	1.45051368098774	0.150945610913575	0.366633598661938	0.298218716614974	775/2903/108	3	KEGG
hsa00410	beta-Alanine metabolism	1/44	31/8265	0.032258064516129	6.05938416422287	2.06458249645381	0.152763999442474	0.366633598661938	0.298218716614974	1806	1	KEGG
hsa04114	Oocyte meiosis	2/44	133/8265	0.0150375939849624	2.82467532467532	1.55192919422047	0.157477045907406	0.369014427074044	0.300155275610466	108/8379	2	KEGG
hsa04270	Vascular smooth muscle contraction	2/44	134/8265	0.0149253731343284	2.80359565807327	1.53985124383783	0.159347138963792	0.369014427074044	0.300155275610466	775/108	2	KEGG
hsa04371	Apelin signaling pathway	2/44	138/8265	0.0144927536231884	2.72233201581028	1.49262412350996	0.166869841430935	0.373335916421754	0.303670362639704	108/4208	2	KEGG
hsa05322	Systemic lupus erythematosus	2/44	138/8265	0.0144927536231884	2.72233201581028	1.49262412350996	0.166869841430935	0.373335916421754	0.303670362639704	2903/958	2	KEGG
hsa04723	Retrograde endocannabinoid signaling	2/44	140/8265	0.0142857142857143	2.68344155844156	1.46963520067126	0.170655270232317	0.375441594511097	0.305383115152567	775/108	2	KEGG
hsa05330	Allograft rejection	1/44	37/8265	0.027027027027027	5.07678132678133	1.81815249395704	0.179575948388424	0.388590576840524	0.316078459631049	958	1	KEGG
hsa05340	Primary immunodeficiency	1/44	38/8265	0.0263157894736842	4.94318181818182	1.78228446105402	0.183963242782069	0.391663678181179	0.318578111439237	958	1	KEGG
hsa04072	Phospholipase D signaling pathway	2/44	149/8265	0.0134228187919463	2.52135448444173	1.37091870614765	0.187865816661111	0.393623615861376	0.320172319121693	108/2913	2	KEGG
hsa04216	Ferroptosis	1/44	41/8265	0.024390243902439	4.58148558758315	1.68179382579797	0.19698800746633	0.398954986657998	0.324508840822295	64116	1	KEGG
hsa05033	Nicotine addiction	1/44	41/8265	0.024390243902439	4.58148558758315	1.68179382579797	0.19698800746633	0.398954986657998	0.324508840822295	2903	1	KEGG
hsa04934	Cushing syndrome	2/44	155/8265	0.0129032258064516	2.42375366568915	1.30902953557221	0.199477493328999	0.398954986657998	0.324508840822295	775/108	2	KEGG
hsa04514	Cell adhesion molecule (CAM) interaction	2/44	157/8265	0.0127388535031847	2.39287782281413	1.28903630224023	0.203368815974959	0.400666921025292	0.325901323322008	257194/958	2	KEGG
hsa04517	IgSF CAM signaling	3/44	295/8265	0.0101694915254237	1.91024653312789	1.16466238463749	0.206662631752239	0.401168638107288	0.326309418556167	288/145581/253559	3	KEGG
hsa04930	Type II diabetes mellitus	1/44	46/8265	0.0217391304347826	4.08349802371542	1.53416569864278	0.21824584209898	0.417513784885005	0.339604514021296	775	1	KEGG
hsa04672	Intestinal immune network for IgA production	1/44	48/8265	0.0208333333333333	3.91335227272727	1.4808673052346	0.226594106547532	0.427291743775346	0.347557877712004	958	1	KEGG
hsa05144	Malaria	1/44	49/8265	0.0204081632653061	3.8334879406308	1.45528603459731	0.230735503567357	0.428973048885791	0.348925446462127	958	1	KEGG
hsa04913	Ovarian steroidogenesis	1/44	52/8265	0.0192307692307692	3.61232517482518	1.38241094790531	0.243030088593766	0.439451667046261	0.357448724391696	108	1	KEGG
hsa05320	Autoimmune thyroid disease	1/44	52/8265	0.0192307692307692	3.61232517482518	1.38241094790531	0.243030088593766	0.439451667046261	0.357448724391696	958	1	KEGG
hsa00240	Pyrimidine metabolism	1/44	58/8265	0.0172413793103448	3.23863636363636	1.25159696823841	0.267045893471034	0.463674801966041	0.377151752795344	1806	1	KEGG
hsa04923	Regulation of lipolysis in adipocytes	1/44	58/8265	0.0172413793103448	3.23863636363636	1.25159696823841	0.267045893471034	0.463674801966041	0.377151752795344	108	1	KEGG
hsa05034	Alcoholism	2/44	190/8265	0.0105263157894737	1.97727272727273	0.996966309559619	0.268490322520567	0.463674801966041	0.377151752795344	1813/2903	2	KEGG
hsa04062	Chemokine signaling pathway	2/44	191/8265	0.0104712041884817	1.96692051404093	0.989059124228625	0.270476967813524	0.463674801966041	0.377151752795344	108/1794	2	KEGG
hsa04213	Longevity regulating pathway - multiple species	1/44	62/8265	0.0161290322580645	3.02969208211144	1.17354248012479	0.282641047119814	0.478315618202761	0.389060550691241	108	1	KEGG
hsa05169	Epstein-Barr virus infection	2/44	201/8265	0.00995024875621891	1.86906377204885	0.912501493152079	0.290338110912287	0.485121906840783	0.394596766329824	958/864	2	KEGG
hsa04929	GnRH secretion	1/44	65/8265	0.0153846153846154	2.88986013986014	1.11902189908241	0.294124138422432	0.485304828397013	0.394745554198527	775	1	KEGG
hsa04924	Renin secretion	1/44	69/8265	0.0144927536231884	2.72233201581028	1.05099249187182	0.309155865086941	0.503635766419244	0.409655886561108	775	1	KEGG
hsa03250	Viral life cycle - HIV-1	1/44	70/8265	0.0142857142857143	2.68344155844156	1.03474122873855	0.312864642775591	0.503635766419244	0.409655886561108	5045	1	KEGG
hsa05010	Alzheimer disease	3/44	372/8265	0.00806451612903226	1.51484604105572	0.743339077718232	0.317798114081455	0.505413868177736	0.411102189426867	775/2903/64116	3	KEGG
hsa04081	Hormone signaling	2/44	217/8265	0.00921658986175115	1.73125261834939	0.798569070775067	0.321999903985462	0.505999849120011	0.411578824643071	1813/108	2	KEGG
hsa03320	PPAR signaling pathway	1/44	75/8265	0.0133333333333333	2.50454545454545	0.957531703425909	0.331118613686996	0.514207729490393	0.418255090973047	9415	1	KEGG
hsa00983	Drug metabolism - other enzymes	1/44	79/8265	0.0126582278481013	2.3777330264672	0.900123112314351	0.345379792455736	0.530117820978571	0.431196313714627	1806	1	KEGG
hsa04623	Cytosolic DNA-sensing pathway	1/44	82/8265	0.0121951219512195	2.29074279379157	0.859309331717031	0.355880243058751	0.539956230847761	0.439198848057987	1687	1	KEGG
hsa04512	ECM-receptor interaction	1/44	89/8265	0.0112359550561798	2.11057201225741	0.770602573164418	0.379745286776919	0.560497617627646	0.455907153094257	961	1	KEGG
hsa04211	Longevity regulating pathway	1/44	90/8265	0.0111111111111111	2.08712121212121	0.758602923957913	0.383083252454734	0.560497617627646	0.455907153094257	108	1	KEGG
hsa04658	Th1 and Th2 cell differentiation	1/44	90/8265	0.0111111111111111	2.08712121212121	0.758602923957913	0.383083252454734	0.560497617627646	0.455907153094257	864	1	KEGG
hsa05032	Morphine addiction	1/44	91/8265	0.010989010989011	2.06418581418581	0.746758222457122	0.386403660637241	0.560497617627646	0.455907153094257	108	1	KEGG
hsa05012	Parkinson disease	2/44	253/8265	0.00790513833992095	1.48490837226015	0.573071276437956	0.391875337971943	0.562255919698874	0.457337350951238	1813/64116	2	KEGG
hsa01522	Endocrine resistance	1/44	95/8265	0.0105263157894737	1.97727272727273	0.700851039574673	0.399511515932632	0.566266089231423	0.460599211336564	108	1	KEGG
hsa05020	Prion disease	2/44	259/8265	0.00772200772200772	1.45050895050895	0.538895654172872	0.403250093846619	0.566266089231423	0.460599211336564	775/2903	2	KEGG
hsa04750	Inflammatory mediator regulation of TRP channels	1/44	98/8265	0.0102040816326531	1.9167439703154	0.667865470727971	0.409162429334581	0.568520428128049	0.462432884123294	108	1	KEGG
hsa04916	Melanogenesis	1/44	101/8265	0.0099009900990099	1.85981098109811	0.636020837970582	0.41866170517592	0.573095379644563	0.466154136552994	108	1	KEGG
hsa04064	NF-kappa B signaling pathway	1/44	104/8265	0.00961538461538462	1.80616258741259	0.605238837670787	0.428011671467009	0.573095379644563	0.466154136552994	958	1	KEGG
hsa04922	Glucagon signaling pathway	1/44	105/8265	0.00952380952380952	1.78896103896104	0.595201881854383	0.431095544332523	0.573095379644563	0.466154136552994	108	1	KEGG
hsa04620	Toll-like receptor signaling pathway	1/44	106/8265	0.00943396226415094	1.77208404802744	0.585272628750696	0.434163166397396	0.573095379644563	0.466154136552994	958	1	KEGG
hsa05215	Prostate cancer	1/44	106/8265	0.00943396226415094	1.77208404802744	0.585272628750696	0.434163166397396	0.573095379644563	0.466154136552994	2119	1	KEGG
hsa03013	Nucleocytoplasmic transport	1/44	108/8265	0.00925925925925926	1.73926767676768	0.565727815898839	0.440249992321116	0.573642704060942	0.46659932866201	80145	1	KEGG
hsa05145	Toxoplasmosis	1/44	109/8265	0.00917431192660551	1.72331109257715	0.556107732991939	0.443269362228909	0.573642704060942	0.46659932866201	958	1	KEGG
hsa04726	Serotonergic synapse	1/44	112/8265	0.00892857142857143	1.67715097402597	0.527831088625757	0.452232287287123	0.579559824484468	0.471412297427558	775	1	KEGG
hsa04670	Leukocyte transendothelial migration	1/44	116/8265	0.00862068965517241	1.61931818181818	0.491416612923622	0.463963790422237	0.588877118612839	0.478990957723362	394	1	KEGG
hsa04010	MAPK signaling pathway	2/44	297/8265	0.00673400673400673	1.26492194674013	0.340157983331933	0.472891149386032	0.594491730656725	0.483557867041356	775/4208	2	KEGG
hsa04611	Platelet activation	1/44	126/8265	0.00793650793650794	1.49080086580087	0.406129219864304	0.492228745005527	0.608305297126172	0.494793782351432	108	1	KEGG
hsa00230	Purine metabolism	1/44	128/8265	0.0078125	1.46750710227273	0.389960131523305	0.497704334012323	0.608305297126172	0.494793782351432	108	1	KEGG
hsa04926	Relaxin signaling pathway	1/44	128/8265	0.0078125	1.46750710227273	0.389960131523305	0.497704334012323	0.608305297126172	0.494793782351432	108	1	KEGG
hsa04142	Lysosome	1/44	132/8265	0.00757575757575758	1.42303719008264	0.358425827553725	0.50848295060361	0.615777518162171	0.500871665490761	8722	1	KEGG
hsa04210	Apoptosis	1/44	135/8265	0.00740740740740741	1.39141414141414	0.33544188669278	0.516418247608524	0.617231308158476	0.502054174100196	8722	1	KEGG
hsa05418	Fluid shear stress and atherosclerosis	1/44	136/8265	0.00735294117647059	1.38118315508021	0.327901770185766	0.519035418224173	0.617231308158476	0.502054174100196	4208	1	KEGG
hsa04915	Estrogen signaling pathway	1/44	138/8265	0.0072463768115942	1.36116600790514	0.312997198590298	0.524228298822244	0.617840495040501	0.502549684961173	108	1	KEGG
hsa05017	Spinocerebellar ataxia	1/44	142/8265	0.00704225352112676	1.32282330345711	0.28386378632129	0.53445020791923	0.624313517215384	0.507814822615384	2903	1	KEGG
hsa04550	Signaling pathways regulating pluripotency of stem cells	1/44	144/8265	0.00694444444444444	1.30445075757576	0.269620381124393	0.539480360943938	0.624661470566665	0.508097846872407	5080	1	KEGG
hsa03040	Spliceosome	1/44	148/8265	0.00675675675675676	1.26919533169533	0.241746267450363	0.549381832923524	0.630594799529611	0.512923999617387	80145	1	KEGG
hsa04148	Efferocytosis	1/44	157/8265	0.00636942675159236	1.19643891140706	0.181794040962378	0.57090559679677	0.641245015071042	0.521586854364005	961	1	KEGG
hsa04390	Hippo signaling pathway	1/44	157/8265	0.00636942675159236	1.19643891140706	0.181794040962378	0.57090559679677	0.641245015071042	0.521586854364005	9231	1	KEGG
hsa04110	Cell cycle	1/44	158/8265	0.00632911392405063	1.1888665132336	0.175352752763393	0.573234180139265	0.641245015071042	0.521586854364005	8379	1	KEGG
hsa03010	Ribosome	1/44	169/8265	0.00591715976331361	1.11148466917698	0.107122924455971	0.598047354568739	0.663380258849357	0.539591598107133	51650	1	KEGG
hsa04613	Neutrophil extracellular trap formation	1/44	194/8265	0.00515463917525773	0.968252108716026	-0.0327349170050783	0.649313989433566	0.708342533927526	0.576163783577414	366	1	KEGG
hsa04814	Motor proteins	1/44	194/8265	0.00515463917525773	0.968252108716026	-0.0327349170050783	0.649313989433566	0.708342533927526	0.576163783577414	57519	1	KEGG
hsa04510	Focal adhesion	1/44	200/8265	0.005	0.939204545454546	-0.0636712080962334	0.660633078239407	0.708972083964241	0.576675857769957	394	1	KEGG
hsa05205	Proteoglycans in cancer	1/44	200/8265	0.005	0.939204545454546	-0.0636712080962334	0.660633078239407	0.708972083964241	0.576675857769957	288	1	KEGG
hsa05203	Viral carcinogenesis	1/44	203/8265	0.00492610837438424	0.925324675324675	-0.0788066578993254	0.666157936088936	0.709135867449513	0.576809078786685	8379	1	KEGG
hsa04382	Cornified envelope formation	1/44	214/8265	0.00467289719626168	0.877761257434155	-0.132540930599419	0.685673770735283	0.718324902675058	0.584283413659138	5045	1	KEGG
hsa05417	Lipid and atherosclerosis	1/44	214/8265	0.00467289719626168	0.877761257434155	-0.132540930599419	0.685673770735283	0.718324902675058	0.584283413659138	958	1	KEGG
hsa04714	Thermogenesis	1/44	220/8265	0.00454545454545455	0.853822314049587	-0.16076391253665	0.695844141937038	0.723239580595976	0.58828099857089	108	1	KEGG
hsa05163	Human cytomegalovirus infection	1/44	224/8265	0.00446428571428571	0.838575487012987	-0.179183341525549	0.702444973142426	0.724396378553127	0.589221934708285	108	1	KEGG
hsa05022	Pathways of neurodegeneration - multiple diseases	2/44	462/8265	0.00432900432900433	0.813164108618654	-0.302349782882675	0.713891854880748	0.729391995343092	0.593285355063759	775/2903	2	KEGG
hsa04014	Ras signaling pathway	1/44	234/8265	0.00427350427350427	0.802738927738928	-0.223935874799378	0.718340601474257	0.729391995343092	0.593285355063759	2903	1	KEGG
hsa04060	Cytokine-cytokine receptor interaction	1/44	296/8265	0.00337837837837838	0.634597665847666	-0.468354209291939	0.799908044084089	0.80601421235954	0.655609646416851	958	1	KEGG
hsa05014	Amyotrophic lateral sclerosis	1/44	351/8265	0.00284900284900285	0.535159285159285	-0.651056777168117	0.852589756571654	0.852589756571654	0.693494060369288	2903	1	KEGG
GO:0042391	regulation of membrane potential	13/102	457/17176	0.0284463894967177	4.79014888231004	6.3473148485886	3.06717169404883e-06	0.00654227722340615	0.00593094147575547	1813/6326/775/288/2903/3745/64116/23345/1136/483/481/4208/23613	13	GO
GO:0050807	regulation of synapse organization	10/102	310/17176	0.032258064516129	5.43200506008855	6.08633519422494	1.55971226678227e-05	0.0130808724038263	0.0118585449728965	1813/257194/91752/145581/22941/23767/25791/9231/4208/23613	10	GO
GO:0050803	regulation of synapse structure or activity	10/102	316/17176	0.0316455696202532	5.32886572350459	6.00301862869118	1.83978514821748e-05	0.0130808724038263	0.0118585449728965	1813/257194/91752/145581/22941/23767/25791/9231/4208/23613	10	GO
GO:0048167	regulation of synaptic plasticity	8/102	203/17176	0.0394088669950739	6.63614411281754	6.243550413542	2.81199315968791e-05	0.0135177310273694	0.0122545818329891	1813/2903/3745/22986/152330/22941/729993/4208	8	GO
GO:0050804	modulation of chemical synaptic transmission	12/102	498/17176	0.0240963855421687	4.05764233404205	5.35192710457983	3.9138418669329e-05	0.0135177310273694	0.0122545818329891	1813/2903/2913/3745/22986/152330/23345/22941/729993/1136/4208/23613	12	GO
GO:0099177	regulation of trans-synaptic signaling	12/102	499/17176	0.0240480961923848	4.04951078627844	5.34321072835844	3.99069023931651e-05	0.0135177310273694	0.0122545818329891	1813/2903/2913/3745/22986/152330/23345/22941/729993/1136/4208/23613	12	GO
GO:0060079	excitatory postsynaptic potential	6/102	108/17176	0.0555555555555556	9.35511982570806	6.73215433436829	4.43619864939454e-05	0.0135177310273694	0.0122545818329891	1813/2903/23345/1136/4208/23613	6	GO
GO:0010960	magnesium ion homeostasis	3/102	13/17176	0.230769230769231	38.8597285067873	10.5543961355615	5.56929171805232e-05	0.014849124043257	0.0134615643237659	288/26504/54805	3	GO
GO:0099565	chemical synaptic transmission, postsynaptic	6/102	118/17176	0.0508474576271186	8.56231306081755	6.37107064765851	7.28291372206465e-05	0.0172605055212932	0.0156476169677576	1813/2903/23345/1136/4208/23613	6	GO
GO:0001764	neuron migration	7/102	188/17176	0.0372340425531915	6.26992073425115	5.61555521288282	0.000129431695199681	0.0268004272162489	0.0242960913940086	1813/5080/57556/57057/10806/460/4208	7	GO
GO:0045664	regulation of neuron differentiation	7/102	190/17176	0.0368421052631579	6.20392156862745	5.57497344711957	0.000138211298349151	0.0268004272162489	0.0242960913940086	64919/6925/152330/5080/55755/2119/4208	7	GO
GO:0008356	asymmetric cell division	3/102	19/17176	0.157894736842105	26.5882352941176	8.62536099665571	0.000183866037631457	0.0326821881889915	0.0296282378183322	5080/2119/6660	3	GO
GO:0060038	cardiac muscle cell proliferation	4/102	49/17176	0.0816326530612245	13.7462985194078	6.90593198608281	0.000202283055994714	0.0328148945265991	0.0297485435612617	2242/26011/57057/4208	4	GO
GO:0097154	GABAergic neuron differentiation	3/102	20/17176	0.15	25.2588235294118	8.38991448929038	0.00021538139867435	0.0328148945265991	0.0297485435612617	1813/64919/57688	3	GO
GO:1902307	positive regulation of sodium ion transmembrane transport	3/102	21/17176	0.142857142857143	24.0560224089636	8.17108055345011	0.00025019639785239	0.0355779277746098	0.0322533882705151	288/483/481	3	GO
GO:0060078	regulation of postsynaptic membrane potential	6/102	150/17176	0.04	6.7356862745098	5.45325145433124	0.000271267822962025	0.0361633916486249	0.0327841441303447	1813/2903/23345/1136/4208/23613	6	GO
GO:0021756	striatum development	3/102	22/17176	0.136363636363636	22.9625668449198	7.96695848415086	0.000288454070605749	0.0361925019177684	0.0328105342230812	1813/64919/57688	3	GO
GO:0007215	glutamate receptor signaling pathway	4/102	55/17176	0.0727272727272727	12.2467023172906	6.45688128333532	0.000316856163225821	0.0375474553422598	0.03403887554654	2903/2913/3745/4208	4	GO
GO:0050805	negative regulation of synaptic transmission	4/102	57/17176	0.0701754385964912	11.8169934640523	6.32245314279155	0.000363665092674241	0.0408261917196925	0.0370112340854616	1813/3745/22986/22941	4	GO
GO:0060998	regulation of dendritic spine development	4/102	60/17176	0.0666666666666667	11.2261437908497	6.1329186153827	0.000442868092723228	0.0472318820889323	0.0428183519122406	25791/9231/4208/23613	4	GO
GO:0045211	postsynaptic membrane	14/104	319/18162	0.0438871473354232	7.66421509524958	9.11301603161192	3.84085898096375e-09	6.37582068939465e-07	5.35097326705952e-07	1813/775/288/2903/2913/3745/22986/23345/145581/22941/23767/729993/1136/22997	14	GO
GO:0097060	synaptic membrane	16/104	451/18162	0.0354767184035477	6.19546307351185	8.47896253633633	5.74398260305824e-09	6.37582068939465e-07	5.35097326705952e-07	1813/6326/775/288/2903/2913/3745/9892/22986/23345/145581/22941/23767/729993/1136/22997	16	GO
GO:0099572	postsynaptic specialization	13/104	395/18162	0.0329113924050633	5.74746835443038	7.23944544433345	4.08687608419119e-07	3.02428830230148e-05	2.538165147024e-05	775/2903/257194/2913/3745/22986/145581/22941/729993/1136/22997/56899/9231	13	GO
GO:0043197	dendritic spine	9/104	180/18162	0.05	8.73173076923077	7.91126083030552	9.2451054179021e-07	3.75136564193201e-05	3.14837230261719e-05	1813/2903/2913/91752/23345/22941/729993/56899/23613	9	GO
GO:0014069	postsynaptic density	12/104	358/18162	0.0335195530726257	5.85367425870219	7.03890447612304	9.72073615386196e-07	3.75136564193201e-05	3.14837230261719e-05	775/2903/257194/2913/22986/145581/22941/729993/1136/22997/56899/9231	12	GO
GO:0044309	neuron spine	9/104	182/18162	0.0494505494505494	8.63577768385461	7.8568027529062	1.01388260592757e-06	3.75136564193201e-05	3.14837230261719e-05	1813/2903/2913/91752/23345/22941/729993/56899/23613	9	GO
GO:0032279	asymmetric synapse	12/104	374/18162	0.0320855614973262	5.60324969148499	6.82634915642502	1.5354950461686e-06	4.86971286070612e-05	4.08695673942619e-05	775/2903/257194/2913/22986/145581/22941/729993/1136/22997/56899/9231	12	GO
GO:0098984	neuron to neuron synapse	12/104	411/18162	0.0291970802919708	5.09882088714205	6.37852356172852	4.06462794466062e-06	0.000112793425464332	9.46630455532803e-05	775/2903/257194/2913/22986/145581/22941/729993/1136/22997/56899/9231	12	GO
GO:0016323	basolateral plasma membrane	8/104	261/18162	0.0306513409961686	5.35278514588859	5.37527345304392	0.000128113776997757	0.00316013983261133	0.00265217994486584	288/64116/26504/483/366/3773/481/54805	8	GO
GO:0042383	sarcolemma	6/104	142/18162	0.0422535211267606	7.37892741061755	5.79116799493017	0.000166270148209291	0.00369119729024625	0.00309787539295205	6326/775/288/3745/6641/481	6	GO
GO:0030315	T-tubule	4/104	52/18162	0.0769230769230769	13.4334319526627	6.81373427900439	0.000222367111657469	0.00448777261708711	0.00376640945104039	6326/775/288/481	4	GO
GO:0099634	postsynaptic specialization membrane	6/104	157/18162	0.0382165605095541	6.67393434590887	5.41862746643359	0.00028642504042412	0.00503138924534846	0.00422264531259686	775/2903/3745/22986/145581/729993	6	GO
GO:0009925	basal plasma membrane	8/104	295/18162	0.0271186440677966	4.73585397653194	4.90938177901557	0.00029463090175464	0.00503138924534846	0.00422264531259686	288/64116/26504/483/366/3773/481/54805	8	GO
GO:0045178	basal part of cell	8/104	314/18162	0.0254777070063694	4.44928956393925	4.67898253731364	0.000446695958264945	0.00708332162391555	0.00594475072277407	288/64116/26504/483/366/3773/481/54805	8	GO
GO:0043025	neuronal cell body	10/104	498/18162	0.0200803212851406	3.50671918443003	4.30454797677726	0.000572203151973524	0.00846860664920816	0.00710736546661851	1813/775/257194/958/3745/91752/22941/1136/253559/460	10	GO
GO:0016328	lateral plasma membrane	4/104	69/18162	0.0579710144927536	10.123745819398	5.7622773239297	0.000659132111389626	0.00914545804553106	0.00767541998131341	1813/288/3745/481	4	GO
GO:0098839	postsynaptic density membrane	5/104	125/18162	0.04	6.98538461538462	5.09585006621441	0.000760921524566589	0.00993673990904605	0.00833951144571432	775/2903/22986/145581/729993	5	GO
GO:1902495	transmembrane transporter complex	9/104	483/18162	0.0186335403726708	3.25406115623507	3.81032602419575	0.00181816368937472	0.0224240188356216	0.0188195890654577	6326/775/2903/3745/729993/1136/483/3773/481	9	GO
GO:0005890	sodium:potassium-exchanging ATPase complex	2/104	12/18162	0.166666666666667	29.1057692307692	7.39093714506615	0.00206466686108614	0.0241240022716381	0.0202463176959694	483/481	2	GO
GO:0016607	nuclear speck	8/104	413/18162	0.0193704600484262	3.38275284037996	3.71722459131453	0.00257343910007934	0.0285651740108807	0.0239736168796865	6733/80145/1136/51319/55604/10973/4208/26051	8	GO
GO:0014704	intercalated disc	3/104	52/18162	0.0576923076923077	10.075073964497	4.97329641500561	0.00328852439234265	0.0347644007190509	0.0291763818267994	6326/288/481	3	GO
GO:0042734	presynaptic membrane	5/104	185/18162	0.027027027027027	4.71985446985447	3.85926791639865	0.00423806043345857	0.0427658825558092	0.0358917079771371	1813/6326/2903/2913/9892	5	GO
GO:0034702	monoatomic ion channel complex	7/104	361/18162	0.0193905817174515	3.3862667803111	3.47537858546894	0.00472924975979213	0.0448446961802868	0.0376363737501695	6326/775/2903/3745/729993/1136/3773	7	GO
GO:0098802	plasma membrane signaling receptor complex	5/104	191/18162	0.0261780104712042	4.57158679017318	3.76568071359712	0.0048480752627337	0.0448446961802868	0.0376363737501695	1813/2903/958/729993/1136	5	GO
R-HSA-2046104	alpha-linolenic (omega3) and linoleic (omega6) acid metabolism	2/63	13/11079	0.153846153846154	27.0549450549451	7.10813219969388	0.0023841239086158	0.393766215485713	0.380052352288256	9415/3992	2	Reactome
R-HSA-2046106	alpha-linolenic acid (ALA) metabolism	2/63	13/11079	0.153846153846154	27.0549450549451	7.10813219969388	0.0023841239086158	0.393766215485713	0.380052352288256	9415/3992	2	Reactome
R-HSA-8986944	Transcriptional Regulation by MECP2	3/63	61/11079	0.0491803278688525	8.64871194379391	4.52992310918099	0.00498787752407839	0.393766215485713	0.380052352288256	2903/54715/4208	3	Reactome
R-HSA-5576891	Cardiac conduction	4/63	132/11079	0.0303030303030303	5.32900432900433	3.78369758837071	0.00666645931483199	0.393766215485713	0.380052352288256	6326/775/483/481	4	Reactome
R-HSA-9013408	RHOG GTPase cycle	3/63	74/11079	0.0405405405405405	7.12934362934363	4.00058772260207	0.00852697922782168	0.393766215485713	0.380052352288256	1794/7444/394	3	Reactome
R-HSA-210991	Basigin interactions	2/63	25/11079	0.08	14.0685714285714	4.94683450770626	0.00877633246788577	0.393766215485713	0.380052352288256	483/481	2	Reactome
R-HSA-9733709	Cardiogenesis	2/63	27/11079	0.0740740740740741	13.026455026455	4.73138258500383	0.0101937551445825	0.393766215485713	0.380052352288256	57057/4208	2	Reactome
R-HSA-525793	Myogenesis	2/63	29/11079	0.0689655172413793	12.128078817734	4.53760872726038	0.0117055270269885	0.393766215485713	0.380052352288256	6925/4208	2	Reactome
R-HSA-445095	Interaction between L1 and Ankyrins	2/63	31/11079	0.0645161290322581	11.3456221198157	4.36198951307765	0.0133093958855647	0.393766215485713	0.380052352288256	6326/288	2	Reactome
R-HSA-5576892	Phase 0 - rapid depolarisation	2/63	34/11079	0.0588235294117647	10.3445378151261	4.12670492013476	0.0158830464995535	0.393766215485713	0.380052352288256	6326/775	2	Reactome
R-HSA-9679191	Potential therapeutics for SARS	3/63	98/11079	0.0306122448979592	5.38338192419825	3.29602423241257	0.0181757914937936	0.393766215485713	0.380052352288256	5045/483/481	3	Reactome
R-HSA-9013149	RAC1 GTPase cycle	4/63	184/11079	0.0217391304347826	3.82298136645963	2.92006350997835	0.0205059135875957	0.393766215485713	0.380052352288256	1794/25791/7444/394	4	Reactome
R-HSA-163685	Integration of energy metabolism	3/63	108/11079	0.0277777777777778	4.88492063492064	3.06803219562436	0.0234443814196809	0.393766215485713	0.380052352288256	775/108/3745	3	Reactome
R-HSA-9696264	RND3 GTPase cycle	2/63	42/11079	0.0476190476190476	8.37414965986395	3.62076270184977	0.0236797804893881	0.393766215485713	0.380052352288256	394/9231	2	Reactome
R-HSA-9696273	RND1 GTPase cycle	2/63	42/11079	0.0476190476190476	8.37414965986395	3.62076270184977	0.0236797804893881	0.393766215485713	0.380052352288256	394/9231	2	Reactome
R-HSA-9696270	RND2 GTPase cycle	2/63	43/11079	0.0465116279069767	8.17940199335548	3.56702082366279	0.0247451831511463	0.393766215485713	0.380052352288256	394/9231	2	Reactome
R-HSA-977444	GABA B receptor activation	2/63	43/11079	0.0465116279069767	8.17940199335548	3.56702082366279	0.0247451831511463	0.393766215485713	0.380052352288256	108/3773	2	Reactome
R-HSA-991365	Activation of GABAB receptors	2/63	43/11079	0.0465116279069767	8.17940199335548	3.56702082366279	0.0247451831511463	0.393766215485713	0.380052352288256	108/3773	2	Reactome
R-HSA-112316	Neuronal System	6/63	410/11079	0.0146341463414634	2.57351916376307	2.45522387628298	0.0285199538887609	0.393766215485713	0.380052352288256	2903/108/3745/22941/1136/3773	6	Reactome
R-HSA-112314	Neurotransmitter receptors and postsynaptic signal transmission	4/63	205/11079	0.0195121951219512	3.43135888501742	2.65717603000759	0.0290448637539842	0.393766215485713	0.380052352288256	2903/108/1136/3773	4	Reactome
R-HSA-397014	Muscle contraction	4/63	205/11079	0.0195121951219512	3.43135888501742	2.65717603000759	0.0290448637539842	0.393766215485713	0.380052352288256	6326/775/483/481	4	Reactome
R-HSA-445717	Aquaporin-mediated transport	2/63	51/11079	0.0392156862745098	6.89635854341737	3.19160829326598	0.0339440851793866	0.393766215485713	0.380052352288256	108/366	2	Reactome
R-HSA-9013405	RHOD GTPase cycle	2/63	53/11079	0.0377358490566038	6.63611859838275	3.1102697423684	0.0364227327279939	0.393766215485713	0.380052352288256	7444/394	2	Reactome
R-HSA-6794361	Neurexins and neuroligins	2/63	55/11079	0.0363636363636364	6.39480519480519	3.03302856844514	0.0389692290960315	0.393766215485713	0.380052352288256	2903/22941	2	Reactome
R-HSA-5578775	Ion homeostasis	2/63	56/11079	0.0357142857142857	6.28061224489796	2.99583147820564	0.0402673555057317	0.393766215485713	0.380052352288256	483/481	2	Reactome
R-HSA-936837	Ion transport by P-type ATPases	2/63	57/11079	0.0350877192982456	6.17042606516291	2.95952864814742	0.0415817699208398	0.393766215485713	0.380052352288256	483/481	2	Reactome
R-HSA-202733	Cell surface interactions at the vascular wall	3/63	137/11079	0.0218978102189781	3.85088633993744	2.53910594850597	0.0429130944736428	0.393766215485713	0.380052352288256	483/961/481	3	Reactome
R-HSA-977443	GABA receptor activation	2/63	60/11079	0.0333333333333333	5.86190476190476	2.85561709069217	0.0456205437735817	0.393766215485713	0.380052352288256	108/3773	2	Reactome
R-HSA-8980692	RHOA GTPase cycle	3/63	147/11079	0.0204081632653061	3.58892128279883	2.3895531405466	0.0510389834807521	0.393766215485713	0.380052352288256	1794/25791/394	3	Reactome
R-HSA-373755	Semaphorin interactions	2/63	65/11079	0.0307692307692308	5.41098901098901	2.69717490076049	0.0526573678243399	0.393766215485713	0.380052352288256	2242/57556	2	Reactome
R-HSA-159782	Removal of aminoterminal propeptides from gamma-carboxylated proteins	1/63	10/11079	0.1	17.5857142857143	3.96797545925836	0.0554530395231466	0.393766215485713	0.380052352288256	5045	1	Reactome
R-HSA-170660	Adenylate cyclase activating pathway	1/63	10/11079	0.1	17.5857142857143	3.96797545925836	0.0554530395231466	0.393766215485713	0.380052352288256	108	1	Reactome
R-HSA-442380	Zinc influx into cells by the SLC39 gene family	1/63	10/11079	0.1	17.5857142857143	3.96797545925836	0.0554530395231466	0.393766215485713	0.380052352288256	64116	1	Reactome
R-HSA-8866904	Negative regulation of activity of TFAP2 (AP-2) family transcription factors	1/63	10/11079	0.1	17.5857142857143	3.96797545925836	0.0554530395231466	0.393766215485713	0.380052352288256	7021	1	Reactome
R-HSA-380259	Loss of Nlp from mitotic centrosomes	2/63	70/11079	0.0285714285714286	5.02448979591837	2.55431766130826	0.0600535170998971	0.393766215485713	0.380052352288256	55755/10806	2	Reactome
R-HSA-380284	Loss of proteins required for interphase microtubule organization from the centrosome	2/63	70/11079	0.0285714285714286	5.02448979591837	2.55431766130826	0.0600535170998971	0.393766215485713	0.380052352288256	55755/10806	2	Reactome
R-HSA-9772573	Late SARS-CoV-2 Infection Events	2/63	70/11079	0.0285714285714286	5.02448979591837	2.55431766130826	0.0600535170998971	0.393766215485713	0.380052352288256	6733/5045	2	Reactome
R-HSA-159854	Gamma-carboxylation, transport, and amino-terminal cleavage of proteins	1/63	11/11079	0.0909090909090909	15.987012987013	3.76067534177693	0.0608289956628202	0.393766215485713	0.380052352288256	5045	1	Reactome
R-HSA-9823739	Formation of the anterior neural plate	1/63	11/11079	0.0909090909090909	15.987012987013	3.76067534177693	0.0608289956628202	0.393766215485713	0.380052352288256	5080	1	Reactome
R-HSA-8854518	AURKA Activation by TPX2	2/63	73/11079	0.0273972602739726	4.81800391389432	2.47498195348237	0.0646532132780439	0.393766215485713	0.380052352288256	55755/10806	2	Reactome
R-HSA-432047	Passive transport by Aquaporins	1/63	12/11079	0.0833333333333333	14.6547619047619	3.57889363567552	0.0661748371222741	0.393766215485713	0.380052352288256	366	1	Reactome
R-HSA-622323	Presynaptic nicotinic acetylcholine receptors	1/63	12/11079	0.0833333333333333	14.6547619047619	3.57889363567552	0.0661748371222741	0.393766215485713	0.380052352288256	1136	1	Reactome
R-HSA-629594	Highly calcium permeable postsynaptic nicotinic acetylcholine receptors	1/63	12/11079	0.0833333333333333	14.6547619047619	3.57889363567552	0.0661748371222741	0.393766215485713	0.380052352288256	1136	1	Reactome
R-HSA-73621	Pyrimidine catabolism	1/63	12/11079	0.0833333333333333	14.6547619047619	3.57889363567552	0.0661748371222741	0.393766215485713	0.380052352288256	1806	1	Reactome
R-HSA-8866907	Activation of the TFAP2 (AP-2) family of transcription factors	1/63	12/11079	0.0833333333333333	14.6547619047619	3.57889363567552	0.0661748371222741	0.393766215485713	0.380052352288256	7021	1	Reactome
R-HSA-112315	Transmission across Chemical Synapses	4/63	270/11079	0.0148148148148148	2.60529100529101	2.01944433913154	0.0672541815054296	0.393766215485713	0.380052352288256	2903/108/1136/3773	4	Reactome
R-HSA-400511	Synthesis, secretion, and inactivation of Glucose-dependent Insulinotropic Polypeptide (GIP)	1/63	13/11079	0.0769230769230769	13.5274725274725	3.41765951398187	0.0714907298900791	0.393766215485713	0.380052352288256	5080	1	Reactome
R-HSA-5210891	Uptake and function of anthrax toxins	1/63	13/11079	0.0769230769230769	13.5274725274725	3.41765951398187	0.0714907298900791	0.393766215485713	0.380052352288256	5045	1	Reactome
R-HSA-9733458	Induction of Cell-Cell Fusion	1/63	13/11079	0.0769230769230769	13.5274725274725	3.41765951398187	0.0714907298900791	0.393766215485713	0.380052352288256	5045	1	Reactome
R-HSA-9828806	Maturation of hRSV A proteins	1/63	13/11079	0.0769230769230769	13.5274725274725	3.41765951398187	0.0714907298900791	0.393766215485713	0.380052352288256	5045	1	Reactome
R-HSA-422356	Regulation of insulin secretion	2/63	78/11079	0.0256410256410256	4.50915750915751	2.35192285569491	0.0725726169568694	0.393766215485713	0.380052352288256	775/3745	2	Reactome
R-HSA-9662851	Anti-inflammatory response favouring Leishmania parasite infection	2/63	79/11079	0.0253164556962025	4.45207956600362	2.32855763433517	0.0741927964539042	0.393766215485713	0.380052352288256	108/5045	2	Reactome
R-HSA-9664433	Leishmania parasite growth and survival	2/63	79/11079	0.0253164556962025	4.45207956600362	2.32855763433517	0.0741927964539042	0.393766215485713	0.380052352288256	108/5045	2	Reactome
R-HSA-170670	Adenylate cyclase inhibitory pathway	1/63	14/11079	0.0714285714285714	12.5612244897959	3.27326475612186	0.0767768390548114	0.393766215485713	0.380052352288256	108	1	Reactome
R-HSA-399955	SEMA3A-Plexin repulsion signaling by inhibiting Integrin adhesion	1/63	14/11079	0.0714285714285714	12.5612244897959	3.27326475612186	0.0767768390548114	0.393766215485713	0.380052352288256	2242	1	Reactome
R-HSA-8866910	TFAP2 (AP-2) family regulates transcription of growth factors and their receptors	1/63	14/11079	0.0714285714285714	12.5612244897959	3.27326475612186	0.0767768390548114	0.393766215485713	0.380052352288256	7021	1	Reactome
R-HSA-8941856	RUNX3 regulates NOTCH signaling	1/63	14/11079	0.0714285714285714	12.5612244897959	3.27326475612186	0.0767768390548114	0.393766215485713	0.380052352288256	864	1	Reactome
R-HSA-380270	Recruitment of mitotic centrosome proteins and complexes	2/63	82/11079	0.024390243902439	4.28919860627178	2.26073106858619	0.0791226464053326	0.393766215485713	0.380052352288256	55755/10806	2	Reactome
R-HSA-380287	Centrosome maturation	2/63	82/11079	0.024390243902439	4.28919860627178	2.26073106858619	0.0791226464053326	0.393766215485713	0.380052352288256	55755/10806	2	Reactome
R-HSA-181431	Acetylcholine binding and downstream events	1/63	15/11079	0.0666666666666667	11.7238095238095	3.14287876706456	0.0820333288098541	0.393766215485713	0.380052352288256	1136	1	Reactome
R-HSA-435354	Zinc transporters	1/63	15/11079	0.0666666666666667	11.7238095238095	3.14287876706456	0.0820333288098541	0.393766215485713	0.380052352288256	64116	1	Reactome
R-HSA-5576893	Phase 2 - plateau phase	1/63	15/11079	0.0666666666666667	11.7238095238095	3.14287876706456	0.0820333288098541	0.393766215485713	0.380052352288256	775	1	Reactome
R-HSA-622327	Postsynaptic nicotinic acetylcholine receptors	1/63	15/11079	0.0666666666666667	11.7238095238095	3.14287876706456	0.0820333288098541	0.393766215485713	0.380052352288256	1136	1	Reactome
R-HSA-9694631	Maturation of nucleoprotein	1/63	15/11079	0.0666666666666667	11.7238095238095	3.14287876706456	0.0820333288098541	0.393766215485713	0.380052352288256	6733	1	Reactome
R-HSA-6794362	Protein-protein interactions at synapses	2/63	86/11079	0.0232558139534884	4.08970099667774	2.17518678502076	0.0858508870700222	0.393766215485713	0.380052352288256	2903/22941	2	Reactome
R-HSA-175474	Assembly Of The HIV Virion	1/63	16/11079	0.0625	10.9910714285714	3.02429805737613	0.0872603624581709	0.393766215485713	0.380052352288256	5045	1	Reactome
R-HSA-391160	Signal regulatory protein family interactions	1/63	16/11079	0.0625	10.9910714285714	3.02429805737613	0.0872603624581709	0.393766215485713	0.380052352288256	961	1	Reactome
R-HSA-399954	Sema3A PAK dependent Axon repulsion	1/63	16/11079	0.0625	10.9910714285714	3.02429805737613	0.0872603624581709	0.393766215485713	0.380052352288256	2242	1	Reactome
R-HSA-399956	CRMPs in Sema3A signaling	1/63	16/11079	0.0625	10.9910714285714	3.02429805737613	0.0872603624581709	0.393766215485713	0.380052352288256	2242	1	Reactome
R-HSA-9022699	MECP2 regulates neuronal receptors and channels	1/63	16/11079	0.0625	10.9910714285714	3.02429805737613	0.0872603624581709	0.393766215485713	0.380052352288256	2903	1	Reactome
R-HSA-9820965	Respiratory syncytial virus (RSV) genome replication, transcription and translation	1/63	16/11079	0.0625	10.9910714285714	3.02429805737613	0.0872603624581709	0.393766215485713	0.380052352288256	5045	1	Reactome
R-HSA-2565942	Regulation of PLK1 Activity at G2/M Transition	2/63	88/11079	0.0227272727272727	3.99675324675325	2.13433559925682	0.0892783616763336	0.393766215485713	0.380052352288256	55755/10806	2	Reactome
R-HSA-9013404	RAC2 GTPase cycle	2/63	88/11079	0.0227272727272727	3.99675324675325	2.13433559925682	0.0892783616763336	0.393766215485713	0.380052352288256	1794/7444	2	Reactome
R-HSA-164378	PKA activation in glucagon signalling	1/63	17/11079	0.0588235294117647	10.3445378151261	2.91577797427361	0.0924581024170552	0.393766215485713	0.380052352288256	108	1	Reactome
R-HSA-5676594	TNF receptor superfamily (TNFSF) members mediating non-canonical NF-kB pathway	1/63	17/11079	0.0588235294117647	10.3445378151261	2.91577797427361	0.0924581024170552	0.393766215485713	0.380052352288256	958	1	Reactome
R-HSA-9834899	Specification of the neural plate border	1/63	17/11079	0.0588235294117647	10.3445378151261	2.91577797427361	0.0924581024170552	0.393766215485713	0.380052352288256	7021	1	Reactome
R-HSA-163125	Post-translational modification: synthesis of GPI-anchored proteins	2/63	92/11079	0.0217391304347826	3.82298136645963	2.05613371528469	0.0962532866436908	0.393766215485713	0.380052352288256	257194/152330	2	Reactome
R-HSA-1839117	Signaling by cytosolic FGFR1 fusion mutants	1/63	18/11079	0.0555555555555556	9.76984126984127	2.81591655327107	0.0976267102228521	0.393766215485713	0.380052352288256	8805	1	Reactome
R-HSA-1912420	Pre-NOTCH Processing in Golgi	1/63	18/11079	0.0555555555555556	9.76984126984127	2.81591655327107	0.0976267102228521	0.393766215485713	0.380052352288256	5045	1	Reactome
R-HSA-380320	Recruitment of NuMA to mitotic centrosomes	2/63	94/11079	0.0212765957446809	3.74164133738602	2.01866162574719	0.0997981165402334	0.393766215485713	0.380052352288256	55755/10806	2	Reactome
R-HSA-9013423	RAC3 GTPase cycle	2/63	94/11079	0.0212765957446809	3.74164133738602	2.01866162574719	0.0997981165402334	0.393766215485713	0.380052352288256	7444/394	2	Reactome
R-HSA-2995383	Initiation of Nuclear Envelope (NE) Reformation	1/63	19/11079	0.0526315789473684	9.25563909774436	2.72357241975173	0.102766346535659	0.393766215485713	0.380052352288256	7444	1	Reactome
R-HSA-416700	Other semaphorin interactions	1/63	19/11079	0.0526315789473684	9.25563909774436	2.72357241975173	0.102766346535659	0.393766215485713	0.380052352288256	57556	1	Reactome
R-HSA-8963889	Assembly of active LPL and LIPC lipase complexes	1/63	19/11079	0.0526315789473684	9.25563909774436	2.72357241975173	0.102766346535659	0.393766215485713	0.380052352288256	5045	1	Reactome
R-HSA-9694614	Attachment and Entry	1/63	19/11079	0.0526315789473684	9.25563909774436	2.72357241975173	0.102766346535659	0.393766215485713	0.380052352288256	5045	1	Reactome
R-HSA-5620912	Anchoring of the basal body to the plasma membrane	2/63	98/11079	0.0204081632653061	3.58892128279883	1.94670403617051	0.10699613730008	0.393766215485713	0.380052352288256	55755/10806	2	Reactome
R-HSA-111471	Apoptotic factor-mediated response	1/63	20/11079	0.05	8.79285714285714	2.63780553501096	0.107877171144001	0.393766215485713	0.380052352288256	1687	1	Reactome
R-HSA-163615	PKA activation	1/63	20/11079	0.05	8.79285714285714	2.63780553501096	0.107877171144001	0.393766215485713	0.380052352288256	108	1	Reactome
R-HSA-3232118	SUMOylation of transcription factors	1/63	20/11079	0.05	8.79285714285714	2.63780553501096	0.107877171144001	0.393766215485713	0.380052352288256	7021	1	Reactome
R-HSA-9012999	RHO GTPase cycle	5/63	448/11079	0.0111607142857143	1.96269132653061	1.57299737704299	0.110517362810566	0.393766215485713	0.380052352288256	1794/25791/7444/394/9231	5	Reactome
R-HSA-68877	Mitotic Prometaphase	3/63	205/11079	0.0146341463414634	2.57351916376307	1.71966279041477	0.11098482965293	0.393766215485713	0.380052352288256	8379/55755/10806	3	Reactome
R-HSA-210745	Regulation of gene expression in beta cells	1/63	21/11079	0.0476190476190476	8.37414965986395	2.55783363248928	0.112959342969476	0.393766215485713	0.380052352288256	5080	1	Reactome
R-HSA-381771	Synthesis, secretion, and inactivation of Glucagon-like Peptide-1 (GLP-1)	1/63	21/11079	0.0476190476190476	8.37414965986395	2.55783363248928	0.112959342969476	0.393766215485713	0.380052352288256	5080	1	Reactome
R-HSA-8849932	Synaptic adhesion-like molecules	1/63	21/11079	0.0476190476190476	8.37414965986395	2.55783363248928	0.112959342969476	0.393766215485713	0.380052352288256	2903	1	Reactome
R-HSA-1296071	Potassium Channels	2/63	103/11079	0.0194174757281553	3.41470180305132	1.86186874302664	0.116184139505095	0.393766215485713	0.380052352288256	3745/3773	2	Reactome
R-HSA-111931	PKA-mediated phosphorylation of CREB	1/63	22/11079	0.0454545454545455	7.99350649350649	2.48299965712934	0.118013020071386	0.393766215485713	0.380052352288256	108	1	Reactome
R-HSA-1181150	Signaling by NODAL	1/63	22/11079	0.0454545454545455	7.99350649350649	2.48299965712934	0.118013020071386	0.393766215485713	0.380052352288256	5045	1	Reactome
R-HSA-198753	ERK/MAPK targets	1/63	22/11079	0.0454545454545455	7.99350649350649	2.48299965712934	0.118013020071386	0.393766215485713	0.380052352288256	4208	1	Reactome
R-HSA-438066	Unblocking of NMDA receptors, glutamate binding and activation	1/63	22/11079	0.0454545454545455	7.99350649350649	2.48299965712934	0.118013020071386	0.393766215485713	0.380052352288256	2903	1	Reactome
R-HSA-5686938	Regulation of TLR by endogenous ligand	1/63	22/11079	0.0454545454545455	7.99350649350649	2.48299965712934	0.118013020071386	0.393766215485713	0.380052352288256	1687	1	Reactome
R-HSA-9617324	Negative regulation of NMDA receptor-mediated neuronal transmission	1/63	22/11079	0.0454545454545455	7.99350649350649	2.48299965712934	0.118013020071386	0.393766215485713	0.380052352288256	2903	1	Reactome
R-HSA-9820960	Respiratory syncytial virus (RSV) attachment and entry	1/63	23/11079	0.0434782608695652	7.64596273291925	2.41274706589336	0.123038359651336	0.406509090220589	0.392351425513547	5045	1	Reactome
R-HSA-400508	Incretin synthesis, secretion, and inactivation	1/63	24/11079	0.0416666666666667	7.32738095238095	2.34660083949055	0.128035518057808	0.410933043671251	0.396621304058774	5080	1	Reactome
R-HSA-425410	Metal ion SLC transporters	1/63	24/11079	0.0416666666666667	7.32738095238095	2.34660083949055	0.128035518057808	0.410933043671251	0.396621304058774	64116	1	Reactome
R-HSA-9620244	Long-term potentiation	1/63	24/11079	0.0416666666666667	7.32738095238095	2.34660083949055	0.128035518057808	0.410933043671251	0.396621304058774	2903	1	Reactome
R-HSA-9839394	TGFBR3 expression	1/63	25/11079	0.04	7.03428571428571	2.2841527066628	0.133004650790722	0.422854408645975	0.408127478593179	6925	1	Reactome
R-HSA-373760	L1CAM interactions	2/63	119/11079	0.0168067226890756	2.95558223289316	1.62193437412867	0.146805432044152	0.448153401280155	0.432545372467806	6326/288	2	Reactome
R-HSA-164952	The role of Nef in HIV-1 replication and disease pathogenesis	1/63	28/11079	0.0357142857142857	6.28061224489796	2.1156873831518	0.147745437313714	0.448153401280155	0.432545372467806	1794	1	Reactome
R-HSA-400042	Adrenaline,noradrenaline inhibits insulin secretion	1/63	28/11079	0.0357142857142857	6.28061224489796	2.1156873831518	0.147745437313714	0.448153401280155	0.432545372467806	775	1	Reactome
R-HSA-5620971	Pyroptosis	1/63	28/11079	0.0357142857142857	6.28061224489796	2.1156873831518	0.147745437313714	0.448153401280155	0.432545372467806	1687	1	Reactome
R-HSA-1296041	Activation of G protein gated Potassium channels	1/63	29/11079	0.0344827586206897	6.064039408867	2.06492331634514	0.15260400553824	0.448153401280155	0.432545372467806	3773	1	Reactome
R-HSA-1296059	G protein gated Potassium channels	1/63	29/11079	0.0344827586206897	6.064039408867	2.06492331634514	0.15260400553824	0.448153401280155	0.432545372467806	3773	1	Reactome
R-HSA-997272	Inhibition  of voltage gated Ca2+ channels via Gbeta/gamma subunits	1/63	29/11079	0.0344827586206897	6.064039408867	2.06492331634514	0.15260400553824	0.448153401280155	0.432545372467806	3773	1	Reactome
R-HSA-3928663	EPHA-mediated growth cone collapse	1/63	30/11079	0.0333333333333333	5.86190476190476	2.01648306687218	0.157435313017977	0.448153401280155	0.432545372467806	25791	1	Reactome
R-HSA-450282	MAPK targets/ Nuclear events mediated by MAP kinases	1/63	30/11079	0.0333333333333333	5.86190476190476	2.01648306687218	0.157435313017977	0.448153401280155	0.432545372467806	4208	1	Reactome
R-HSA-9758941	Gastrulation	2/63	125/11079	0.016	2.81371428571429	1.54214959250459	0.15868766297416	0.448153401280155	0.432545372467806	7021/5080	2	Reactome
R-HSA-170822	Regulation of Glucokinase by Glucokinase Regulatory Protein	1/63	31/11079	0.032258064516129	5.67281105990783	1.97018145490456	0.162239510255724	0.448153401280155	0.432545372467806	2646	1	Reactome
R-HSA-1839124	FGFR1 mutant receptor activation	1/63	31/11079	0.032258064516129	5.67281105990783	1.97018145490456	0.162239510255724	0.448153401280155	0.432545372467806	8805	1	Reactome
R-HSA-2022928	HS-GAG biosynthesis	1/63	31/11079	0.032258064516129	5.67281105990783	1.97018145490456	0.162239510255724	0.448153401280155	0.432545372467806	9957	1	Reactome
R-HSA-5339562	Uptake and actions of bacterial toxins	1/63	31/11079	0.032258064516129	5.67281105990783	1.97018145490456	0.162239510255724	0.448153401280155	0.432545372467806	5045	1	Reactome
R-HSA-5619107	Defective TPR may confer susceptibility towards thyroid papillary carcinoma (TPC)	1/63	31/11079	0.032258064516129	5.67281105990783	1.97018145490456	0.162239510255724	0.448153401280155	0.432545372467806	2646	1	Reactome
R-HSA-5654687	Downstream signaling of activated FGFR1	1/63	31/11079	0.032258064516129	5.67281105990783	1.97018145490456	0.162239510255724	0.448153401280155	0.432545372467806	23767	1	Reactome
R-HSA-1592389	Activation of Matrix Metalloproteinases	1/63	33/11079	0.0303030303030303	5.32900432900433	1.88335184614054	0.171767171934024	0.462414497049327	0.446309790998725	5045	1	Reactome
R-HSA-163359	Glucagon signaling in metabolic regulation	1/63	33/11079	0.0303030303030303	5.32900432900433	1.88335184614054	0.171767171934024	0.462414497049327	0.446309790998725	108	1	Reactome
R-HSA-5694530	Cargo concentration in the ER	1/63	33/11079	0.0303030303030303	5.32900432900433	1.88335184614054	0.171767171934024	0.462414497049327	0.446309790998725	81562	1	Reactome
R-HSA-8963899	Plasma lipoprotein remodeling	1/63	34/11079	0.0294117647058824	5.17226890756303	1.84254405831557	0.176490933310827	0.462414497049327	0.446309790998725	5045	1	Reactome
R-HSA-166520	Signaling by NTRKs	2/63	134/11079	0.0149253731343284	2.62473347547974	1.43092093077853	0.176833207829884	0.462414497049327	0.446309790998725	5045/4208	2	Reactome
R-HSA-1296065	Inwardly rectifying K+ channels	1/63	35/11079	0.0285714285714286	5.02448979591837	1.80331105576783	0.181188178326799	0.462414497049327	0.446309790998725	3773	1	Reactome
R-HSA-2173796	SMAD2/SMAD3:SMAD4 heterotrimer regulates transcription	1/63	36/11079	0.0277777777777778	4.88492063492064	1.76554526645604	0.185859053441378	0.462414497049327	0.446309790998725	5045	1	Reactome
R-HSA-8956319	Nucleotide catabolism	1/63	36/11079	0.0277777777777778	4.88492063492064	1.76554526645604	0.185859053441378	0.462414497049327	0.446309790998725	1806	1	Reactome
R-HSA-111933	Calmodulin induced events	1/63	37/11079	0.027027027027027	4.75289575289575	1.72914925933782	0.190503704318241	0.462414497049327	0.446309790998725	108	1	Reactome
R-HSA-111997	CaM pathway	1/63	37/11079	0.027027027027027	4.75289575289575	1.72914925933782	0.190503704318241	0.462414497049327	0.446309790998725	108	1	Reactome
R-HSA-5083635	Defective B3GALTL causes PpS	1/63	37/11079	0.027027027027027	4.75289575289575	1.72914925933782	0.190503704318241	0.462414497049327	0.446309790998725	221981	1	Reactome
R-HSA-8864260	Transcriptional regulation by the AP-2 (TFAP2) family of transcription factors	1/63	37/11079	0.027027027027027	4.75289575289575	1.72914925933782	0.190503704318241	0.462414497049327	0.446309790998725	7021	1	Reactome
R-HSA-9013424	RHOV GTPase cycle	1/63	37/11079	0.027027027027027	4.75289575289575	1.72914925933782	0.190503704318241	0.462414497049327	0.446309790998725	9231	1	Reactome
R-HSA-5173214	O-glycosylation of TSR domain-containing proteins	1/63	38/11079	0.0263157894736842	4.62781954887218	1.69403454229808	0.195122275829557	0.462414497049327	0.446309790998725	221981	1	Reactome
R-HSA-5655302	Signaling by FGFR1 in disease	1/63	38/11079	0.0263157894736842	4.62781954887218	1.69403454229808	0.195122275829557	0.462414497049327	0.446309790998725	8805	1	Reactome
R-HSA-6814122	Cooperation of PDCL (PhLP1) and TRiC/CCT in G-protein beta folding	1/63	38/11079	0.0263157894736842	4.62781954887218	1.69403454229808	0.195122275829557	0.462414497049327	0.446309790998725	9628	1	Reactome
R-HSA-9772572	Early SARS-CoV-2 Infection Events	1/63	38/11079	0.0263157894736842	4.62781954887218	1.69403454229808	0.195122275829557	0.462414497049327	0.446309790998725	5045	1	Reactome
R-HSA-111996	Ca-dependent events	1/63	39/11079	0.0256410256410256	4.50915750915751	1.66012053009447	0.199714912060219	0.462414497049327	0.446309790998725	108	1	Reactome
R-HSA-420499	Class C/3 (Metabotropic glutamate/pheromone receptors)	1/63	39/11079	0.0256410256410256	4.50915750915751	1.66012053009447	0.199714912060219	0.462414497049327	0.446309790998725	2913	1	Reactome
R-HSA-9013420	RHOU GTPase cycle	1/63	40/11079	0.025	4.39642857142857	1.62733365458413	0.204281756312049	0.462414497049327	0.446309790998725	9231	1	Reactome
R-HSA-9664323	FCGR3A-mediated IL10 synthesis	1/63	40/11079	0.025	4.39642857142857	1.62733365458413	0.204281756312049	0.462414497049327	0.446309790998725	108	1	Reactome
R-HSA-9679506	SARS-CoV Infections	4/63	413/11079	0.00968523002421308	1.70321687997233	1.10141887480291	0.207567832361182	0.462414497049327	0.446309790998725	6733/5045/483/481	4	Reactome
R-HSA-186712	Regulation of beta-cell development	1/63	41/11079	0.024390243902439	4.28919860627178	1.59560659459211	0.208822951107985	0.462414497049327	0.446309790998725	5080	1	Reactome
R-HSA-9609736	Assembly and cell surface presentation of NMDA receptors	1/63	41/11079	0.024390243902439	4.28919860627178	1.59560659459211	0.208822951107985	0.462414497049327	0.446309790998725	2903	1	Reactome
R-HSA-9717207	Sensory perception of sweet, bitter, and umami (glutamate) taste	1/63	41/11079	0.024390243902439	4.28919860627178	1.59560659459211	0.208822951107985	0.462414497049327	0.446309790998725	6326	1	Reactome
R-HSA-68886	M Phase	4/63	416/11079	0.00961538461538462	1.69093406593407	1.08625692455643	0.211137881409618	0.462414497049327	0.446309790998725	8379/55755/7444/10806	4	Reactome
R-HSA-375280	Amine ligand-binding receptors	1/63	42/11079	0.0238095238095238	4.18707482993197	1.5648776068419	0.213338638196244	0.462414497049327	0.446309790998725	1813	1	Reactome
R-HSA-381676	Glucagon-like Peptide-1 (GLP1) regulates insulin secretion	1/63	42/11079	0.0238095238095238	4.18707482993197	1.5648776068419	0.213338638196244	0.462414497049327	0.446309790998725	3745	1	Reactome
R-HSA-419037	NCAM1 interactions	1/63	42/11079	0.0238095238095238	4.18707482993197	1.5648776068419	0.213338638196244	0.462414497049327	0.446309790998725	775	1	Reactome
R-HSA-432040	Vasopressin regulates renal water homeostasis via Aquaporins	1/63	42/11079	0.0238095238095238	4.18707482993197	1.5648776068419	0.213338638196244	0.462414497049327	0.446309790998725	108	1	Reactome
R-HSA-9035034	RHOF GTPase cycle	1/63	42/11079	0.0238095238095238	4.18707482993197	1.5648776068419	0.213338638196244	0.462414497049327	0.446309790998725	394	1	Reactome
R-HSA-1500931	Cell-Cell communication	2/63	153/11079	0.0130718954248366	2.29878618113912	1.2233247658508	0.21608052415676	0.462414497049327	0.446309790998725	961/253559	2	Reactome
R-HSA-1296072	Voltage gated Potassium channels	1/63	43/11079	0.0232558139534884	4.08970099667774	1.53508994262212	0.21782895855446	0.462414497049327	0.446309790998725	3745	1	Reactome
R-HSA-1433557	Signaling by SCF-KIT	1/63	43/11079	0.0232558139534884	4.08970099667774	1.53508994262212	0.21782895855446	0.462414497049327	0.446309790998725	2242	1	Reactome
R-HSA-1489509	DAG and IP3 signaling	1/63	43/11079	0.0232558139534884	4.08970099667774	1.53508994262212	0.21782895855446	0.462414497049327	0.446309790998725	108	1	Reactome
R-HSA-9660821	ADORA2B mediated anti-inflammatory cytokines production	1/63	43/11079	0.0232558139534884	4.08970099667774	1.53508994262212	0.21782895855446	0.462414497049327	0.446309790998725	108	1	Reactome
R-HSA-9013148	CDC42 GTPase cycle	2/63	154/11079	0.012987012987013	2.28385899814471	1.21326580743828	0.218171825017338	0.462414497049327	0.446309790998725	25791/394	2	Reactome
R-HSA-199977	ER to Golgi Anterograde Transport	2/63	155/11079	0.0129032258064516	2.26912442396313	1.20328415233409	0.220265041363247	0.463933243371339	0.447775643297653	81562/288	2	Reactome
R-HSA-1566948	Elastic fibre formation	1/63	44/11079	0.0227272727272727	3.99675324675325	1.50619133748602	0.222294052393811	0.465298730787044	0.449093574303285	5045	1	Reactome
R-HSA-9006936	Signaling by TGFB family members	2/63	158/11079	0.0126582278481013	2.22603978300181	1.1737913209298	0.226555311177343	0.468769189803479	0.452443166169843	6925/5045	2	Reactome
R-HSA-9634597	GPER1 signaling	1/63	45/11079	0.0222222222222222	3.90793650793651	1.47813356340505	0.226734059163107	0.468769189803479	0.452443166169843	108	1	Reactome
R-HSA-9839373	Signaling by TGFBR3	1/63	46/11079	0.0217391304347826	3.82298136645963	1.45087203452895	0.231149117552878	0.472795116044641	0.456328879768215	6925	1	Reactome
R-HSA-1852241	Organelle biogenesis and maintenance	3/63	295/11079	0.0101694915254237	1.78837772397094	1.03787345507149	0.235412528488231	0.472795116044641	0.456328879768215	55755/10806/4208	3	Reactome
R-HSA-2173789	TGF-beta receptor signaling activates SMADs	1/63	47/11079	0.0212765957446809	3.74164133738602	1.42436545912087	0.235539365499416	0.472795116044641	0.456328879768215	5045	1	Reactome
R-HSA-9717189	Sensory perception of taste	1/63	47/11079	0.0212765957446809	3.74164133738602	1.42436545912087	0.235539365499416	0.472795116044641	0.456328879768215	6326	1	Reactome
R-HSA-9658195	Leishmania infection	2/63	164/11079	0.0121951219512195	2.14459930313589	1.11674115830432	0.239176015730437	0.472795116044641	0.456328879768215	108/5045	2	Reactome
R-HSA-9824443	Parasitic Infection Pathways	2/63	164/11079	0.0121951219512195	2.14459930313589	1.11674115830432	0.239176015730437	0.472795116044641	0.456328879768215	108/5045	2	Reactome
R-HSA-418597	G alpha (z) signalling events	1/63	48/11079	0.0208333333333333	3.66369047619048	1.3985755314012	0.239904940188824	0.472795116044641	0.456328879768215	108	1	Reactome
R-HSA-9707616	Heme signaling	1/63	48/11079	0.0208333333333333	3.66369047619048	1.3985755314012	0.239904940188824	0.472795116044641	0.456328879768215	4208	1	Reactome
R-HSA-983231	Factors involved in megakaryocyte development and platelet production	2/63	168/11079	0.0119047619047619	2.09353741496599	1.08005283528654	0.24761248858058	0.485147724718928	0.468251278894733	1794/55604	2	Reactome
R-HSA-112043	PLC beta mediated events	1/63	51/11079	0.0196078431372549	3.44817927170868	1.3251618281779	0.252854985406386	0.489031640003901	0.471999927412792	108	1	Reactome
R-HSA-2173793	Transcriptional activity of SMAD2/SMAD3:SMAD4 heterotrimer	1/63	51/11079	0.0196078431372549	3.44817927170868	1.3251618281779	0.252854985406386	0.489031640003901	0.471999927412792	5045	1	Reactome
R-HSA-168898	Toll-like Receptor Cascades	2/63	171/11079	0.0116959064327485	2.05680868838764	1.05320001634594	0.253948181010928	0.489031640003901	0.471999927412792	1687/4208	2	Reactome
R-HSA-2980766	Nuclear Envelope Breakdown	1/63	52/11079	0.0192307692307692	3.38186813186813	1.30190618393815	0.257123224064294	0.489550997229757	0.472501196764001	7444	1	Reactome
R-HSA-5654736	Signaling by FGFR1	1/63	52/11079	0.0192307692307692	3.38186813186813	1.30190618393815	0.257123224064294	0.489550997229757	0.472501196764001	23767	1	Reactome
R-HSA-8978868	Fatty acid metabolism	2/63	175/11079	0.0114285714285714	2.00979591836735	1.01823660442783	0.262403046183291	0.496796778448141	0.47949462608301	9415/3992	2	Reactome
R-HSA-418594	G alpha (i) signalling events	3/63	315/11079	0.00952380952380952	1.67482993197279	0.918865109813322	0.26601436205351	0.499545987229068	0.482148087002287	108/2913/9628	3	Reactome
R-HSA-109606	Intrinsic Pathway for Apoptosis	1/63	55/11079	0.0181818181818182	3.1974025974026	1.23540788103254	0.269784479749823	0.499545987229068	0.482148087002287	1687	1	Reactome
R-HSA-8941858	Regulation of RUNX3 expression and activity	1/63	55/11079	0.0181818181818182	3.1974025974026	1.23540788103254	0.269784479749823	0.499545987229068	0.482148087002287	864	1	Reactome
R-HSA-9013409	RHOJ GTPase cycle	1/63	55/11079	0.0181818181818182	3.1974025974026	1.23540788103254	0.269784479749823	0.499545987229068	0.482148087002287	394	1	Reactome
R-HSA-112040	G-protein mediated events	1/63	56/11079	0.0178571428571429	3.14030612244898	1.21425246870267	0.273957518372443	0.499975859371165	0.482562987804748	108	1	Reactome
R-HSA-2151201	Transcriptional activation of mitochondrial biogenesis	1/63	56/11079	0.0178571428571429	3.14030612244898	1.21425246870267	0.273957518372443	0.499975859371165	0.482562987804748	4208	1	Reactome
R-HSA-1638091	Heparan sulfate/heparin (HS-GAG) metabolism	1/63	57/11079	0.0175438596491228	3.08521303258145	1.19356657065373	0.278107085309079	0.499975859371165	0.482562987804748	9957	1	Reactome
R-HSA-418990	Adherens junctions interactions	1/63	57/11079	0.0175438596491228	3.08521303258145	1.19356657065373	0.278107085309079	0.499975859371165	0.482562987804748	253559	1	Reactome
R-HSA-9694635	Translation of Structural Proteins	1/63	57/11079	0.0175438596491228	3.08521303258145	1.19356657065373	0.278107085309079	0.499975859371165	0.482562987804748	6733	1	Reactome
R-HSA-186797	Signaling by PDGF	1/63	58/11079	0.0172413793103448	3.0320197044335	1.17333061355749	0.282233310461095	0.499975859371165	0.482562987804748	5045	1	Reactome
R-HSA-983712	Ion channel transport	2/63	185/11079	0.0108108108108108	1.9011583011583	0.934721555180089	0.283548534536736	0.499975859371165	0.482562987804748	483/481	2	Reactome
R-HSA-948021	Transport to the Golgi and subsequent modification	2/63	186/11079	0.010752688172043	1.89093701996928	0.926656372755327	0.285661886598438	0.499975859371165	0.482562987804748	81562/288	2	Reactome
R-HSA-193648	NRAGE signals death through JNK	1/63	59/11079	0.0169491525423729	2.98062953995157	1.15352617078664	0.286336323022655	0.499975859371165	0.482562987804748	25791	1	Reactome
R-HSA-72187	mRNA 3'-end processing	1/63	59/11079	0.0169491525423729	2.98062953995157	1.15352617078664	0.286336323022655	0.499975859371165	0.482562987804748	80145	1	Reactome
R-HSA-9013406	RHOQ GTPase cycle	1/63	59/11079	0.0169491525423729	2.98062953995157	1.15352617078664	0.286336323022655	0.499975859371165	0.482562987804748	394	1	Reactome
R-HSA-5218859	Regulated Necrosis	1/63	60/11079	0.0166666666666667	2.93095238095238	1.13413587686158	0.290416251484504	0.504485962630299	0.486916015782484	1687	1	Reactome
R-HSA-163841	Gamma carboxylation, hypusinylation, hydroxylation, and arylsulfatase activation	1/63	61/11079	0.0163934426229508	2.88290398126464	1.1151433495963	0.294473223637737	0.50631365492815	0.488680054264558	5045	1	Reactome
R-HSA-198725	Nuclear Events (kinase and transcription factor activation)	1/63	61/11079	0.0163934426229508	2.88290398126464	1.1151433495963	0.294473223637737	0.50631365492815	0.488680054264558	4208	1	Reactome
R-HSA-1226099	Signaling by FGFR in disease	1/63	63/11079	0.0158730158730159	2.79138321995465	1.07829056317796	0.302518806706948	0.512305717890661	0.494463429105777	8805	1	Reactome
R-HSA-375165	NCAM signaling for neurite out-growth	1/63	63/11079	0.0158730158730159	2.79138321995465	1.07829056317796	0.302518806706948	0.512305717890661	0.494463429105777	775	1	Reactome
R-HSA-450294	MAP kinase activation	1/63	63/11079	0.0158730158730159	2.79138321995465	1.07829056317796	0.302518806706948	0.512305717890661	0.494463429105777	4208	1	Reactome
R-HSA-1442490	Collagen degradation	1/63	64/11079	0.015625	2.74776785714286	1.06040184774092	0.306507669740487	0.51646542351272	0.498478262893739	5045	1	Reactome
R-HSA-69275	G2/M Transition	2/63	197/11079	0.0101522842639594	1.78535170413343	0.84106959676575	0.308864096519706	0.517846768791747	0.499811499474152	55755/10806	2	Reactome
R-HSA-453274	Mitotic G2-G2/M phases	2/63	199/11079	0.0100502512562814	1.76740847092606	0.826090581773702	0.313070336171574	0.522300511335745	0.504110129635313	55755/10806	2	Reactome
R-HSA-5617833	Cilium Assembly	2/63	200/11079	0.01	1.75857142857143	0.818664544630788	0.315171639843306	0.523215973532976	0.504993708641854	55755/10806	2	Reactome
R-HSA-6802952	Signaling by BRAF and RAF1 fusions	1/63	67/11079	0.0149253731343284	2.62473347547974	1.00873112191532	0.318340043161645	0.525885267379776	0.50757003785835	8805	1	Reactome
R-HSA-73856	RNA Polymerase II Transcription Termination	1/63	68/11079	0.0147058823529412	2.58613445378151	0.992133388857133	0.32223984131646	0.528373357752774	0.509971474451374	80145	1	Reactome
R-HSA-204005	COPII-mediated vesicle transport	1/63	69/11079	0.0144927536231884	2.54865424430642	0.975830402157469	0.326117680749487	0.528373357752774	0.509971474451374	81562	1	Reactome
R-HSA-3906995	Diseases associated with O-glycosylation of proteins	1/63	69/11079	0.0144927536231884	2.54865424430642	0.975830402157469	0.326117680749487	0.528373357752774	0.509971474451374	221981	1	Reactome
R-HSA-400253	Circadian Clock	1/63	69/11079	0.0144927536231884	2.54865424430642	0.975830402157469	0.326117680749487	0.528373357752774	0.509971474451374	4208	1	Reactome
R-HSA-9013026	RHOB GTPase cycle	1/63	70/11079	0.0142857142857143	2.51224489795918	0.959812062388144	0.32997368312122	0.532062828764838	0.513532450689786	394	1	Reactome
R-HSA-448424	Interleukin-17 signaling	1/63	71/11079	0.0140845070422535	2.47686116700201	0.944068759760436	0.333807969429092	0.533143534111867	0.514575517852778	4208	1	Reactome
R-HSA-9710421	Defective pyroptosis	1/63	71/11079	0.0140845070422535	2.47686116700201	0.944068759760436	0.333807969429092	0.533143534111867	0.514575517852778	1687	1	Reactome
R-HSA-70171	Glycolysis	1/63	73/11079	0.0136986301369863	2.40900195694716	0.913371095083192	0.341411874548988	0.540168083206614	0.521355419993265	2646	1	Reactome
R-HSA-9824439	Bacterial Infection Pathways	1/63	73/11079	0.0136986301369863	2.40900195694716	0.913371095083192	0.341411874548988	0.540168083206614	0.521355419993265	5045	1	Reactome
R-HSA-9013106	RHOC GTPase cycle	1/63	74/11079	0.0135135135135135	2.37644787644788	0.898399699595363	0.345181732072467	0.541887227070036	0.52301469050333	394	1	Reactome
R-HSA-159236	Transport of Mature mRNA derived from an Intron-Containing Transcript	1/63	75/11079	0.0133333333333333	2.3447619047619	0.88366922426398	0.348930350962011	0.541887227070036	0.52301469050333	80145	1	Reactome
R-HSA-174824	Plasma lipoprotein assembly, remodeling, and clearance	1/63	75/11079	0.0133333333333333	2.3447619047619	0.88366922426398	0.348930350962011	0.541887227070036	0.52301469050333	5045	1	Reactome
R-HSA-2995410	Nuclear Envelope (NE) Reassembly	1/63	75/11079	0.0133333333333333	2.3447619047619	0.88366922426398	0.348930350962011	0.541887227070036	0.52301469050333	7444	1	Reactome
R-HSA-204998	Cell death signalling via NRAGE, NRIF and NADE	1/63	76/11079	0.0131578947368421	2.31390977443609	0.869172094771767	0.352657848952687	0.545163738977319	0.526177089939064	25791	1	Reactome
R-HSA-1221632	Meiotic synapsis	1/63	77/11079	0.012987012987013	2.28385899814471	0.854901074743175	0.356364343137544	0.548378007476494	0.529279413744297	23345	1	Reactome
R-HSA-416482	G alpha (12/13) signalling events	1/63	80/11079	0.0125	2.19821428571429	0.813376980371994	0.367358964229636	0.560180864006278	0.540671207177698	25791	1	Reactome
R-HSA-438064	Post NMDA receptor activation events	1/63	80/11079	0.0125	2.19821428571429	0.813376980371994	0.367358964229636	0.560180864006278	0.540671207177698	2903	1	Reactome
R-HSA-162906	HIV Infection	2/63	231/11079	0.00865800865800866	1.52257266542981	0.606969449342908	0.379435687652556	0.569218943697038	0.549394513829095	1794/5045	2	Reactome
R-HSA-425366	Transport of bile salts and organic acids, metal ions and amine compounds	1/63	84/11079	0.0119047619047619	2.09353741496599	0.760789770584183	0.381731398443711	0.569218943697038	0.549394513829095	64116	1	Reactome
R-HSA-6802957	Oncogenic MAPK signaling	1/63	84/11079	0.0119047619047619	2.09353741496599	0.760789770584183	0.381731398443711	0.569218943697038	0.549394513829095	8805	1	Reactome
R-HSA-70326	Glucose metabolism	1/63	84/11079	0.0119047619047619	2.09353741496599	0.760789770584183	0.381731398443711	0.569218943697038	0.549394513829095	2646	1	Reactome
R-HSA-72202	Transport of Mature Transcript to Cytoplasm	1/63	84/11079	0.0119047619047619	2.09353741496599	0.760789770584183	0.381731398443711	0.569218943697038	0.549394513829095	80145	1	Reactome
R-HSA-216083	Integrin cell surface interactions	1/63	85/11079	0.0117647058823529	2.06890756302521	0.748101865929185	0.385274001617703	0.569848674076673	0.550002312321387	961	1	Reactome
R-HSA-68882	Mitotic Anaphase	2/63	235/11079	0.00851063829787234	1.49665653495441	0.581948190898065	0.387567441770683	0.569848674076673	0.550002312321387	8379/7444	2	Reactome
R-HSA-2555396	Mitotic Metaphase and Anaphase	2/63	236/11079	0.00847457627118644	1.49031476997579	0.575764971958319	0.389593488668044	0.569848674076673	0.550002312321387	8379/7444	2	Reactome
R-HSA-5368286	Mitochondrial translation initiation	1/63	87/11079	0.0114942528735632	2.02134646962233	0.723241519610373	0.39229938393409	0.569848674076673	0.550002312321387	51650	1	Reactome
R-HSA-5389840	Mitochondrial translation elongation	1/63	87/11079	0.0114942528735632	2.02134646962233	0.723241519610373	0.39229938393409	0.569848674076673	0.550002312321387	51650	1	Reactome
R-HSA-5419276	Mitochondrial translation termination	1/63	87/11079	0.0114942528735632	2.02134646962233	0.723241519610373	0.39229938393409	0.569848674076673	0.550002312321387	51650	1	Reactome
R-HSA-2980736	Peptide hormone metabolism	1/63	88/11079	0.0113636363636364	1.99837662337662	0.711059801485885	0.395782384189926	0.569994288341902	0.550142855216766	5080	1	Reactome
R-HSA-421270	Cell-cell junction organization	1/63	88/11079	0.0113636363636364	1.99837662337662	0.711059801485885	0.395782384189926	0.569994288341902	0.550142855216766	253559	1	Reactome
R-HSA-190236	Signaling by FGFR	1/63	89/11079	0.0112359550561798	1.97592295345104	0.699037833268066	0.399245736914522	0.570109378560144	0.550253937139105	23767	1	Reactome
R-HSA-201722	Formation of the beta-catenin:TCF transactivating complex	1/63	89/11079	0.0112359550561798	1.97592295345104	0.699037833268066	0.399245736914522	0.570109378560144	0.550253937139105	864	1	Reactome
R-HSA-390466	Chaperonin-mediated protein folding	1/63	90/11079	0.0111111111111111	1.95396825396825	0.687171409770305	0.402689551161509	0.570134121019638	0.550277817882455	9628	1	Reactome
R-HSA-111885	Opioid Signalling	1/63	92/11079	0.0108695652173913	1.91149068322981	0.663889158895551	0.409518997463209	0.570134121019638	0.550277817882455	108	1	Reactome
R-HSA-2682334	EPH-Ephrin signaling	1/63	92/11079	0.0108695652173913	1.91149068322981	0.663889158895551	0.409518997463209	0.570134121019638	0.550277817882455	25791	1	Reactome
R-HSA-442755	Activation of NMDA receptors and postsynaptic events	1/63	93/11079	0.010752688172043	1.89093701996928	0.652465681379986	0.41290484466079	0.570134121019638	0.550277817882455	2903	1	Reactome
R-HSA-5368287	Mitochondrial translation	1/63	93/11079	0.010752688172043	1.89093701996928	0.652465681379986	0.41290484466079	0.570134121019638	0.550277817882455	51650	1	Reactome
R-HSA-170834	Signaling by TGF-beta Receptor Complex	1/63	94/11079	0.0106382978723404	1.87082066869301	0.641182434342096	0.416271583672839	0.570134121019638	0.550277817882455	5045	1	Reactome
R-HSA-1592230	Mitochondrial biogenesis	1/63	95/11079	0.0105263157894737	1.85112781954887	0.630035930874815	0.419619320607624	0.570134121019638	0.550277817882455	4208	1	Reactome
R-HSA-141424	Amplification of signal from the kinetochores	1/63	96/11079	0.0104166666666667	1.83184523809524	0.619022808129649	0.422948160993796	0.570134121019638	0.550277817882455	8379	1	Reactome
R-HSA-141444	Amplification  of signal from unattached  kinetochores via a MAD2  inhibitory signal	1/63	96/11079	0.0104166666666667	1.83184523809524	0.619022808129649	0.422948160993796	0.570134121019638	0.550277817882455	8379	1	Reactome
R-HSA-168142	Toll Like Receptor 10 (TLR10) Cascade	1/63	96/11079	0.0104166666666667	1.83184523809524	0.619022808129649	0.422948160993796	0.570134121019638	0.550277817882455	4208	1	Reactome
R-HSA-168176	Toll Like Receptor 5 (TLR5) Cascade	1/63	96/11079	0.0104166666666667	1.83184523809524	0.619022808129649	0.422948160993796	0.570134121019638	0.550277817882455	4208	1	Reactome
R-HSA-391251	Protein folding	1/63	96/11079	0.0104166666666667	1.83184523809524	0.619022808129649	0.422948160993796	0.570134121019638	0.550277817882455	9628	1	Reactome
R-HSA-8878159	Transcriptional regulation by RUNX3	1/63	96/11079	0.0104166666666667	1.83184523809524	0.619022808129649	0.422948160993796	0.570134121019638	0.550277817882455	864	1	Reactome
R-HSA-975871	MyD88 cascade initiated on plasma membrane	1/63	96/11079	0.0104166666666667	1.83184523809524	0.619022808129649	0.422948160993796	0.570134121019638	0.550277817882455	4208	1	Reactome
R-HSA-193704	p75 NTR receptor-mediated signalling	1/63	97/11079	0.0103092783505155	1.81296023564065	0.608139821634568	0.426258209783507	0.572306839430445	0.552374866106536	25791	1	Reactome
R-HSA-5619102	SLC transporter disorders	1/63	98/11079	0.0102040816326531	1.79446064139942	0.59738383992845	0.429549571355501	0.574437323598428	0.554431150997702	2646	1	Reactome
R-HSA-15869	Metabolism of nucleotides	1/63	99/11079	0.0101010101010101	1.77633477633478	0.586751839491397	0.4328223495182	0.576526212599342	0.556447289374345	1806	1	Reactome
R-HSA-5668541	TNFR2 non-canonical NF-kB pathway	1/63	101/11079	0.0099009900990099	1.74115983026874	0.565848199552144	0.439312568016156	0.580581707535077	0.560361541865809	958	1	Reactome
R-HSA-6807878	COPI-mediated anterograde transport	1/63	101/11079	0.0099009900990099	1.74115983026874	0.565848199552144	0.439312568016156	0.580581707535077	0.560361541865809	288	1	Reactome
R-HSA-975138	TRAF6 mediated induction of NFkB and MAP kinases upon TLR7/8 or 9 activation	1/63	102/11079	0.00980392156862745	1.72408963585434	0.555571010858024	0.442530213144138	0.582212804888013	0.561935832298597	4208	1	Reactome
R-HSA-9645723	Diseases of programmed cell death	1/63	103/11079	0.00970873786407767	1.70735090152566	0.545406696693617	0.445729684454324	0.582212804888013	0.561935832298597	1687	1	Reactome
R-HSA-975155	MyD88 dependent cascade initiated on endosome	1/63	103/11079	0.00970873786407767	1.70735090152566	0.545406696693617	0.445729684454324	0.582212804888013	0.561935832298597	4208	1	Reactome
R-HSA-168164	Toll Like Receptor 3 (TLR3) Cascade	1/63	105/11079	0.00952380952380952	1.67482993197279	0.525406571639289	0.452074509078933	0.588220500230118	0.567734295083887	4208	1	Reactome
R-HSA-8856825	Cargo recognition for clathrin-mediated endocytosis	1/63	106/11079	0.00943396226415094	1.65902964959569	0.515565904021593	0.455220062744691	0.589554286994352	0.569021629490098	9892	1	Reactome
R-HSA-168181	Toll Like Receptor 7/8 (TLR7/8) Cascade	1/63	107/11079	0.00934579439252336	1.64352469959947	0.505828390728579	0.458347843301247	0.589554286994352	0.569021629490098	4208	1	Reactome
R-HSA-1912422	Pre-NOTCH Expression and Processing	1/63	107/11079	0.00934579439252336	1.64352469959947	0.505828390728579	0.458347843301247	0.589554286994352	0.569021629490098	5045	1	Reactome
R-HSA-977225	Amyloid fiber formation	1/63	109/11079	0.00917431192660551	1.61336828309305	0.486653937749664	0.464550479792312	0.591277220338415	0.570684557502953	5045	1	Reactome
R-HSA-166166	MyD88-independent TLR4 cascade	1/63	110/11079	0.00909090909090909	1.5987012987013	0.477212725369012	0.467625531731518	0.591277220338415	0.570684557502953	4208	1	Reactome
R-HSA-168138	Toll Like Receptor 9 (TLR9) Cascade	1/63	110/11079	0.00909090909090909	1.5987012987013	0.477212725369012	0.467625531731518	0.591277220338415	0.570684557502953	4208	1	Reactome
R-HSA-937061	TRIF (TICAM1)-mediated TLR4 signaling	1/63	110/11079	0.00909090909090909	1.5987012987013	0.477212725369012	0.467625531731518	0.591277220338415	0.570684557502953	4208	1	Reactome
R-HSA-166058	MyD88:MAL(TIRAP) cascade initiated on plasma membrane	1/63	112/11079	0.00892857142857143	1.57015306122449	0.458612134430818	0.47372358899517	0.591277220338415	0.570684557502953	4208	1	Reactome
R-HSA-168188	Toll Like Receptor TLR6:TLR2 Cascade	1/63	112/11079	0.00892857142857143	1.57015306122449	0.458612134430818	0.47372358899517	0.591277220338415	0.570684557502953	4208	1	Reactome
R-HSA-5173105	O-linked glycosylation	1/63	112/11079	0.00892857142857143	1.57015306122449	0.458612134430818	0.47372358899517	0.591277220338415	0.570684557502953	221981	1	Reactome
R-HSA-69618	Mitotic Spindle Checkpoint	1/63	112/11079	0.00892857142857143	1.57015306122449	0.458612134430818	0.47372358899517	0.591277220338415	0.570684557502953	8379	1	Reactome
R-HSA-5610787	Hedgehog 'off' state	1/63	113/11079	0.00884955752212389	1.55625790139064	0.449448862339937	0.476746787125315	0.591578378729693	0.570975227323052	108	1	Reactome
R-HSA-168179	Toll Like Receptor TLR1:TLR2 Cascade	1/63	115/11079	0.00869565217391304	1.52919254658385	0.431387063213843	0.482742000447079	0.591578378729693	0.570975227323052	4208	1	Reactome
R-HSA-181438	Toll Like Receptor 2 (TLR2) Cascade	1/63	115/11079	0.00869565217391304	1.52919254658385	0.431387063213843	0.482742000447079	0.591578378729693	0.570975227323052	4208	1	Reactome
R-HSA-187037	Signaling by NTRK1 (TRKA)	1/63	115/11079	0.00869565217391304	1.52919254658385	0.431387063213843	0.482742000447079	0.591578378729693	0.570975227323052	4208	1	Reactome
R-HSA-446728	Cell junction organization	1/63	115/11079	0.00869565217391304	1.52919254658385	0.431387063213843	0.482742000447079	0.591578378729693	0.570975227323052	253559	1	Reactome
R-HSA-1989781	PPARA activates gene expression	1/63	117/11079	0.00854700854700855	1.5030525030525	0.413666486649723	0.488669601179843	0.592352959226561	0.571722831176034	3992	1	Reactome
R-HSA-9648025	EML4 and NUDC in mitotic spindle formation	1/63	117/11079	0.00854700854700855	1.5030525030525	0.413666486649723	0.488669601179843	0.592352959226561	0.571722831176034	8379	1	Reactome
R-HSA-1500620	Meiosis	1/63	118/11079	0.00847457627118644	1.49031476997579	0.404929933518119	0.491608281632832	0.592352959226561	0.571722831176034	23345	1	Reactome
R-HSA-71387	Metabolism of carbohydrates	2/63	290/11079	0.00689655172413793	1.2128078817734	0.277705897544281	0.49407184512035	0.592352959226561	0.571722831176034	2646/9957	2	Reactome
R-HSA-400206	Regulation of lipid metabolism by PPARalpha	1/63	119/11079	0.00840336134453781	1.47779111644658	0.396273714489386	0.494530339680194	0.592352959226561	0.571722831176034	3992	1	Reactome
R-HSA-5617472	Activation of anterior HOX genes in hindbrain development during early embryogenesis	1/63	120/11079	0.00833333333333333	1.46547619047619	0.387696269723871	0.497435867837141	0.592352959226561	0.571722831176034	5080	1	Reactome
R-HSA-5619507	Activation of HOX genes during differentiation	1/63	120/11079	0.00833333333333333	1.46547619047619	0.387696269723871	0.497435867837141	0.592352959226561	0.571722831176034	5080	1	Reactome
R-HSA-9820952	Respiratory Syncytial Virus Infection Pathway	1/63	120/11079	0.00833333333333333	1.46547619047619	0.387696269723871	0.497435867837141	0.592352959226561	0.571722831176034	5045	1	Reactome
R-HSA-2132295	MHC class II antigen presentation	1/63	121/11079	0.00826446280991736	1.45336481700118	0.379196083101958	0.500324958112373	0.593695460858696	0.573018576933741	8722	1	Reactome
R-HSA-9694516	SARS-CoV-2 Infection	2/63	299/11079	0.00668896321070234	1.17630195891065	0.233707334972768	0.510410436641937	0.599984802473415	0.579088876977308	6733/5045	2	Reactome
R-HSA-1474244	Extracellular matrix organization	2/63	300/11079	0.00666666666666667	1.17238095238095	0.228902037645557	0.512205111811274	0.599984802473415	0.579088876977308	5045/961	2	Reactome
R-HSA-6798695	Neutrophil degranulation	3/63	476/11079	0.00630252100840336	1.10834333733493	0.182717563902113	0.512295930243694	0.599984802473415	0.579088876977308	10562/1794/961	3	Reactome
R-HSA-1630316	Glycosaminoglycan metabolism	1/63	126/11079	0.00793650793650794	1.39569160997732	0.33780382439259	0.514527026453462	0.599984802473415	0.579088876977308	9957	1	Reactome
R-HSA-198933	Immunoregulatory interactions between a Lymphoid and a non-Lymphoid cell	1/63	126/11079	0.00793650793650794	1.39569160997732	0.33780382439259	0.514527026453462	0.599984802473415	0.579088876977308	958	1	Reactome
R-HSA-2500257	Resolution of Sister Chromatid Cohesion	1/63	127/11079	0.0078740157480315	1.38470191226097	0.329737605249195	0.517319393597937	0.600247726539981	0.579342644075759	8379	1	Reactome
R-HSA-114608	Platelet degranulation	1/63	128/11079	0.0078125	1.37388392857143	0.321739130814157	0.520095952966393	0.600247726539981	0.579342644075759	3699	1	Reactome
R-HSA-6809371	Formation of the cornified envelope	1/63	128/11079	0.0078125	1.37388392857143	0.321739130814157	0.520095952966393	0.600247726539981	0.579342644075759	5045	1	Reactome
R-HSA-446203	Asparagine N-linked glycosylation	2/63	306/11079	0.0065359477124183	1.14939309056956	0.200406538432141	0.522884837026946	0.601406792075361	0.580461342343547	81562/288	2	Reactome
R-HSA-162909	Host Interactions of HIV factors	1/63	130/11079	0.00769230769230769	1.35274725274725	0.305940575897489	0.525602000106931	0.602475762027333	0.581493082825069	1794	1	Reactome
R-HSA-76005	Response to elevated platelet cytosolic Ca2+	1/63	133/11079	0.0075187969924812	1.32223415682062	0.282721387688407	0.533744698209879	0.609735468802472	0.588499952709555	3699	1	Reactome
R-HSA-162599	Late Phase of HIV Life Cycle	1/63	136/11079	0.00735294117647059	1.29306722689076	0.260050384936672	0.541749813732806	0.616789483878229	0.595308294606818	5045	1	Reactome
R-HSA-1474228	Degradation of the extracellular matrix	1/63	140/11079	0.00714285714285714	1.25612244897959	0.230627899709554	0.552213232543941	0.62239417848598	0.600717792135461	5045	1	Reactome
R-HSA-5663220	RHO GTPases Activate Formins	1/63	140/11079	0.00714285714285714	1.25612244897959	0.230627899709554	0.552213232543941	0.62239417848598	0.600717792135461	8379	1	Reactome
R-HSA-68875	Mitotic Prophase	1/63	140/11079	0.00714285714285714	1.25612244897959	0.230627899709554	0.552213232543941	0.62239417848598	0.600717792135461	7444	1	Reactome
R-HSA-3781865	Diseases of glycosylation	1/63	144/11079	0.00694444444444444	1.22123015873016	0.202071550955066	0.562441442631483	0.631809220556033	0.609804932537292	221981	1	Reactome
R-HSA-166016	Toll Like Receptor 4 (TLR4) Cascade	1/63	146/11079	0.00684931506849315	1.20450097847358	0.188101013542202	0.567468975077475	0.63323524702354	0.611181294175461	4208	1	Reactome
R-HSA-8856828	Clathrin-mediated endocytosis	1/63	146/11079	0.00684931506849315	1.20450097847358	0.188101013542202	0.567468975077475	0.63323524702354	0.611181294175461	9892	1	Reactome
R-HSA-162587	HIV Life Cycle	1/63	149/11079	0.00671140939597315	1.18024928092042	0.167511869507664	0.574903859972201	0.637311186877078	0.615115279540894	5045	1	Reactome
R-HSA-5358351	Signaling by Hedgehog	1/63	149/11079	0.00671140939597315	1.18024928092042	0.167511869507664	0.574903859972201	0.637311186877078	0.615115279540894	108	1	Reactome
R-HSA-73887	Death Receptor Signaling	1/63	154/11079	0.00649350649350649	1.14192949907236	0.134125483047729	0.587016802098874	0.648605450187936	0.626016192747376	25791	1	Reactome
R-HSA-1474165	Reproduction	1/63	155/11079	0.00645161290322581	1.13456221198157	0.127581326246026	0.589398307038716	0.649108593045906	0.626501812435374	23345	1	Reactome
R-HSA-418555	G alpha (s) signalling events	1/63	157/11079	0.00636942675159236	1.12010919017288	0.114620941222895	0.594120843159513	0.652178254543179	0.629464565528166	108	1	Reactome
R-HSA-5619115	Disorders of transmembrane transporters	1/63	176/11079	0.00568181818181818	0.999188311688312	-0.000820845858891425	0.636400887863802	0.696321750682147	0.672070657381801	2646	1	Reactome
R-HSA-109581	Apoptosis	1/63	180/11079	0.00555555555555556	0.976984126984127	-0.0235428681583631	0.644733297302766	0.703119911334282	0.678632055606101	1687	1	Reactome
R-HSA-3108232	SUMO E3 ligases SUMOylate target proteins	1/63	181/11079	0.00552486187845304	0.971586424625099	-0.0291461209664989	0.646786862058242	0.703119911334282	0.678632055606101	7021	1	Reactome
R-HSA-6791226	Major pathway of rRNA processing in the nucleolus and cytosol	1/63	184/11079	0.00543478260869565	0.955745341614907	-0.0457765731762283	0.652877719739304	0.707459136823619	0.682820157046692	90459	1	Reactome
R-HSA-2990846	SUMOylation	1/63	187/11079	0.0053475935828877	0.940412528647823	-0.0621456785887532	0.658865184634098	0.711658869300292	0.686873623657005	7021	1	Reactome
R-HSA-2467813	Separation of Sister Chromatids	1/63	190/11079	0.00526315789473684	0.925563909774436	-0.0782627937216511	0.664750984008718	0.715722305466256	0.690795540806101	8379	1	Reactome
R-HSA-8868773	rRNA processing in the nucleus and cytosol	1/63	194/11079	0.00515463917525773	0.906480117820324	-0.0993755604102948	0.672443502440441	0.721698918224295	0.696564003533678	90459	1	Reactome
R-HSA-72312	rRNA processing	1/63	204/11079	0.00490196078431373	0.862044817927171	-0.150392944079817	0.690922975399837	0.73917791336427	0.713434250287551	90459	1	Reactome
R-HSA-5357801	Programmed Cell Death	1/63	213/11079	0.00469483568075117	0.825620389000671	-0.19432990904257	0.706674861834429	0.753637431766463	0.727390180902193	1687	1	Reactome
R-HSA-6805567	Keratinization	1/63	216/11079	0.00462962962962963	0.814153439153439	-0.208590971136939	0.711747813188671	0.756653037995527	0.730300761332557	5045	1	Reactome
R-HSA-376176	Signaling by ROBO receptors	1/63	218/11079	0.00458715596330275	0.806684141546527	-0.217996647018152	0.715081709846474	0.75780671766749	0.73141426131268	23767	1	Reactome
R-HSA-201681	TCF dependent signaling in response to WNT	1/63	231/11079	0.00432900432900433	0.761286332714904	-0.277266517688003	0.735845665851867	0.777366737906205	0.750293056420482	864	1	Reactome
R-HSA-157118	Signaling by NOTCH	1/63	234/11079	0.00427350427350427	0.751526251526252	-0.290511048522412	0.740421655762811	0.77891049338684	0.751783046873446	5045	1	Reactome
R-HSA-8878171	Transcriptional regulation by RUNX1	1/63	235/11079	0.00425531914893617	0.748328267477204	-0.294891739329007	0.741929579754231	0.77891049338684	0.751783046873446	5079	1	Reactome
R-HSA-500792	GPCR ligand binding	2/63	462/11079	0.00432900432900433	0.761286332714904	-0.396356838249402	0.745234723909452	0.779950627197159	0.752786955501866	1813/2913	2	Reactome
R-HSA-425407	SLC-mediated transmembrane transport	1/63	250/11079	0.004	0.703428571428572	-0.358669236372553	0.763540541560716	0.794176427487535	0.766517307804618	64116	1	Reactome
R-HSA-5668914	Diseases of metabolism	1/63	250/11079	0.004	0.703428571428572	-0.358669236372553	0.763540541560716	0.794176427487535	0.766517307804618	221981	1	Reactome
R-HSA-76002	Platelet activation, signaling and aggregation	1/63	262/11079	0.00381679389312977	0.671210468920393	-0.407290427581707	0.779538147859794	0.808321094857694	0.780169352837818	3699	1	Reactome
R-HSA-72203	Processing of Capped Intron-Containing Pre-mRNA	1/63	285/11079	0.00350877192982456	0.617042606516291	-0.495302674658712	0.807279675746077	0.834519174007448	0.805455020360148	80145	1	Reactome
R-HSA-69620	Cell Cycle Checkpoints	1/63	291/11079	0.00343642611683849	0.604320078546883	-0.517260160120988	0.813932441026942	0.837382369840332	0.80821849845592	8379	1	Reactome
R-HSA-72766	Translation	1/63	292/11079	0.00342465753424658	0.60225048923679	-0.520882458305325	0.815019042455872	0.837382369840332	0.80821849845592	51650	1	Reactome
R-HSA-983168	Antigen processing: Ubiquitination & Proteasome degradation	1/63	308/11079	0.00324675324675325	0.570964749536178	-0.577469848166103	0.831578845982457	0.851799608194796	0.822133621528009	64219	1	Reactome
R-HSA-9006925	Intracellular signaling by second messengers	1/63	315/11079	0.00317460317460317	0.55827664399093	-0.601461436127806	0.838356587106762	0.856139908651451	0.826322760497574	108	1	Reactome
R-HSA-195258	RHO GTPase Effectors	1/63	325/11079	0.00307692307692308	0.541098901098901	-0.634986882251571	0.847575750361262	0.862223385101586	0.832194365130065	8379	1	Reactome
R-HSA-373076	Class A/1 (Rhodopsin-like receptors)	1/63	329/11079	0.00303951367781155	0.534520191055145	-0.648161984818454	0.851116754574224	0.862223385101586	0.832194365130065	1813	1	Reactome
R-HSA-195721	Signaling by WNT	1/63	330/11079	0.00303030303030303	0.532900432900433	-0.65143545954243	0.85198927964044	0.862223385101586	0.832194365130065	864	1	Reactome
R-HSA-73894	DNA Repair	1/63	334/11079	0.0029940119760479	0.526518391787853	-0.664449729648196	0.855429337681284	0.863112834726326	0.833052837515023	10973	1	Reactome
R-HSA-983169	Class I MHC mediated antigen processing & presentation	1/63	380/11079	0.00263157894736842	0.462781954887218	-0.805860350199577	0.889755781324993	0.895067756138873	0.863894851310048	64219	1	Reactome
R-HSA-5663202	Diseases of signal transduction by growth factor receptors and second messengers	1/63	464/11079	0.0021551724137931	0.379002463054187	-1.03342237452429	0.933001494903631	0.934966580603656	0.902404102472371	8805	1	Reactome
R-HSA-449147	Signaling by Interleukins	1/63	469/11079	0.00213219616204691	0.374961925068535	-1.04598196068632	0.934966580603656	0.934966580603656	0.902404102472371	4208	1	Reactome
